Name,Description,Coordinates,Hotel Class,Link,Ratings,Reviews,Reviews Breakdown
Cabrillo Inn at the Beach,"Simple quarters, some with ocean views, in a budget hotel offering free breakfast & an outdoor pool.","{'latitude': 34.4173119, 'longitude': -119.67146000000001}",3,http://www.cabrilloinn.com/,"[{'stars': 5, 'count': 207}, {'stars': 4, 'count': 132}, {'stars': 3, 'count': 66}, {'stars': 2, 'count': 27}, {'stars': 1, 'count': 56}]",488,"[{'name': 'Air Conditioning', 'description': 'Air conditioning', 'total_mentioned': 36, 'positive': 5, 'negative': 27, 'neutral': 4}, {'name': 'Fitness', 'description': 'Fitness', 'total_mentioned': 49, 'positive': 34, 'negative': 7, 'neutral': 8}, {'name': 'Nature', 'description': 'Nature and outdoor activities', 'total_mentioned': 106, 'positive': 80, 'negative': 5, 'neutral': 21}, {'name': 'Pool', 'description': 'Pool', 'total_mentioned': 25, 'positive': 21, 'negative': 1, 'neutral': 3}, {'name': 'Beach', 'description': 'Beach', 'total_mentioned': 11, 'positive': 11, 'negative': 0, 'neutral': 0}, {'name': 'Accessibility', 'description': 'Accessibility', 'total_mentioned': 10, 'positive': 3, 'negative': 6, 'neutral': 1}]"
Secret Garden Inn & Cottages,"Individually decorated rooms in a traditional B&B offering breakfast & WiFi, plus a garden.","{'latitude': 34.4272163, 'longitude': -119.71698079999999}",3,http://www.secretgarden.com/,"[{'stars': 5, 'count': 127}, {'stars': 4, 'count': 18}, {'stars': 3, 'count': 10}, {'stars': 2, 'count': 4}, {'stars': 1, 'count': 7}]",166,"[{'name': 'Pets', 'description': 'Pets', 'total_mentioned': 10, 'positive': 4, 'negative': 4, 'neutral': 2}, {'name': 'Breakfast', 'description': 'Breakfast', 'total_mentioned': 72, 'positive': 69, 'negative': 1, 'neutral': 2}, {'name': 'Couples', 'description': 'Couple friendly', 'total_mentioned': 13, 'positive': 11, 'negative': 0, 'neutral': 2}, {'name': 'Restaurant', 'description': 'Restaurant', 'total_mentioned': 42, 'positive': 39, 'negative': 1, 'neutral': 2}, {'name': 'Hot Tub', 'description': 'Hot tub', 'total_mentioned': 10, 'positive': 7, 'negative': 3, 'neutral': 0}, {'name': 'Family', 'description': 'Family friendly', 'total_mentioned': 8, 'positive': 7, 'negative': 1, 'neutral': 0}]"
Montecito Inn,"Chic quarters, a restaurant & a pool in a stylish Spanish-style hotel built by Charlie Chaplin.","{'latitude': 34.4212245, 'longitude': -119.64054329999999}",4,http://www.montecitoinn.com/?utm_source=google&utm_medium=places&utm_campaign=google_places_ms,"[{'stars': 5, 'count': 189}, {'stars': 4, 'count': 79}, {'stars': 3, 'count': 42}, {'stars': 2, 'count': 22}, {'stars': 1, 'count': 35}]",367,"[{'name': 'Fitness', 'description': 'Fitness', 'total_mentioned': 18, 'positive': 11, 'negative': 5, 'neutral': 2}, {'name': 'Property', 'description': 'Property', 'total_mentioned': 142, 'positive': 84, 'negative': 47, 'neutral': 11}, {'name': 'Accessibility', 'description': 'Accessibility', 'total_mentioned': 8, 'positive': 3, 'negative': 5, 'neutral': 0}, {'name': 'Couples', 'description': 'Couple friendly', 'total_mentioned': 5, 'positive': 1, 'negative': 3, 'neutral': 1}, {'name': 'Service', 'description': 'Service', 'total_mentioned': 97, 'positive': 71, 'negative': 22, 'neutral': 4}, {'name': 'Dining', 'description': 'Food and Beverage', 'total_mentioned': 20, 'positive': 16, 'negative': 4, 'neutral': 0}]"
Casa Del Sol Motel,N/A,"{'latitude': 34.3918275, 'longitude': -119.51020179999999}",N/A,https://www.carpinteriamotel.com/,"[{'stars': 5, 'count': 171}, {'stars': 4, 'count': 37}, {'stars': 3, 'count': 15}, {'stars': 2, 'count': 8}, {'stars': 1, 'count': 49}]",280,"[{'name': 'Service', 'description': 'Service', 'total_mentioned': 88, 'positive': 52, 'negative': 33, 'neutral': 3}, {'name': 'Bathroom', 'description': 'Bathroom and toiletries', 'total_mentioned': 47, 'positive': 29, 'negative': 16, 'neutral': 2}, {'name': 'Wellness', 'description': 'Wellness', 'total_mentioned': 10, 'positive': 6, 'negative': 0, 'neutral': 4}, {'name': 'Cleanliness', 'description': 'Cleanliness', 'total_mentioned': 66, 'positive': 48, 'negative': 15, 'neutral': 3}, {'name': 'Sleep', 'description': 'Sleep', 'total_mentioned': 47, 'positive': 20, 'negative': 22, 'neutral': 5}, {'name': 'Pets', 'description': 'Pets', 'total_mentioned': 14, 'positive': 10, 'negative': 3, 'neutral': 1}]"
Best Western Plus Carpinteria Inn,"Down-to-earth hotel offering free WiFi & parking, plus a restaurant & an outdoor pool.","{'latitude': 34.4021207, 'longitude': -119.5259054}",4,https://www.bestwestern.com/en_US/book/hotel-rooms.05425.html?iata=00171880&ssob=BLBWI0004G&cid=BLBWI0004G:google:gmb:05425,"[{'stars': 5, 'count': 578}, {'stars': 4, 'count': 331}, {'stars': 3, 'count': 149}, {'stars': 2, 'count': 67}, {'stars': 1, 'count': 106}]",1231,"[{'name': 'Dining', 'description': 'Food and Beverage', 'total_mentioned': 82, 'positive': 62, 'negative': 17, 'neutral': 3}, {'name': 'Service', 'description': 'Service', 'total_mentioned': 312, 'positive': 214, 'negative': 87, 'neutral': 11}, {'name': 'Bar', 'description': 'Bar or lounge', 'total_mentioned': 55, 'positive': 41, 'negative': 11, 'neutral': 3}, {'name': 'Breakfast', 'description': 'Breakfast', 'total_mentioned': 83, 'positive': 43, 'negative': 25, 'neutral': 15}, {'name': 'Bathroom', 'description': 'Bathroom and toiletries', 'total_mentioned': 118, 'positive': 32, 'negative': 75, 'neutral': 11}, {'name': 'Cleanliness', 'description': 'Cleanliness', 'total_mentioned': 230, 'positive': 176, 'negative': 43, 'neutral': 11}]"
Lavender Inn by the Sea,Individually decorated rooms in a high-end hotel offering an outdoor pool & loaner bikes.,"{'latitude': 34.4102335, 'longitude': -119.69626480000001}",3,https://www.sbhotels.com/lavender-inn-by-the-sea?utm_source=google&utm_medium=organic&utm_campaign=gbp_listing,"[{'stars': 5, 'count': 169}, {'stars': 4, 'count': 75}, {'stars': 3, 'count': 14}, {'stars': 2, 'count': 4}, {'stars': 1, 'count': 11}]",273,"[{'name': 'Fitness', 'description': 'Fitness', 'total_mentioned': 32, 'positive': 28, 'negative': 2, 'neutral': 2}, {'name': 'Bar', 'description': 'Bar or lounge', 'total_mentioned': 51, 'positive': 47, 'negative': 1, 'neutral': 3}, {'name': 'Pool', 'description': 'Pool', 'total_mentioned': 20, 'positive': 18, 'negative': 2, 'neutral': 0}, {'name': 'Breakfast', 'description': 'Breakfast', 'total_mentioned': 59, 'positive': 49, 'negative': 3, 'neutral': 7}, {'name': 'Couples', 'description': 'Couple friendly', 'total_mentioned': 9, 'positive': 9, 'negative': 0, 'neutral': 0}, {'name': 'Restaurant', 'description': 'Restaurant', 'total_mentioned': 30, 'positive': 27, 'negative': 0, 'neutral': 3}]"
"Brisas del Mar, Inn at the Beach","Refined lodging with individually designed rooms & suites, plus free breakfast & loaner bikes.","{'latitude': 34.4099611, 'longitude': -119.6973417}",3,https://www.sbhotels.com/brisas-del-mar-inn-at-the-beach?utm_source=google&utm_medium=organic&utm_campaign=gbp_listing,"[{'stars': 5, 'count': 195}, {'stars': 4, 'count': 46}, {'stars': 3, 'count': 15}, {'stars': 2, 'count': 5}, {'stars': 1, 'count': 7}]",268,"[{'name': 'Fitness', 'description': 'Fitness', 'total_mentioned': 22, 'positive': 19, 'negative': 1, 'neutral': 2}, {'name': 'Hot Tub', 'description': 'Hot tub', 'total_mentioned': 9, 'positive': 9, 'negative': 0, 'neutral': 0}, {'name': 'Nature', 'description': 'Nature and outdoor activities', 'total_mentioned': 45, 'positive': 36, 'negative': 0, 'neutral': 9}, {'name': 'Breakfast', 'description': 'Breakfast', 'total_mentioned': 44, 'positive': 37, 'negative': 4, 'neutral': 3}, {'name': 'Bar', 'description': 'Bar or lounge', 'total_mentioned': 33, 'positive': 31, 'negative': 0, 'neutral': 2}, {'name': 'Spa', 'description': 'Spa', 'total_mentioned': 5, 'positive': 5, 'negative': 0, 'neutral': 0}]"
Hotel Milo Santa Barbara,Colorful rooms in a seaside Spanish Colonial-style lodging with courtyard gardens & 2 outdoor pools.,"{'latitude': 34.4104479, 'longitude': -119.6919908}",3,https://www.hotelmilosantabarbara.com/?utm_source=google%20my%20business&utm_medium=listing&utm_campaign=visit%20website,"[{'stars': 5, 'count': 502}, {'stars': 4, 'count': 235}, {'stars': 3, 'count': 116}, {'stars': 2, 'count': 68}, {'stars': 1, 'count': 99}]",1020,"[{'name': 'Pets', 'description': 'Pets', 'total_mentioned': 37, 'positive': 24, 'negative': 9, 'neutral': 4}, {'name': 'Fitness', 'description': 'Fitness', 'total_mentioned': 70, 'positive': 47, 'negative': 15, 'neutral': 8}, {'name': 'Air Conditioning', 'description': 'Air conditioning', 'total_mentioned': 40, 'positive': 0, 'negative': 32, 'neutral': 8}, {'name': 'Nature', 'description': 'Nature and outdoor activities', 'total_mentioned': 172, 'positive': 141, 'negative': 10, 'neutral': 21}, {'name': 'Couples', 'description': 'Couple friendly', 'total_mentioned': 20, 'positive': 11, 'negative': 5, 'neutral': 4}, {'name': 'Accessibility', 'description': 'Accessibility', 'total_mentioned': 28, 'positive': 6, 'negative': 15, 'neutral': 7}]"
Riviera Beach House,"Contemporary rooms, some with patios, plus a trendy Mexican restaurant, a bar & an art gallery.","{'latitude': 34.4134455, 'longitude': -119.6913587}",3,https://www.rivierabeachhouse.com/?utm_medium=organic&utm_source=google&utm_campaign=business-listing,"[{'stars': 5, 'count': 362}, {'stars': 4, 'count': 144}, {'stars': 3, 'count': 69}, {'stars': 2, 'count': 22}, {'stars': 1, 'count': 24}]",621,"[{'name': 'Pets', 'description': 'Pets', 'total_mentioned': 16, 'positive': 12, 'negative': 4, 'neutral': 0}, {'name': 'Transit', 'description': 'Public transit', 'total_mentioned': 38, 'positive': 26, 'negative': 6, 'neutral': 6}, {'name': 'Accessibility', 'description': 'Accessibility', 'total_mentioned': 21, 'positive': 3, 'negative': 16, 'neutral': 2}, {'name': 'Dining', 'description': 'Food and Beverage', 'total_mentioned': 53, 'positive': 45, 'negative': 3, 'neutral': 5}, {'name': 'Nature', 'description': 'Nature and outdoor activities', 'total_mentioned': 61, 'positive': 51, 'negative': 4, 'neutral': 6}, {'name': 'Nightlife', 'description': 'Nightlife', 'total_mentioned': 11, 'positive': 3, 'negative': 4, 'neutral': 4}]"
Hilton Santa Barbara Beachfront Resort,"Upscale seafront lodging offering polished rooms, grill-style dining & 3 tennis courts, plus a spa.","{'latitude': 34.4167626, 'longitude': -119.67655289999999}",4,https://www.hilton.com/en/hotels/sbafphh-hilton-santa-barbara-beachfront-resort/?SEO_id=GMB-AMER-HH-SBAFPHH&y_source=1_MTM3Mjc4MC03MTUtbG9jYXRpb24ud2Vic2l0ZQ%3D%3D,"[{'stars': 5, 'count': 1727}, {'stars': 4, 'count': 722}, {'stars': 3, 'count': 261}, {'stars': 2, 'count': 153}, {'stars': 1, 'count': 204}]",3067,"[{'name': 'Business', 'description': 'Business', 'total_mentioned': 93, 'positive': 52, 'negative': 17, 'neutral': 24}, {'name': 'Fitness', 'description': 'Fitness', 'total_mentioned': 199, 'positive': 121, 'negative': 62, 'neutral': 16}, {'name': 'Couples', 'description': 'Couple friendly', 'total_mentioned': 69, 'positive': 34, 'negative': 19, 'neutral': 16}, {'name': 'Pets', 'description': 'Pets', 'total_mentioned': 50, 'positive': 31, 'negative': 12, 'neutral': 7}, {'name': 'Nature', 'description': 'Nature and outdoor activities', 'total_mentioned': 376, 'positive': 311, 'negative': 32, 'neutral': 33}, {'name': 'Pool', 'description': 'Pool', 'total_mentioned': 95, 'positive': 74, 'negative': 17, 'neutral': 4}]"
Agave Inn,"Southwestern-inspired hotel offering colorful rooms with free Wi-Fi, flat-screen TVs & minifridges.","{'latitude': 34.4407169, 'longitude': -119.73335159999999}",2,http://www.agaveinnsb.com/,"[{'stars': 5, 'count': 113}, {'stars': 4, 'count': 49}, {'stars': 3, 'count': 15}, {'stars': 2, 'count': 3}, {'stars': 1, 'count': 7}]",187,"[{'name': 'Cleanliness', 'description': 'Cleanliness', 'total_mentioned': 63, 'positive': 61, 'negative': 2, 'neutral': 0}, {'name': 'Property', 'description': 'Property', 'total_mentioned': 79, 'positive': 67, 'negative': 6, 'neutral': 6}, {'name': 'Breakfast', 'description': 'Breakfast', 'total_mentioned': 16, 'positive': 8, 'negative': 4, 'neutral': 4}, {'name': 'Service', 'description': 'Service', 'total_mentioned': 51, 'positive': 47, 'negative': 3, 'neutral': 1}, {'name': 'Kitchen', 'description': 'Kitchen', 'total_mentioned': 11, 'positive': 7, 'negative': 2, 'neutral': 2}, {'name': 'Sleep', 'description': 'Sleep', 'total_mentioned': 28, 'positive': 16, 'negative': 11, 'neutral': 1}]"
Villa Rosa Inn,"Polished rooms in a quaint B&B featuring a lounge hosting social events, plus a pool & hot tub.","{'latitude': 34.4115001, 'longitude': -119.6912473}",3,http://www.villarosainn.com/,"[{'stars': 5, 'count': 394}, {'stars': 4, 'count': 83}, {'stars': 3, 'count': 29}, {'stars': 2, 'count': 24}, {'stars': 1, 'count': 76}]",606,"[{'name': 'Hot Tub', 'description': 'Hot tub', 'total_mentioned': 32, 'positive': 29, 'negative': 1, 'neutral': 2}, {'name': 'Fitness', 'description': 'Fitness', 'total_mentioned': 63, 'positive': 52, 'negative': 7, 'neutral': 4}, {'name': 'Pool', 'description': 'Pool', 'total_mentioned': 37, 'positive': 33, 'negative': 2, 'neutral': 2}, {'name': 'Nature', 'description': 'Nature and outdoor activities', 'total_mentioned': 97, 'positive': 79, 'negative': 4, 'neutral': 14}, {'name': 'Breakfast', 'description': 'Breakfast', 'total_mentioned': 87, 'positive': 60, 'negative': 15, 'neutral': 12}, {'name': 'Pets', 'description': 'Pets', 'total_mentioned': 9, 'positive': 4, 'negative': 5, 'neutral': 0}]"
Lemon Tree Inn,"Midcentury-modern rooms & suites, plus a heated outdoor pool, a hip bar & a polished restaurant.","{'latitude': 34.438553, 'longitude': -119.72542689999999}",3,http://www.treeinns.com/,"[{'stars': 5, 'count': 504}, {'stars': 4, 'count': 352}, {'stars': 3, 'count': 174}, {'stars': 2, 'count': 59}, {'stars': 1, 'count': 73}]",1162,"[{'name': 'Fitness', 'description': 'Fitness', 'total_mentioned': 174, 'positive': 146, 'negative': 13, 'neutral': 15}, {'name': 'Pool', 'description': 'Pool', 'total_mentioned': 110, 'positive': 97, 'negative': 8, 'neutral': 5}, {'name': 'Dining', 'description': 'Food and Beverage', 'total_mentioned': 108, 'positive': 83, 'negative': 17, 'neutral': 8}, {'name': 'Hot Tub', 'description': 'Hot tub', 'total_mentioned': 18, 'positive': 15, 'negative': 1, 'neutral': 2}, {'name': 'Bar', 'description': 'Bar or lounge', 'total_mentioned': 80, 'positive': 70, 'negative': 5, 'neutral': 5}, {'name': 'Bathroom', 'description': 'Bathroom and toiletries', 'total_mentioned': 125, 'positive': 37, 'negative': 73, 'neutral': 15}]"
"West Beach Inn, a Coast Hotel","Bright rooms, some with balconies, in a laid-back hotel offering free breakfast & an outdoor pool.","{'latitude': 34.409071, 'longitude': -119.69339899999999}",3,https://www.coasthotels.com/west-beach-inn-a-coast-hotel,"[{'stars': 5, 'count': 243}, {'stars': 4, 'count': 98}, {'stars': 3, 'count': 28}, {'stars': 2, 'count': 10}, {'stars': 1, 'count': 8}]",387,"[{'name': 'Hot Tub', 'description': 'Hot tub', 'total_mentioned': 21, 'positive': 20, 'negative': 1, 'neutral': 0}, {'name': 'Fitness', 'description': 'Fitness', 'total_mentioned': 49, 'positive': 43, 'negative': 4, 'neutral': 2}, {'name': 'Pool', 'description': 'Pool', 'total_mentioned': 30, 'positive': 28, 'negative': 2, 'neutral': 0}, {'name': 'Nature', 'description': 'Nature and outdoor activities', 'total_mentioned': 70, 'positive': 57, 'negative': 2, 'neutral': 11}, {'name': 'Breakfast', 'description': 'Breakfast', 'total_mentioned': 60, 'positive': 37, 'negative': 15, 'neutral': 8}, {'name': 'Wellness', 'description': 'Wellness', 'total_mentioned': 6, 'positive': 6, 'negative': 0, 'neutral': 0}]"
Courtyard Santa Barbara Goleta,"Modern low-rise hotel offering an outdoor pool, plus a business center & free WiFi.","{'latitude': 34.4245827, 'longitude': -119.87086629999999}",3,https://www.marriott.com/en-us/hotels/sbacy-courtyard-santa-barbara-goleta/overview/?scid=f2ae0541-1279-4f24-b197-a979c79310b0,"[{'stars': 5, 'count': 329}, {'stars': 4, 'count': 160}, {'stars': 3, 'count': 44}, {'stars': 2, 'count': 9}, {'stars': 1, 'count': 13}]",555,"[{'name': 'TV', 'description': 'Room entertainment', 'total_mentioned': 9, 'positive': 4, 'negative': 4, 'neutral': 1}, {'name': 'Hot Tub', 'description': 'Hot tub', 'total_mentioned': 6, 'positive': 5, 'negative': 0, 'neutral': 1}, {'name': 'Gym', 'description': 'Gym', 'total_mentioned': 11, 'positive': 9, 'negative': 0, 'neutral': 2}, {'name': 'Wi-Fi', 'description': 'Wi-Fi', 'total_mentioned': 7, 'positive': 4, 'negative': 3, 'neutral': 0}, {'name': 'Transit', 'description': 'Public transit', 'total_mentioned': 15, 'positive': 12, 'negative': 2, 'neutral': 1}, {'name': 'Restaurant', 'description': 'Restaurant', 'total_mentioned': 17, 'positive': 6, 'negative': 8, 'neutral': 3}]"
Harbor View Inn,"Contemporary, stylish rooms & suites with views, plus a pool, spa & varied dining options.","{'latitude': 34.411938899999996, 'longitude': -119.6902056}",4,http://www.harborviewinnsb.com/,"[{'stars': 5, 'count': 453}, {'stars': 4, 'count': 171}, {'stars': 3, 'count': 38}, {'stars': 2, 'count': 18}, {'stars': 1, 'count': 39}]",719,"[{'name': 'Fitness', 'description': 'Fitness', 'total_mentioned': 65, 'positive': 48, 'negative': 13, 'neutral': 4}, {'name': 'Nature', 'description': 'Nature and outdoor activities', 'total_mentioned': 108, 'positive': 90, 'negative': 7, 'neutral': 11}, {'name': 'Pool', 'description': 'Pool', 'total_mentioned': 38, 'positive': 35, 'negative': 3, 'neutral': 0}, {'name': 'Hot Tub', 'description': 'Hot tub', 'total_mentioned': 16, 'positive': 14, 'negative': 1, 'neutral': 1}, {'name': 'Beach', 'description': 'Beach', 'total_mentioned': 16, 'positive': 15, 'negative': 0, 'neutral': 1}, {'name': 'Couples', 'description': 'Couple friendly', 'total_mentioned': 13, 'positive': 10, 'negative': 2, 'neutral': 1}]"
Pacific Crest Hotel,"Airy rooms & suites, some with ocean views, in a low-key hotel with free breakfast & a pool.","{'latitude': 34.418201499999995, 'longitude': -119.6713857}",3,https://pacificcresthotel.com/,"[{'stars': 5, 'count': 77}, {'stars': 4, 'count': 19}, {'stars': 3, 'count': 8}, {'stars': 2, 'count': 3}, {'stars': 1, 'count': 17}]",124,"[{'name': 'Fitness', 'description': 'Fitness', 'total_mentioned': 15, 'positive': 14, 'negative': 1, 'neutral': 0}, {'name': 'Pool', 'description': 'Pool', 'total_mentioned': 9, 'positive': 9, 'negative': 0, 'neutral': 0}, {'name': 'Nature', 'description': 'Nature and outdoor activities', 'total_mentioned': 22, 'positive': 15, 'negative': 1, 'neutral': 6}, {'name': 'Family', 'description': 'Family friendly', 'total_mentioned': 9, 'positive': 7, 'negative': 2, 'neutral': 0}, {'name': 'Service', 'description': 'Service', 'total_mentioned': 52, 'positive': 42, 'negative': 10, 'neutral': 0}, {'name': 'Property', 'description': 'Property', 'total_mentioned': 70, 'positive': 50, 'negative': 17, 'neutral': 3}]"
Kimpton Canary Hotel,"Stylish rooms & suites, plus a rooftop pool & free perks including bikes & an evening wine hour.","{'latitude': 34.4204398, 'longitude': -119.70265329999998}",4,https://www.canarysantabarbara.com/?&cm_mmc=WEB-_-KI-_-AMER-_-EN-_-EV-_-Google%20Business%20Profile-_-DD-_-canary,"[{'stars': 5, 'count': 434}, {'stars': 4, 'count': 116}, {'stars': 3, 'count': 44}, {'stars': 2, 'count': 23}, {'stars': 1, 'count': 16}]",633,"[{'name': 'Pets', 'description': 'Pets', 'total_mentioned': 31, 'positive': 26, 'negative': 4, 'neutral': 1}, {'name': 'Couples', 'description': 'Couple friendly', 'total_mentioned': 35, 'positive': 24, 'negative': 5, 'neutral': 6}, {'name': 'Fitness', 'description': 'Fitness', 'total_mentioned': 74, 'positive': 60, 'negative': 11, 'neutral': 3}, {'name': 'Pool', 'description': 'Pool', 'total_mentioned': 49, 'positive': 43, 'negative': 4, 'neutral': 2}, {'name': 'Bar', 'description': 'Bar or lounge', 'total_mentioned': 71, 'positive': 51, 'negative': 11, 'neutral': 9}, {'name': 'Dining', 'description': 'Food and Beverage', 'total_mentioned': 66, 'positive': 49, 'negative': 8, 'neutral': 9}]"
