Name,Description,Coordinates,Hotel Class,Link,Ratings,Reviews,Reviews Breakdown
Casa Del Sol Motel,N/A,"{'latitude': 34.3918275, 'longitude': -119.51020179999999}",N/A,https://www.carpinteriamotel.com/,"[{'stars': 5, 'count': 171}, {'stars': 4, 'count': 37}, {'stars': 3, 'count': 15}, {'stars': 2, 'count': 8}, {'stars': 1, 'count': 49}]",280,"[{'name': 'Service', 'description': 'Service', 'total_mentioned': 88, 'positive': 52, 'negative': 33, 'neutral': 3}, {'name': 'Bathroom', 'description': 'Bathroom and toiletries', 'total_mentioned': 47, 'positive': 29, 'negative': 16, 'neutral': 2}, {'name': 'Wellness', 'description': 'Wellness', 'total_mentioned': 10, 'positive': 6, 'negative': 0, 'neutral': 4}, {'name': 'Cleanliness', 'description': 'Cleanliness', 'total_mentioned': 66, 'positive': 48, 'negative': 15, 'neutral': 3}, {'name': 'Sleep', 'description': 'Sleep', 'total_mentioned': 47, 'positive': 20, 'negative': 22, 'neutral': 5}, {'name': 'Pets', 'description': 'Pets', 'total_mentioned': 14, 'positive': 10, 'negative': 3, 'neutral': 1}]"
Best Western Plus Carpinteria Inn,"Down-to-earth hotel offering free WiFi & parking, plus a restaurant & an outdoor pool.","{'latitude': 34.4021207, 'longitude': -119.5259054}",4,https://www.bestwestern.com/en_US/book/hotel-rooms.05425.html?iata=00171880&ssob=BLBWI0004G&cid=BLBWI0004G:google:gmb:05425,"[{'stars': 5, 'count': 578}, {'stars': 4, 'count': 331}, {'stars': 3, 'count': 149}, {'stars': 2, 'count': 67}, {'stars': 1, 'count': 106}]",1231,"[{'name': 'Dining', 'description': 'Food and Beverage', 'total_mentioned': 82, 'positive': 62, 'negative': 17, 'neutral': 3}, {'name': 'Service', 'description': 'Service', 'total_mentioned': 312, 'positive': 214, 'negative': 87, 'neutral': 11}, {'name': 'Bar', 'description': 'Bar or lounge', 'total_mentioned': 55, 'positive': 41, 'negative': 11, 'neutral': 3}, {'name': 'Breakfast', 'description': 'Breakfast', 'total_mentioned': 83, 'positive': 43, 'negative': 25, 'neutral': 15}, {'name': 'Bathroom', 'description': 'Bathroom and toiletries', 'total_mentioned': 118, 'positive': 32, 'negative': 75, 'neutral': 11}, {'name': 'Cleanliness', 'description': 'Cleanliness', 'total_mentioned': 230, 'positive': 176, 'negative': 43, 'neutral': 11}]"
Cabrillo Inn at the Beach,"Simple quarters, some with ocean views, in a budget hotel offering free breakfast & an outdoor pool.","{'latitude': 34.4173119, 'longitude': -119.67146000000001}",3,http://www.cabrilloinn.com/,"[{'stars': 5, 'count': 207}, {'stars': 4, 'count': 132}, {'stars': 3, 'count': 66}, {'stars': 2, 'count': 27}, {'stars': 1, 'count': 56}]",488,"[{'name': 'Air Conditioning', 'description': 'Air conditioning', 'total_mentioned': 36, 'positive': 5, 'negative': 27, 'neutral': 4}, {'name': 'Fitness', 'description': 'Fitness', 'total_mentioned': 49, 'positive': 34, 'negative': 7, 'neutral': 8}, {'name': 'Nature', 'description': 'Nature and outdoor activities', 'total_mentioned': 106, 'positive': 80, 'negative': 5, 'neutral': 21}, {'name': 'Pool', 'description': 'Pool', 'total_mentioned': 25, 'positive': 21, 'negative': 1, 'neutral': 3}, {'name': 'Beach', 'description': 'Beach', 'total_mentioned': 11, 'positive': 11, 'negative': 0, 'neutral': 0}, {'name': 'Accessibility', 'description': 'Accessibility', 'total_mentioned': 10, 'positive': 3, 'negative': 6, 'neutral': 1}]"
Cliff House Inn On the Ocean,"Cozy rooms in an oceanfront hotel offering a pool, a private beach & an upscale restaurant.","{'latitude': 34.3558477, 'longitude': -119.44010849999998}",3,http://www.cliffhouseinn.com/,"[{'stars': 5, 'count': 414}, {'stars': 4, 'count': 140}, {'stars': 3, 'count': 62}, {'stars': 2, 'count': 35}, {'stars': 1, 'count': 40}]",691,"[{'name': 'Nature', 'description': 'Nature and outdoor activities', 'total_mentioned': 113, 'positive': 91, 'negative': 16, 'neutral': 6}, {'name': 'Dining', 'description': 'Food and Beverage', 'total_mentioned': 104, 'positive': 80, 'negative': 13, 'neutral': 11}, {'name': 'Service', 'description': 'Service', 'total_mentioned': 128, 'positive': 91, 'negative': 29, 'neutral': 8}, {'name': 'Parking', 'description': 'Parking', 'total_mentioned': 11, 'positive': 1, 'negative': 8, 'neutral': 2}, {'name': 'Accessibility', 'description': 'Accessibility', 'total_mentioned': 15, 'positive': 2, 'negative': 10, 'neutral': 3}, {'name': 'Bathroom', 'description': 'Bathroom and toiletries', 'total_mentioned': 47, 'positive': 9, 'negative': 33, 'neutral': 5}]"
Secret Garden Inn & Cottages,"Individually decorated rooms in a traditional B&B offering breakfast & WiFi, plus a garden.","{'latitude': 34.4272163, 'longitude': -119.71698079999999}",3,http://www.secretgarden.com/,"[{'stars': 5, 'count': 127}, {'stars': 4, 'count': 18}, {'stars': 3, 'count': 10}, {'stars': 2, 'count': 4}, {'stars': 1, 'count': 7}]",166,"[{'name': 'Pets', 'description': 'Pets', 'total_mentioned': 10, 'positive': 4, 'negative': 4, 'neutral': 2}, {'name': 'Breakfast', 'description': 'Breakfast', 'total_mentioned': 72, 'positive': 69, 'negative': 1, 'neutral': 2}, {'name': 'Couples', 'description': 'Couple friendly', 'total_mentioned': 13, 'positive': 11, 'negative': 0, 'neutral': 2}, {'name': 'Restaurant', 'description': 'Restaurant', 'total_mentioned': 42, 'positive': 39, 'negative': 1, 'neutral': 2}, {'name': 'Hot Tub', 'description': 'Hot tub', 'total_mentioned': 10, 'positive': 7, 'negative': 3, 'neutral': 0}, {'name': 'Family', 'description': 'Family friendly', 'total_mentioned': 8, 'positive': 7, 'negative': 1, 'neutral': 0}]"
"Holiday Inn Express & Suites Carpinteria, an IHG Hotel","Contemporary hotel offering free WiFi, breakfast & parking, plus a fitness center & outdoor pool.","{'latitude': 34.392407999999996, 'longitude': -119.50950399999999}",3,https://www.ihg.com/holidayinnexpress/hotels/us/en/carpinteria/cpyca/hoteldetail?cm_mmc=GoogleMaps-_-EX-_-US-_-CPYCA,"[{'stars': 5, 'count': 361}, {'stars': 4, 'count': 195}, {'stars': 3, 'count': 59}, {'stars': 2, 'count': 24}, {'stars': 1, 'count': 25}]",664,"[{'name': 'Breakfast', 'description': 'Breakfast', 'total_mentioned': 134, 'positive': 97, 'negative': 19, 'neutral': 18}, {'name': 'Restaurant', 'description': 'Restaurant', 'total_mentioned': 64, 'positive': 47, 'negative': 10, 'neutral': 7}, {'name': 'Fitness', 'description': 'Fitness', 'total_mentioned': 47, 'positive': 41, 'negative': 4, 'neutral': 2}, {'name': 'Cleanliness', 'description': 'Cleanliness', 'total_mentioned': 162, 'positive': 137, 'negative': 18, 'neutral': 7}, {'name': 'Service', 'description': 'Service', 'total_mentioned': 146, 'positive': 111, 'negative': 32, 'neutral': 3}, {'name': 'Bathroom', 'description': 'Bathroom and toiletries', 'total_mentioned': 46, 'positive': 21, 'negative': 22, 'neutral': 3}]"
The Pierpont Inn,"Warmly decorated quarters in a casual hotel offering ocean views, an outdoor pool & a restaurant.","{'latitude': 34.2735078, 'longitude': -119.28324070000001}",3,https://www.pierpontinn.com/,"[{'stars': 5, 'count': 382}, {'stars': 4, 'count': 219}, {'stars': 3, 'count': 88}, {'stars': 2, 'count': 43}, {'stars': 1, 'count': 103}]",835,"[{'name': 'Couples', 'description': 'Couple friendly', 'total_mentioned': 31, 'positive': 18, 'negative': 7, 'neutral': 6}, {'name': 'Nature', 'description': 'Nature and outdoor activities', 'total_mentioned': 122, 'positive': 103, 'negative': 8, 'neutral': 11}, {'name': 'Breakfast', 'description': 'Breakfast', 'total_mentioned': 57, 'positive': 34, 'negative': 18, 'neutral': 5}, {'name': 'Property', 'description': 'Property', 'total_mentioned': 297, 'positive': 177, 'negative': 90, 'neutral': 30}, {'name': 'Sleep', 'description': 'Sleep', 'total_mentioned': 134, 'positive': 58, 'negative': 57, 'neutral': 19}, {'name': 'Fitness', 'description': 'Fitness', 'total_mentioned': 44, 'positive': 30, 'negative': 9, 'neutral': 5}]"
Agave Inn,"Southwestern-inspired hotel offering colorful rooms with free Wi-Fi, flat-screen TVs & minifridges.","{'latitude': 34.4407169, 'longitude': -119.73335159999999}",2,http://www.agaveinnsb.com/,"[{'stars': 5, 'count': 113}, {'stars': 4, 'count': 49}, {'stars': 3, 'count': 15}, {'stars': 2, 'count': 3}, {'stars': 1, 'count': 7}]",187,"[{'name': 'Cleanliness', 'description': 'Cleanliness', 'total_mentioned': 63, 'positive': 61, 'negative': 2, 'neutral': 0}, {'name': 'Property', 'description': 'Property', 'total_mentioned': 79, 'positive': 67, 'negative': 6, 'neutral': 6}, {'name': 'Breakfast', 'description': 'Breakfast', 'total_mentioned': 16, 'positive': 8, 'negative': 4, 'neutral': 4}, {'name': 'Service', 'description': 'Service', 'total_mentioned': 51, 'positive': 47, 'negative': 3, 'neutral': 1}, {'name': 'Kitchen', 'description': 'Kitchen', 'total_mentioned': 11, 'positive': 7, 'negative': 2, 'neutral': 2}, {'name': 'Sleep', 'description': 'Sleep', 'total_mentioned': 28, 'positive': 16, 'negative': 11, 'neutral': 1}]"
Inn At East Beach,"Airy rooms & suites with 1950s-style decor & a pool, plus free Wi-Fi & continental breakfast.","{'latitude': 34.4180492, 'longitude': -119.66987590000001}",2,http://www.innateastbeach.com/,"[{'stars': 5, 'count': 206}, {'stars': 4, 'count': 122}, {'stars': 3, 'count': 46}, {'stars': 2, 'count': 17}, {'stars': 1, 'count': 46}]",437,"[{'name': 'Air Conditioning', 'description': 'Air conditioning', 'total_mentioned': 24, 'positive': 5, 'negative': 17, 'neutral': 2}, {'name': 'Nature', 'description': 'Nature and outdoor activities', 'total_mentioned': 86, 'positive': 71, 'negative': 5, 'neutral': 10}, {'name': 'Fitness', 'description': 'Fitness', 'total_mentioned': 29, 'positive': 18, 'negative': 8, 'neutral': 3}, {'name': 'Wi-Fi', 'description': 'Wi-Fi', 'total_mentioned': 13, 'positive': 6, 'negative': 6, 'neutral': 1}, {'name': 'Breakfast', 'description': 'Breakfast', 'total_mentioned': 60, 'positive': 39, 'negative': 17, 'neutral': 4}, {'name': 'Pets', 'description': 'Pets', 'total_mentioned': 8, 'positive': 5, 'negative': 2, 'neutral': 1}]"
Lemon Tree Inn,"Midcentury-modern rooms & suites, plus a heated outdoor pool, a hip bar & a polished restaurant.","{'latitude': 34.438553, 'longitude': -119.72542689999999}",3,http://www.treeinns.com/,"[{'stars': 5, 'count': 504}, {'stars': 4, 'count': 352}, {'stars': 3, 'count': 174}, {'stars': 2, 'count': 59}, {'stars': 1, 'count': 73}]",1162,"[{'name': 'Fitness', 'description': 'Fitness', 'total_mentioned': 174, 'positive': 146, 'negative': 13, 'neutral': 15}, {'name': 'Pool', 'description': 'Pool', 'total_mentioned': 110, 'positive': 97, 'negative': 8, 'neutral': 5}, {'name': 'Dining', 'description': 'Food and Beverage', 'total_mentioned': 108, 'positive': 83, 'negative': 17, 'neutral': 8}, {'name': 'Hot Tub', 'description': 'Hot tub', 'total_mentioned': 18, 'positive': 15, 'negative': 1, 'neutral': 2}, {'name': 'Bar', 'description': 'Bar or lounge', 'total_mentioned': 80, 'positive': 70, 'negative': 5, 'neutral': 5}, {'name': 'Bathroom', 'description': 'Bathroom and toiletries', 'total_mentioned': 125, 'positive': 37, 'negative': 73, 'neutral': 15}]"
Montecito Inn,"Chic quarters, a restaurant & a pool in a stylish Spanish-style hotel built by Charlie Chaplin.","{'latitude': 34.4212245, 'longitude': -119.64054329999999}",4,http://www.montecitoinn.com/?utm_source=google&utm_medium=places&utm_campaign=google_places_ms,"[{'stars': 5, 'count': 189}, {'stars': 4, 'count': 79}, {'stars': 3, 'count': 42}, {'stars': 2, 'count': 22}, {'stars': 1, 'count': 35}]",367,"[{'name': 'Fitness', 'description': 'Fitness', 'total_mentioned': 18, 'positive': 11, 'negative': 5, 'neutral': 2}, {'name': 'Property', 'description': 'Property', 'total_mentioned': 142, 'positive': 84, 'negative': 47, 'neutral': 11}, {'name': 'Accessibility', 'description': 'Accessibility', 'total_mentioned': 8, 'positive': 3, 'negative': 5, 'neutral': 0}, {'name': 'Couples', 'description': 'Couple friendly', 'total_mentioned': 5, 'positive': 1, 'negative': 3, 'neutral': 1}, {'name': 'Service', 'description': 'Service', 'total_mentioned': 97, 'positive': 71, 'negative': 22, 'neutral': 4}, {'name': 'Dining', 'description': 'Food and Beverage', 'total_mentioned': 20, 'positive': 16, 'negative': 4, 'neutral': 0}]"
Pacific Crest Hotel,"Airy rooms & suites, some with ocean views, in a low-key hotel with free breakfast & a pool.","{'latitude': 34.418201499999995, 'longitude': -119.6713857}",3,https://pacificcresthotel.com/,"[{'stars': 5, 'count': 77}, {'stars': 4, 'count': 19}, {'stars': 3, 'count': 8}, {'stars': 2, 'count': 3}, {'stars': 1, 'count': 17}]",124,"[{'name': 'Fitness', 'description': 'Fitness', 'total_mentioned': 15, 'positive': 14, 'negative': 1, 'neutral': 0}, {'name': 'Pool', 'description': 'Pool', 'total_mentioned': 9, 'positive': 9, 'negative': 0, 'neutral': 0}, {'name': 'Nature', 'description': 'Nature and outdoor activities', 'total_mentioned': 22, 'positive': 15, 'negative': 1, 'neutral': 6}, {'name': 'Family', 'description': 'Family friendly', 'total_mentioned': 9, 'positive': 7, 'negative': 2, 'neutral': 0}, {'name': 'Service', 'description': 'Service', 'total_mentioned': 52, 'positive': 42, 'negative': 10, 'neutral': 0}, {'name': 'Property', 'description': 'Property', 'total_mentioned': 70, 'positive': 50, 'negative': 17, 'neutral': 3}]"
"West Beach Inn, a Coast Hotel","Bright rooms, some with balconies, in a laid-back hotel offering free breakfast & an outdoor pool.","{'latitude': 34.409071, 'longitude': -119.69339899999999}",3,https://www.coasthotels.com/west-beach-inn-a-coast-hotel,"[{'stars': 5, 'count': 243}, {'stars': 4, 'count': 98}, {'stars': 3, 'count': 28}, {'stars': 2, 'count': 10}, {'stars': 1, 'count': 8}]",387,"[{'name': 'Hot Tub', 'description': 'Hot tub', 'total_mentioned': 21, 'positive': 20, 'negative': 1, 'neutral': 0}, {'name': 'Fitness', 'description': 'Fitness', 'total_mentioned': 49, 'positive': 43, 'negative': 4, 'neutral': 2}, {'name': 'Pool', 'description': 'Pool', 'total_mentioned': 30, 'positive': 28, 'negative': 2, 'neutral': 0}, {'name': 'Nature', 'description': 'Nature and outdoor activities', 'total_mentioned': 70, 'positive': 57, 'negative': 2, 'neutral': 11}, {'name': 'Breakfast', 'description': 'Breakfast', 'total_mentioned': 60, 'positive': 37, 'negative': 15, 'neutral': 8}, {'name': 'Wellness', 'description': 'Wellness', 'total_mentioned': 6, 'positive': 6, 'negative': 0, 'neutral': 0}]"
Inn on Summer Hill,"Polished seaside B&B with elegant rooms & suites, plus gourmet breakfast & free wine.","{'latitude': 34.4196928, 'longitude': -119.59340379999999}",4,http://www.innonsummerhill.com/,"[{'stars': 5, 'count': 53}, {'stars': 4, 'count': 11}, {'stars': 3, 'count': 6}, {'stars': 2, 'count': 3}, {'stars': 1, 'count': 6}]",79,"[{'name': 'Restaurant', 'description': 'Restaurant', 'total_mentioned': 11, 'positive': 9, 'negative': 1, 'neutral': 1}, {'name': 'Nature', 'description': 'Nature and outdoor activities', 'total_mentioned': 11, 'positive': 8, 'negative': 2, 'neutral': 1}, {'name': 'Dining', 'description': 'Food and Beverage', 'total_mentioned': 5, 'positive': 4, 'negative': 1, 'neutral': 0}, {'name': 'Sleep', 'description': 'Sleep', 'total_mentioned': 19, 'positive': 10, 'negative': 4, 'neutral': 5}, {'name': 'Service', 'description': 'Service', 'total_mentioned': 23, 'positive': 16, 'negative': 5, 'neutral': 2}, {'name': 'Property', 'description': 'Property', 'total_mentioned': 23, 'positive': 14, 'negative': 6, 'neutral': 3}]"
"Brisas del Mar, Inn at the Beach","Refined lodging with individually designed rooms & suites, plus free breakfast & loaner bikes.","{'latitude': 34.4099611, 'longitude': -119.6973417}",3,https://www.sbhotels.com/brisas-del-mar-inn-at-the-beach?utm_source=google&utm_medium=organic&utm_campaign=gbp_listing,"[{'stars': 5, 'count': 195}, {'stars': 4, 'count': 46}, {'stars': 3, 'count': 15}, {'stars': 2, 'count': 5}, {'stars': 1, 'count': 7}]",268,"[{'name': 'Fitness', 'description': 'Fitness', 'total_mentioned': 22, 'positive': 19, 'negative': 1, 'neutral': 2}, {'name': 'Hot Tub', 'description': 'Hot tub', 'total_mentioned': 9, 'positive': 9, 'negative': 0, 'neutral': 0}, {'name': 'Nature', 'description': 'Nature and outdoor activities', 'total_mentioned': 45, 'positive': 36, 'negative': 0, 'neutral': 9}, {'name': 'Breakfast', 'description': 'Breakfast', 'total_mentioned': 44, 'positive': 37, 'negative': 4, 'neutral': 3}, {'name': 'Bar', 'description': 'Bar or lounge', 'total_mentioned': 33, 'positive': 31, 'negative': 0, 'neutral': 2}, {'name': 'Spa', 'description': 'Spa', 'total_mentioned': 5, 'positive': 5, 'negative': 0, 'neutral': 0}]"
"Amanzi Hotel, Ascend Hotel Collection","Relaxed hotel with an outdoor pool & a whirlpool tub, plus free breakfast, Wi-Fi & parking.","{'latitude': 34.2775466, 'longitude': -119.29080729999998}",N/A,https://www.choicehotels.com/california/ventura/ascend-hotels/caf92,"[{'stars': 5, 'count': 394}, {'stars': 4, 'count': 266}, {'stars': 3, 'count': 128}, {'stars': 2, 'count': 44}, {'stars': 1, 'count': 62}]",894,"[{'name': 'Breakfast', 'description': 'Breakfast', 'total_mentioned': 182, 'positive': 144, 'negative': 24, 'neutral': 14}, {'name': 'Restaurant', 'description': 'Restaurant', 'total_mentioned': 103, 'positive': 84, 'negative': 12, 'neutral': 7}, {'name': 'Sleep', 'description': 'Sleep', 'total_mentioned': 129, 'positive': 48, 'negative': 59, 'neutral': 22}, {'name': 'Location', 'description': 'Location', 'total_mentioned': 165, 'positive': 133, 'negative': 15, 'neutral': 17}, {'name': 'Property', 'description': 'Property', 'total_mentioned': 288, 'positive': 220, 'negative': 40, 'neutral': 28}, {'name': 'Fitness', 'description': 'Fitness', 'total_mentioned': 42, 'positive': 15, 'negative': 21, 'neutral': 6}]"
Villa Rosa Inn,"Polished rooms in a quaint B&B featuring a lounge hosting social events, plus a pool & hot tub.","{'latitude': 34.4115001, 'longitude': -119.6912473}",3,http://www.villarosainn.com/,"[{'stars': 5, 'count': 394}, {'stars': 4, 'count': 83}, {'stars': 3, 'count': 29}, {'stars': 2, 'count': 24}, {'stars': 1, 'count': 76}]",606,"[{'name': 'Hot Tub', 'description': 'Hot tub', 'total_mentioned': 32, 'positive': 29, 'negative': 1, 'neutral': 2}, {'name': 'Fitness', 'description': 'Fitness', 'total_mentioned': 63, 'positive': 52, 'negative': 7, 'neutral': 4}, {'name': 'Pool', 'description': 'Pool', 'total_mentioned': 37, 'positive': 33, 'negative': 2, 'neutral': 2}, {'name': 'Nature', 'description': 'Nature and outdoor activities', 'total_mentioned': 97, 'positive': 79, 'negative': 4, 'neutral': 14}, {'name': 'Breakfast', 'description': 'Breakfast', 'total_mentioned': 87, 'positive': 60, 'negative': 15, 'neutral': 12}, {'name': 'Pets', 'description': 'Pets', 'total_mentioned': 9, 'positive': 4, 'negative': 5, 'neutral': 0}]"
"Motel 6 Santa Barbara, CA - Beach","Modern budget property with an outdoor pool, coin laundry & free morning coffee.","{'latitude': 34.4180645, 'longitude': -119.6709324}",2,https://www.motel6.com/en/home/motels.ca.santa-barbara.9614.html?lid=Local_Milestone_1&travelAgentNumber=TA001305&corporatePlusNumber=CP792N5W&utm_source=google%20my%20business&utm_medium=listing&utm_campaign=visit%20website,"[{'stars': 5, 'count': 494}, {'stars': 4, 'count': 287}, {'stars': 3, 'count': 160}, {'stars': 2, 'count': 75}, {'stars': 1, 'count': 80}]",1096,"[{'name': 'Pets', 'description': 'Pets', 'total_mentioned': 42, 'positive': 31, 'negative': 5, 'neutral': 6}, {'name': 'Nature', 'description': 'Nature and outdoor activities', 'total_mentioned': 217, 'positive': 171, 'negative': 24, 'neutral': 22}, {'name': 'Wi-Fi', 'description': 'Wi-Fi', 'total_mentioned': 39, 'positive': 7, 'negative': 23, 'neutral': 9}, {'name': 'Fitness', 'description': 'Fitness', 'total_mentioned': 54, 'positive': 31, 'negative': 17, 'neutral': 6}, {'name': 'Beach', 'description': 'Beach', 'total_mentioned': 22, 'positive': 21, 'negative': 0, 'neutral': 1}, {'name': 'Air Conditioning', 'description': 'Air conditioning', 'total_mentioned': 21, 'positive': 6, 'negative': 12, 'neutral': 3}]"
