Name,Description,Coordinates,Hotel Class,Link,Ratings,Reviews,Reviews Breakdown
Hotel SoJo,N/A,"{'latitude': 40.818951999999996, 'longitude': -73.9791309}",N/A,https://www.sojospaclub.com/hotel/,"[{'stars': 5, 'count': 20}, {'stars': 4, 'count': 4}, {'stars': 3, 'count': 1}, {'stars': 2, 'count': 1}, {'stars': 1, 'count': 4}]",30,"[{'name': 'Wellness', 'description': 'Wellness', 'total_mentioned': 7, 'positive': 6, 'negative': 1, 'neutral': 0}, {'name': 'Spa', 'description': 'Spa', 'total_mentioned': 7, 'positive': 6, 'negative': 1, 'neutral': 0}, {'name': 'Property', 'description': 'Property', 'total_mentioned': 5, 'positive': 4, 'negative': 0, 'neutral': 1}]"
"The Surrey, A Corinthia Hotel","Famed 1926 lodging with contemporary rooms & a gym, plus a luxe spa & a Daniel Boulud eatery.","{'latitude': 40.7745247, 'longitude': -73.9639955}",5,https://www.corinthia.com/en-gb/the-surrey/,"[{'stars': 5, 'count': 207}, {'stars': 4, 'count': 49}, {'stars': 3, 'count': 21}, {'stars': 2, 'count': 12}, {'stars': 1, 'count': 17}]",306,"[{'name': 'Wellness', 'description': 'Wellness', 'total_mentioned': 5, 'positive': 5, 'negative': 0, 'neutral': 0}, {'name': 'Bar', 'description': 'Bar or lounge', 'total_mentioned': 26, 'positive': 20, 'negative': 4, 'neutral': 2}, {'name': 'Service', 'description': 'Service', 'total_mentioned': 66, 'positive': 52, 'negative': 12, 'neutral': 2}, {'name': 'Property', 'description': 'Property', 'total_mentioned': 71, 'positive': 57, 'negative': 9, 'neutral': 5}, {'name': 'Dining', 'description': 'Food and Beverage', 'total_mentioned': 23, 'positive': 16, 'negative': 5, 'neutral': 2}, {'name': 'Location', 'description': 'Location', 'total_mentioned': 36, 'positive': 30, 'negative': 4, 'neutral': 2}]"
"Envue, Autograph Collection",Fashionable riverside hotel featuring a hip rooftop bar/restaurant with Manhattan skyline views.,"{'latitude': 40.7772674, 'longitude': -74.0111632}",4,https://www.marriott.com/en-us/hotels/lgaaw-envue-autograph-collection/overview/?scid=f2ae0541-1279-4f24-b197-a979c79310b0,"[{'stars': 5, 'count': 572}, {'stars': 4, 'count': 125}, {'stars': 3, 'count': 62}, {'stars': 2, 'count': 48}, {'stars': 1, 'count': 129}]",936,"[{'name': 'Pool', 'description': 'Pool', 'total_mentioned': 11, 'positive': 8, 'negative': 3, 'neutral': 0}, {'name': 'Service', 'description': 'Service', 'total_mentioned': 308, 'positive': 156, 'negative': 138, 'neutral': 14}, {'name': 'Property', 'description': 'Property', 'total_mentioned': 265, 'positive': 182, 'negative': 67, 'neutral': 16}, {'name': 'Room', 'description': 'Room amenities', 'total_mentioned': 199, 'positive': 125, 'negative': 55, 'neutral': 19}, {'name': 'Cleanliness', 'description': 'Cleanliness', 'total_mentioned': 121, 'positive': 78, 'negative': 38, 'neutral': 5}, {'name': 'Location', 'description': 'Location', 'total_mentioned': 126, 'positive': 99, 'negative': 19, 'neutral': 8}]"
The Chatwal - The Unbound Collection by Hyatt,Luxe rooms & suites with butler services in a swanky hotel featuring a spa & a chic restaurant/bar.,"{'latitude': 40.756518299999996, 'longitude': -73.9846017}",5,https://www.hyatt.com/en-US/hotel/new-york/the-chatwal/nycuc??src=corp_lclb_google_seo_nycuc&?utm_source=google&utm_medium=organic&utm_campaign=lmr,"[{'stars': 5, 'count': 264}, {'stars': 4, 'count': 42}, {'stars': 3, 'count': 14}, {'stars': 2, 'count': 5}, {'stars': 1, 'count': 17}]",342,"[{'name': 'Wellness', 'description': 'Wellness', 'total_mentioned': 10, 'positive': 6, 'negative': 3, 'neutral': 1}, {'name': 'Spa', 'description': 'Spa', 'total_mentioned': 7, 'positive': 4, 'negative': 3, 'neutral': 0}, {'name': 'Service', 'description': 'Service', 'total_mentioned': 121, 'positive': 105, 'negative': 14, 'neutral': 2}, {'name': 'Fitness', 'description': 'Fitness', 'total_mentioned': 14, 'positive': 9, 'negative': 4, 'neutral': 1}, {'name': 'Bar', 'description': 'Bar or lounge', 'total_mentioned': 30, 'positive': 27, 'negative': 1, 'neutral': 2}, {'name': 'Property', 'description': 'Property', 'total_mentioned': 129, 'positive': 108, 'negative': 17, 'neutral': 4}]"
Pestana Park Avenue,"Cozy, warmly decorated rooms in a laid-back hotel offering Wi-Fi & parking.","{'latitude': 40.7509197, 'longitude': -73.9800468}",N/A,https://www.pestana.com/en/hotel/pestana-park-avenue?utm_campaign=pestana-park-avenue-partoo&utm_medium=organicsearch,"[{'stars': 5, 'count': 387}, {'stars': 4, 'count': 45}, {'stars': 3, 'count': 15}, {'stars': 2, 'count': 5}, {'stars': 1, 'count': 6}]",458,"[{'name': 'Location', 'description': 'Location', 'total_mentioned': 214, 'positive': 203, 'negative': 1, 'neutral': 10}, {'name': 'Service', 'description': 'Service', 'total_mentioned': 259, 'positive': 248, 'negative': 6, 'neutral': 5}, {'name': 'Breakfast', 'description': 'Breakfast', 'total_mentioned': 74, 'positive': 56, 'negative': 8, 'neutral': 10}, {'name': 'Room', 'description': 'Room amenities', 'total_mentioned': 100, 'positive': 79, 'negative': 9, 'neutral': 12}, {'name': 'Property', 'description': 'Property', 'total_mentioned': 244, 'positive': 210, 'negative': 12, 'neutral': 22}, {'name': 'Sleep', 'description': 'Sleep', 'total_mentioned': 90, 'positive': 66, 'negative': 8, 'neutral': 16}]"
AKA Sutton Place,"Trendy apartments in a contemporary hotel featuring a sleek bar, a 24-hour gym & an indoor pool.","{'latitude': 40.7579627, 'longitude': -73.9645773}",4,http://www.stayaka.com/aka-sutton-place,"[{'stars': 5, 'count': 66}, {'stars': 4, 'count': 12}, {'stars': 3, 'count': 2}, {'stars': 2, 'count': 1}, {'stars': 1, 'count': 3}]",84,"[{'name': 'Service', 'description': 'Service', 'total_mentioned': 33, 'positive': 30, 'negative': 2, 'neutral': 1}, {'name': 'Bar', 'description': 'Bar or lounge', 'total_mentioned': 7, 'positive': 6, 'negative': 1, 'neutral': 0}, {'name': 'Property', 'description': 'Property', 'total_mentioned': 22, 'positive': 20, 'negative': 0, 'neutral': 2}, {'name': 'Room', 'description': 'Room amenities', 'total_mentioned': 8, 'positive': 7, 'negative': 1, 'neutral': 0}, {'name': 'Location', 'description': 'Location', 'total_mentioned': 8, 'positive': 8, 'negative': 0, 'neutral': 0}, {'name': 'Cleanliness', 'description': 'Cleanliness', 'total_mentioned': 5, 'positive': 4, 'negative': 1, 'neutral': 0}]"
The Empire Hotel,"Upscale hotel with modern rooms & suites, plus a seafood restaurant & a seasonal rooftop pool.","{'latitude': 40.7714959, 'longitude': -73.9826673}",4,https://www.empirehotelnyc.com/?utm_source=google&utm_medium=organic&utm_campaign=gbp_listing,"[{'stars': 5, 'count': 2064}, {'stars': 4, 'count': 1384}, {'stars': 3, 'count': 651}, {'stars': 2, 'count': 299}, {'stars': 1, 'count': 490}]",4888,"[{'name': 'Bar', 'description': 'Bar or lounge', 'total_mentioned': 589, 'positive': 386, 'negative': 129, 'neutral': 74}, {'name': 'Pool', 'description': 'Pool', 'total_mentioned': 123, 'positive': 58, 'negative': 52, 'neutral': 13}, {'name': 'Fitness', 'description': 'Fitness', 'total_mentioned': 249, 'positive': 83, 'negative': 138, 'neutral': 28}, {'name': 'Location', 'description': 'Location', 'total_mentioned': 940, 'positive': 730, 'negative': 116, 'neutral': 94}, {'name': 'Room', 'description': 'Room amenities', 'total_mentioned': 656, 'positive': 171, 'negative': 427, 'neutral': 58}, {'name': 'Air Conditioning', 'description': 'Air conditioning', 'total_mentioned': 240, 'positive': 9, 'negative': 214, 'neutral': 17}]"
Chelsea Pines Inn,"Eclectic movie-themed rooms, a greenhouse & a garden in a B&B serving complimentary snacks.","{'latitude': 40.7403668, 'longitude': -74.0033605}",2,http://www.chelseapinesinn.com/,"[{'stars': 5, 'count': 171}, {'stars': 4, 'count': 73}, {'stars': 3, 'count': 32}, {'stars': 2, 'count': 14}, {'stars': 1, 'count': 32}]",322,"[{'name': 'Breakfast', 'description': 'Breakfast', 'total_mentioned': 57, 'positive': 39, 'negative': 14, 'neutral': 4}, {'name': 'Location', 'description': 'Location', 'total_mentioned': 110, 'positive': 100, 'negative': 4, 'neutral': 6}, {'name': 'Accessibility', 'description': 'Accessibility', 'total_mentioned': 41, 'positive': 9, 'negative': 26, 'neutral': 6}, {'name': 'Service', 'description': 'Service', 'total_mentioned': 120, 'positive': 97, 'negative': 18, 'neutral': 5}, {'name': 'Property', 'description': 'Property', 'total_mentioned': 133, 'positive': 90, 'negative': 33, 'neutral': 10}, {'name': 'Restaurant', 'description': 'Restaurant', 'total_mentioned': 26, 'positive': 19, 'negative': 4, 'neutral': 3}]"
Soho House New York,"Hip hotel in a private club featuring a trendy Italian restaurant, a rooftop pool & a spa.","{'latitude': 40.7406374, 'longitude': -74.00592309999999}",4,https://www.sohohouse.com/houses/soho-house-new-york?utm_source=google&utm_medium=organic&utm_campaign=googlemybusiness,"[{'stars': 5, 'count': 1121}, {'stars': 4, 'count': 304}, {'stars': 3, 'count': 87}, {'stars': 2, 'count': 30}, {'stars': 1, 'count': 44}]",1586,"[{'name': 'Bar', 'description': 'Bar or lounge', 'total_mentioned': 132, 'positive': 107, 'negative': 15, 'neutral': 10}, {'name': 'Pool', 'description': 'Pool', 'total_mentioned': 28, 'positive': 23, 'negative': 1, 'neutral': 4}, {'name': 'Dining', 'description': 'Food and Beverage', 'total_mentioned': 151, 'positive': 124, 'negative': 17, 'neutral': 10}, {'name': 'Fitness', 'description': 'Fitness', 'total_mentioned': 52, 'positive': 38, 'negative': 7, 'neutral': 7}, {'name': 'Nightlife', 'description': 'Nightlife', 'total_mentioned': 52, 'positive': 37, 'negative': 8, 'neutral': 7}, {'name': 'Business', 'description': 'Business', 'total_mentioned': 23, 'positive': 18, 'negative': 2, 'neutral': 3}]"
The Lombardy,"Updated 1926 landmark offering modern rooms & suites, a glamorous seafood eatery & an espresso bar.","{'latitude': 40.760734299999996, 'longitude': -73.9704507}",4,http://www.lombardyhotel.com/,"[{'stars': 5, 'count': 262}, {'stars': 4, 'count': 102}, {'stars': 3, 'count': 26}, {'stars': 2, 'count': 18}, {'stars': 1, 'count': 29}]",437,"[{'name': 'Location', 'description': 'Location', 'total_mentioned': 93, 'positive': 83, 'negative': 2, 'neutral': 8}, {'name': 'Property', 'description': 'Property', 'total_mentioned': 149, 'positive': 121, 'negative': 20, 'neutral': 8}, {'name': 'Breakfast', 'description': 'Breakfast', 'total_mentioned': 39, 'positive': 15, 'negative': 16, 'neutral': 8}, {'name': 'Kitchen', 'description': 'Kitchen', 'total_mentioned': 32, 'positive': 14, 'negative': 10, 'neutral': 8}, {'name': 'Service', 'description': 'Service', 'total_mentioned': 118, 'positive': 95, 'negative': 20, 'neutral': 3}, {'name': 'Room', 'description': 'Room amenities', 'total_mentioned': 41, 'positive': 18, 'negative': 19, 'neutral': 4}]"
Hyatt Grand Central New York,"Sleek property offering polished rooms with Wi-Fi access, plus a fitness center.","{'latitude': 40.7520617, 'longitude': -73.9762995}",4,https://www.hyatt.com/en-US/hotel/new-york/hyatt-grand-central-new-york/nycgh?src=corp_lclb_google_seo_nycgh&%3Futm_source=google&utm_medium=organic&utm_campaign=lmr,"[{'stars': 5, 'count': 3600}, {'stars': 4, 'count': 2184}, {'stars': 3, 'count': 870}, {'stars': 2, 'count': 411}, {'stars': 1, 'count': 616}]",7681,"[{'name': 'Location', 'description': 'Location', 'total_mentioned': 1521, 'positive': 1232, 'negative': 170, 'neutral': 119}, {'name': 'Service', 'description': 'Service', 'total_mentioned': 1562, 'positive': 903, 'negative': 581, 'neutral': 78}, {'name': 'Property', 'description': 'Property', 'total_mentioned': 1917, 'positive': 1176, 'negative': 567, 'neutral': 174}, {'name': 'Bathroom', 'description': 'Bathroom and toiletries', 'total_mentioned': 602, 'positive': 69, 'negative': 483, 'neutral': 50}, {'name': 'Business', 'description': 'Business', 'total_mentioned': 230, 'positive': 132, 'negative': 48, 'neutral': 50}, {'name': 'Bar', 'description': 'Bar or lounge', 'total_mentioned': 300, 'positive': 145, 'negative': 122, 'neutral': 33}]"
Made Hotel,"Chic quarters in a trendy hotel offering a rooftop bar, Empire State Building views & modern dining.","{'latitude': 40.7461759, 'longitude': -73.9895245}",3,https://www.madehotels.com/?utm_source=google&utm_medium=organic&utm_campaign=business-listing,"[{'stars': 5, 'count': 540}, {'stars': 4, 'count': 152}, {'stars': 3, 'count': 41}, {'stars': 2, 'count': 18}, {'stars': 1, 'count': 39}]",790,"[{'name': 'Bar', 'description': 'Bar or lounge', 'total_mentioned': 179, 'positive': 147, 'negative': 21, 'neutral': 11}, {'name': 'Property', 'description': 'Property', 'total_mentioned': 290, 'positive': 235, 'negative': 35, 'neutral': 20}, {'name': 'Service', 'description': 'Service', 'total_mentioned': 251, 'positive': 213, 'negative': 33, 'neutral': 5}, {'name': 'Location', 'description': 'Location', 'total_mentioned': 154, 'positive': 142, 'negative': 4, 'neutral': 8}, {'name': 'Dining', 'description': 'Food and Beverage', 'total_mentioned': 80, 'positive': 68, 'negative': 9, 'neutral': 3}, {'name': 'Sleep', 'description': 'Sleep', 'total_mentioned': 110, 'positive': 66, 'negative': 28, 'neutral': 16}]"
Ink 48 Hotel,"Contemporary rooms offering river & city views, plus a buzzy rooftop lounge & stylish restaurant.","{'latitude': 40.764568, 'longitude': -73.995995}",4,https://www.ink48.com/,"[{'stars': 5, 'count': 1377}, {'stars': 4, 'count': 598}, {'stars': 3, 'count': 176}, {'stars': 2, 'count': 104}, {'stars': 1, 'count': 195}]",2450,"[{'name': 'Bar', 'description': 'Bar or lounge', 'total_mentioned': 432, 'positive': 306, 'negative': 82, 'neutral': 44}, {'name': 'Nature', 'description': 'Nature and outdoor activities', 'total_mentioned': 106, 'positive': 104, 'negative': 1, 'neutral': 1}, {'name': 'Room', 'description': 'Room amenities', 'total_mentioned': 405, 'positive': 245, 'negative': 125, 'neutral': 35}, {'name': 'Service', 'description': 'Service', 'total_mentioned': 678, 'positive': 457, 'negative': 186, 'neutral': 35}, {'name': 'Dining', 'description': 'Food and Beverage', 'total_mentioned': 262, 'positive': 175, 'negative': 57, 'neutral': 30}, {'name': 'Property', 'description': 'Property', 'total_mentioned': 718, 'positive': 533, 'negative': 135, 'neutral': 50}]"
"Mandarin Oriental, New York","Luxe rooms in an upscale high-rise lodging with a refined spa, modern American dining & a bar.","{'latitude': 40.7689873, 'longitude': -73.98301719999999}",5,https://www.mandarinoriental.com/en/new-york/manhattan?src=loc.yext.monyc.ggl,"[{'stars': 5, 'count': 1142}, {'stars': 4, 'count': 231}, {'stars': 3, 'count': 75}, {'stars': 2, 'count': 28}, {'stars': 1, 'count': 50}]",1526,"[{'name': 'Wellness', 'description': 'Wellness', 'total_mentioned': 38, 'positive': 29, 'negative': 6, 'neutral': 3}, {'name': 'Nature', 'description': 'Nature and outdoor activities', 'total_mentioned': 70, 'positive': 67, 'negative': 0, 'neutral': 3}, {'name': 'Bar', 'description': 'Bar or lounge', 'total_mentioned': 158, 'positive': 114, 'negative': 24, 'neutral': 20}, {'name': 'Spa', 'description': 'Spa', 'total_mentioned': 30, 'positive': 25, 'negative': 4, 'neutral': 1}, {'name': 'Dining', 'description': 'Food and Beverage', 'total_mentioned': 113, 'positive': 79, 'negative': 22, 'neutral': 12}, {'name': 'Service', 'description': 'Service', 'total_mentioned': 336, 'positive': 270, 'negative': 53, 'neutral': 13}]"
Four Seasons Hotel New York,"Chic, refined rooms in a posh Midtown hotel offering a polished restaurant, a spa & a swanky bar.","{'latitude': 40.7624126, 'longitude': -73.9712653}",5,https://www.fourseasons.com/newyork/?utm_source=google&utm_medium=organicsearch&utm_campaign=tor-nyf-hre-mid-seo-na&utm_content=na-na&utm_term=na,"[{'stars': 5, 'count': 808}, {'stars': 4, 'count': 181}, {'stars': 3, 'count': 37}, {'stars': 2, 'count': 13}, {'stars': 1, 'count': 34}]",1073,"[{'name': 'Bar', 'description': 'Bar or lounge', 'total_mentioned': 68, 'positive': 53, 'negative': 8, 'neutral': 7}, {'name': 'Dining', 'description': 'Food and Beverage', 'total_mentioned': 69, 'positive': 55, 'negative': 6, 'neutral': 8}, {'name': 'Wellness', 'description': 'Wellness', 'total_mentioned': 8, 'positive': 6, 'negative': 1, 'neutral': 1}, {'name': 'Service', 'description': 'Service', 'total_mentioned': 178, 'positive': 157, 'negative': 12, 'neutral': 9}, {'name': 'Property', 'description': 'Property', 'total_mentioned': 159, 'positive': 147, 'negative': 7, 'neutral': 5}, {'name': 'Breakfast', 'description': 'Breakfast', 'total_mentioned': 36, 'positive': 28, 'negative': 6, 'neutral': 2}]"
Arthouse Hotel New York City,Contemporary rooms in a fashionable lodging with a 1920s-inspired bar & an Italian eatery.,"{'latitude': 40.782159799999995, 'longitude': -73.98033509999999}",4,https://www.arthousehotelnyc.com/,"[{'stars': 5, 'count': 1050}, {'stars': 4, 'count': 533}, {'stars': 3, 'count': 181}, {'stars': 2, 'count': 87}, {'stars': 1, 'count': 176}]",2027,"[{'name': 'Bar', 'description': 'Bar or lounge', 'total_mentioned': 259, 'positive': 203, 'negative': 29, 'neutral': 27}, {'name': 'Location', 'description': 'Location', 'total_mentioned': 432, 'positive': 379, 'negative': 30, 'neutral': 23}, {'name': 'Service', 'description': 'Service', 'total_mentioned': 574, 'positive': 383, 'negative': 160, 'neutral': 31}, {'name': 'Property', 'description': 'Property', 'total_mentioned': 703, 'positive': 495, 'negative': 145, 'neutral': 63}, {'name': 'Nightlife', 'description': 'Nightlife', 'total_mentioned': 81, 'positive': 62, 'negative': 13, 'neutral': 6}, {'name': 'Dining', 'description': 'Food and Beverage', 'total_mentioned': 166, 'positive': 135, 'negative': 15, 'neutral': 16}]"
Dream Downtown,"Sleek hotel offering loft-style rooms, plus an outdoor pool & buzzy rooftop lounge.","{'latitude': 40.7423311, 'longitude': -74.00347909999999}",4,https://www.dreamhotels.com/downtown/default-en.html?utm_source=local-directories&utm_medium=organic&utm_campaign=travelclick-localconnect,"[{'stars': 5, 'count': 1343}, {'stars': 4, 'count': 905}, {'stars': 3, 'count': 423}, {'stars': 2, 'count': 212}, {'stars': 1, 'count': 318}]",3201,"[{'name': 'Pool', 'description': 'Pool', 'total_mentioned': 119, 'positive': 77, 'negative': 26, 'neutral': 16}, {'name': 'Fitness', 'description': 'Fitness', 'total_mentioned': 252, 'positive': 119, 'negative': 100, 'neutral': 33}, {'name': 'Nightlife', 'description': 'Nightlife', 'total_mentioned': 309, 'positive': 103, 'negative': 140, 'neutral': 66}, {'name': 'Bar', 'description': 'Bar or lounge', 'total_mentioned': 346, 'positive': 209, 'negative': 86, 'neutral': 51}, {'name': 'Sleep', 'description': 'Sleep', 'total_mentioned': 491, 'positive': 80, 'negative': 344, 'neutral': 67}, {'name': 'Property', 'description': 'Property', 'total_mentioned': 953, 'positive': 539, 'negative': 297, 'neutral': 117}]"
Hotel Park Ave (Formerly Mondrian Park Avenue),"Plush property featuring a Mediterranean restaurant, a rooftop bar & an ultra-hip nightclub.","{'latitude': 40.7448048, 'longitude': -73.9832943}",4,https://mondrianhotels.com/park-avenue/?utm_source=google&utm_medium=organic&utm_campaign=gmb-website&utm_content=website_button,"[{'stars': 5, 'count': 407}, {'stars': 4, 'count': 174}, {'stars': 3, 'count': 82}, {'stars': 2, 'count': 54}, {'stars': 1, 'count': 146}]",863,"[{'name': 'Bar', 'description': 'Bar or lounge', 'total_mentioned': 73, 'positive': 40, 'negative': 25, 'neutral': 8}, {'name': 'Service', 'description': 'Service', 'total_mentioned': 261, 'positive': 129, 'negative': 118, 'neutral': 14}, {'name': 'Room', 'description': 'Room amenities', 'total_mentioned': 131, 'positive': 37, 'negative': 84, 'neutral': 10}, {'name': 'Breakfast', 'description': 'Breakfast', 'total_mentioned': 83, 'positive': 33, 'negative': 41, 'neutral': 9}, {'name': 'Property', 'description': 'Property', 'total_mentioned': 268, 'positive': 140, 'negative': 98, 'neutral': 30}, {'name': 'Bathroom', 'description': 'Bathroom and toiletries', 'total_mentioned': 92, 'positive': 25, 'negative': 61, 'neutral': 6}]"
