Name,Description,Coordinates,Hotel Class,Link,Ratings,Reviews,Reviews Breakdown
Sarah's Seaside by Gulfside Resorts,"Colorful beachfront cottages with kitchens, plus an outdoor pool, kayak rentals & free Wi-Fi.","{'latitude': 27.881278199999997, 'longitude': -82.8506932}",3,https://www.gulfsideresorts.com/,"[{'stars': 5, 'count': 42}, {'stars': 4, 'count': 1}, {'stars': 3, 'count': 0}, {'stars': 2, 'count': 1}, {'stars': 1, 'count': 0}]",44,"[{'name': 'Family', 'description': 'Family friendly', 'total_mentioned': 13, 'positive': 11, 'negative': 1, 'neutral': 1}, {'name': 'Fitness', 'description': 'Fitness', 'total_mentioned': 8, 'positive': 8, 'negative': 0, 'neutral': 0}, {'name': 'Property', 'description': 'Property', 'total_mentioned': 18, 'positive': 18, 'negative': 0, 'neutral': 0}, {'name': 'Nature', 'description': 'Nature and outdoor activities', 'total_mentioned': 17, 'positive': 17, 'negative': 0, 'neutral': 0}, {'name': 'Service', 'description': 'Service', 'total_mentioned': 11, 'positive': 11, 'negative': 0, 'neutral': 0}, {'name': 'Room', 'description': 'Room amenities', 'total_mentioned': 6, 'positive': 4, 'negative': 1, 'neutral': 1}]"
Oceanside of Indian Rocks,N/A,"{'latitude': 27.878351199999997, 'longitude': -82.8507537}",N/A,N/A,"[{'stars': 5, 'count': 152}, {'stars': 4, 'count': 24}, {'stars': 3, 'count': 9}, {'stars': 2, 'count': 1}, {'stars': 1, 'count': 0}]",186,"[{'name': 'Nature', 'description': 'Nature and outdoor activities', 'total_mentioned': 38, 'positive': 35, 'negative': 0, 'neutral': 3}, {'name': 'Location', 'description': 'Location', 'total_mentioned': 14, 'positive': 14, 'negative': 0, 'neutral': 0}, {'name': 'Cleanliness', 'description': 'Cleanliness', 'total_mentioned': 14, 'positive': 12, 'negative': 1, 'neutral': 1}]"
Beachfront Bliss Villas,N/A,"{'latitude': 27.890788099999998, 'longitude': -82.8503082}",N/A,https://www.beachfrontblissvillas.com/,"[{'stars': 5, 'count': 122}, {'stars': 4, 'count': 2}, {'stars': 3, 'count': 0}, {'stars': 2, 'count': 0}, {'stars': 1, 'count': 0}]",124,"[{'name': 'Family', 'description': 'Family friendly', 'total_mentioned': 39, 'positive': 38, 'negative': 0, 'neutral': 1}, {'name': 'Room', 'description': 'Room amenities', 'total_mentioned': 40, 'positive': 40, 'negative': 0, 'neutral': 0}, {'name': 'Fitness', 'description': 'Fitness', 'total_mentioned': 35, 'positive': 35, 'negative': 0, 'neutral': 0}, {'name': 'Nature', 'description': 'Nature and outdoor activities', 'total_mentioned': 69, 'positive': 68, 'negative': 0, 'neutral': 1}, {'name': 'Service', 'description': 'Service', 'total_mentioned': 55, 'positive': 51, 'negative': 0, 'neutral': 4}, {'name': 'Bathroom', 'description': 'Bathroom and toiletries', 'total_mentioned': 15, 'positive': 14, 'negative': 0, 'neutral': 1}]"
Hotel Sol,"Beachfront hotel with an outdoor pool, plus airy rooms with microwaves, fridges & free Wi-Fi.","{'latitude': 27.824589099999997, 'longitude': -82.8289277}",3,https://rapidhotels.com/HotelSol,"[{'stars': 5, 'count': 386}, {'stars': 4, 'count': 164}, {'stars': 3, 'count': 39}, {'stars': 2, 'count': 26}, {'stars': 1, 'count': 53}]",668,"[{'name': 'Fitness', 'description': 'Fitness', 'total_mentioned': 111, 'positive': 77, 'negative': 21, 'neutral': 13}, {'name': 'Nature', 'description': 'Nature and outdoor activities', 'total_mentioned': 237, 'positive': 208, 'negative': 12, 'neutral': 17}, {'name': 'Service', 'description': 'Service', 'total_mentioned': 146, 'positive': 92, 'negative': 41, 'neutral': 13}, {'name': 'Property', 'description': 'Property', 'total_mentioned': 250, 'positive': 182, 'negative': 42, 'neutral': 26}, {'name': 'Pool', 'description': 'Pool', 'total_mentioned': 51, 'positive': 45, 'negative': 3, 'neutral': 3}, {'name': 'Parking', 'description': 'Parking', 'total_mentioned': 49, 'positive': 15, 'negative': 27, 'neutral': 7}]"
Bungalow Beach Place,N/A,"{'latitude': 27.8586213, 'longitude': -82.8472551}",3,http://www.bungalowbeachplace.com/,"[{'stars': 5, 'count': 82}, {'stars': 4, 'count': 20}, {'stars': 3, 'count': 2}, {'stars': 2, 'count': 2}, {'stars': 1, 'count': 1}]",107,"[{'name': 'Bathroom', 'description': 'Bathroom and toiletries', 'total_mentioned': 12, 'positive': 6, 'negative': 6, 'neutral': 0}, {'name': 'Kitchen', 'description': 'Kitchen', 'total_mentioned': 6, 'positive': 5, 'negative': 1, 'neutral': 0}, {'name': 'Property', 'description': 'Property', 'total_mentioned': 29, 'positive': 26, 'negative': 2, 'neutral': 1}, {'name': 'Cleanliness', 'description': 'Cleanliness', 'total_mentioned': 25, 'positive': 24, 'negative': 1, 'neutral': 0}, {'name': 'Family', 'description': 'Family friendly', 'total_mentioned': 7, 'positive': 6, 'negative': 1, 'neutral': 0}, {'name': 'Service', 'description': 'Service', 'total_mentioned': 16, 'positive': 9, 'negative': 6, 'neutral': 1}]"
Clearwater Beach Hotel,"Harborfront hotel offering simple rooms, plus an outdoor pool, free Wi-Fi & parking.","{'latitude': 27.9687035, 'longitude': -82.82826229999999}",2,http://www.clwbh.com/,"[{'stars': 5, 'count': 912}, {'stars': 4, 'count': 477}, {'stars': 3, 'count': 289}, {'stars': 2, 'count': 108}, {'stars': 1, 'count': 169}]",1955,"[{'name': 'Location', 'description': 'Location', 'total_mentioned': 503, 'positive': 422, 'negative': 33, 'neutral': 48}, {'name': 'Nature', 'description': 'Nature and outdoor activities', 'total_mentioned': 367, 'positive': 290, 'negative': 34, 'neutral': 43}, {'name': 'Sleep', 'description': 'Sleep', 'total_mentioned': 271, 'positive': 75, 'negative': 156, 'neutral': 40}, {'name': 'Bathroom', 'description': 'Bathroom and toiletries', 'total_mentioned': 161, 'positive': 27, 'negative': 118, 'neutral': 16}, {'name': 'Fitness', 'description': 'Fitness', 'total_mentioned': 180, 'positive': 135, 'negative': 27, 'neutral': 18}, {'name': 'Property', 'description': 'Property', 'total_mentioned': 551, 'positive': 354, 'negative': 144, 'neutral': 53}]"
Tommy's on the Beach,"Scenic, family-friendly lodging offering apartment units with full kitchens & water views.","{'latitude': 27.9053565, 'longitude': -82.8478387}",N/A,http://www.tommysonthebeach.com/,"[{'stars': 5, 'count': 39}, {'stars': 4, 'count': 2}, {'stars': 3, 'count': 0}, {'stars': 2, 'count': 1}, {'stars': 1, 'count': 0}]",42,"[{'name': 'Couples', 'description': 'Couple friendly', 'total_mentioned': 5, 'positive': 4, 'negative': 0, 'neutral': 1}, {'name': 'Family', 'description': 'Family friendly', 'total_mentioned': 9, 'positive': 9, 'negative': 0, 'neutral': 0}, {'name': 'Nature', 'description': 'Nature and outdoor activities', 'total_mentioned': 16, 'positive': 15, 'negative': 0, 'neutral': 1}, {'name': 'Location', 'description': 'Location', 'total_mentioned': 9, 'positive': 9, 'negative': 0, 'neutral': 0}, {'name': 'Service', 'description': 'Service', 'total_mentioned': 7, 'positive': 6, 'negative': 1, 'neutral': 0}, {'name': 'Cleanliness', 'description': 'Cleanliness', 'total_mentioned': 5, 'positive': 4, 'negative': 0, 'neutral': 1}]"
Blue Heron Cottages Inn,N/A,"{'latitude': 27.893260299999998, 'longitude': -82.8494432}",N/A,http://www.blueheroncottage.net/,"[{'stars': 5, 'count': 20}, {'stars': 4, 'count': 4}, {'stars': 3, 'count': 0}, {'stars': 2, 'count': 1}, {'stars': 1, 'count': 0}]",25,"[{'name': 'Cleanliness', 'description': 'Cleanliness', 'total_mentioned': 5, 'positive': 4, 'negative': 0, 'neutral': 1}, {'name': 'Nature', 'description': 'Nature and outdoor activities', 'total_mentioned': 5, 'positive': 5, 'negative': 0, 'neutral': 0}]"
Emerald Residences of Belleair Beach,Modern suites with kitchens in a relaxed beachfront hotel offering an outdoor pool & a sundeck.,"{'latitude': 27.933422999999998, 'longitude': -82.841115}",3,https://emerald.holidayfuture.com/,"[{'stars': 5, 'count': 329}, {'stars': 4, 'count': 102}, {'stars': 3, 'count': 22}, {'stars': 2, 'count': 13}, {'stars': 1, 'count': 25}]",491,"[{'name': 'Property', 'description': 'Property', 'total_mentioned': 146, 'positive': 121, 'negative': 13, 'neutral': 12}, {'name': 'Cleanliness', 'description': 'Cleanliness', 'total_mentioned': 108, 'positive': 86, 'negative': 20, 'neutral': 2}, {'name': 'Service', 'description': 'Service', 'total_mentioned': 100, 'positive': 79, 'negative': 17, 'neutral': 4}, {'name': 'Pets', 'description': 'Pets', 'total_mentioned': 15, 'positive': 7, 'negative': 4, 'neutral': 4}, {'name': 'Room', 'description': 'Room amenities', 'total_mentioned': 53, 'positive': 32, 'negative': 16, 'neutral': 5}, {'name': 'Location', 'description': 'Location', 'total_mentioned': 64, 'positive': 58, 'negative': 5, 'neutral': 1}]"
The Beach Cottage,N/A,"{'latitude': 27.8377177, 'longitude': -82.8371083}",3,N/A,"[{'stars': 5, 'count': 85}, {'stars': 4, 'count': 19}, {'stars': 3, 'count': 5}, {'stars': 2, 'count': 3}, {'stars': 1, 'count': 5}]",117,"[{'name': 'Hot Tub', 'description': 'Hot tub', 'total_mentioned': 8, 'positive': 8, 'negative': 0, 'neutral': 0}, {'name': 'Fitness', 'description': 'Fitness', 'total_mentioned': 18, 'positive': 13, 'negative': 5, 'neutral': 0}, {'name': 'Parking', 'description': 'Parking', 'total_mentioned': 7, 'positive': 1, 'negative': 3, 'neutral': 3}, {'name': 'Safety', 'description': 'Safety', 'total_mentioned': 6, 'positive': 4, 'negative': 2, 'neutral': 0}, {'name': 'Bathroom', 'description': 'Bathroom and toiletries', 'total_mentioned': 11, 'positive': 7, 'negative': 3, 'neutral': 1}, {'name': 'Beach', 'description': 'Beach', 'total_mentioned': 6, 'positive': 5, 'negative': 0, 'neutral': 1}]"
Camaron Cove Resort,"Beachfront 2-bedroom, 2-bath condos with kitchens, private balconies & maid service upon request.","{'latitude': 27.906103299999998, 'longitude': -82.8472299}",3,http://vacationet.com/indian-rocks-beach/,"[{'stars': 5, 'count': 260}, {'stars': 4, 'count': 61}, {'stars': 3, 'count': 15}, {'stars': 2, 'count': 6}, {'stars': 1, 'count': 11}]",353,"[{'name': 'Fitness', 'description': 'Fitness', 'total_mentioned': 32, 'positive': 28, 'negative': 3, 'neutral': 1}, {'name': 'Room', 'description': 'Room amenities', 'total_mentioned': 30, 'positive': 21, 'negative': 7, 'neutral': 2}, {'name': 'Service', 'description': 'Service', 'total_mentioned': 47, 'positive': 37, 'negative': 6, 'neutral': 4}, {'name': 'Parking', 'description': 'Parking', 'total_mentioned': 13, 'positive': 7, 'negative': 5, 'neutral': 1}, {'name': 'Nature', 'description': 'Nature and outdoor activities', 'total_mentioned': 77, 'positive': 72, 'negative': 2, 'neutral': 3}, {'name': 'Bathroom', 'description': 'Bathroom and toiletries', 'total_mentioned': 17, 'positive': 12, 'negative': 3, 'neutral': 2}]"
Sand Glo Villas,"Studios & villas with patios or decks in a family-run hotel on the Gulf, plus a picnic & BBQ area.","{'latitude': 27.8480028, 'longitude': -82.8437278}",3,https://sandglovillas.com/?utm_source=google&utm_medium=GMB,"[{'stars': 5, 'count': 134}, {'stars': 4, 'count': 8}, {'stars': 3, 'count': 1}, {'stars': 2, 'count': 2}, {'stars': 1, 'count': 3}]",148,"[{'name': 'Family', 'description': 'Family friendly', 'total_mentioned': 23, 'positive': 22, 'negative': 1, 'neutral': 0}, {'name': 'Beach', 'description': 'Beach', 'total_mentioned': 7, 'positive': 6, 'negative': 0, 'neutral': 1}, {'name': 'Service', 'description': 'Service', 'total_mentioned': 48, 'positive': 45, 'negative': 1, 'neutral': 2}, {'name': 'Property', 'description': 'Property', 'total_mentioned': 43, 'positive': 39, 'negative': 0, 'neutral': 4}, {'name': 'Kitchen', 'description': 'Kitchen', 'total_mentioned': 8, 'positive': 8, 'negative': 0, 'neutral': 0}, {'name': 'Bathroom', 'description': 'Bathroom and toiletries', 'total_mentioned': 8, 'positive': 7, 'negative': 1, 'neutral': 0}]"
Kandy's Kondo,N/A,"{'latitude': 27.8937812, 'longitude': -82.8495981}",N/A,https://www.kandyskondos.com/,"[{'stars': 5, 'count': 1}, {'stars': 4, 'count': 0}, {'stars': 3, 'count': 0}, {'stars': 2, 'count': 0}, {'stars': 1, 'count': 0}]",1,N/A
"Winter the Dolphin's Beach Club, Ascend Hotel Collection","Unassuming rooms in a laid-back hotel with a pool, private beach access & a restaurant.","{'latitude': 27.9663927, 'longitude': -82.82574799999999}",3,https://wintersbeachclub.com/,"[{'stars': 5, 'count': 658}, {'stars': 4, 'count': 306}, {'stars': 3, 'count': 143}, {'stars': 2, 'count': 96}, {'stars': 1, 'count': 156}]",1359,"[{'name': 'Bar', 'description': 'Bar or lounge', 'total_mentioned': 143, 'positive': 101, 'negative': 27, 'neutral': 15}, {'name': 'Parking', 'description': 'Parking', 'total_mentioned': 164, 'positive': 40, 'negative': 97, 'neutral': 27}, {'name': 'Nature', 'description': 'Nature and outdoor activities', 'total_mentioned': 377, 'positive': 273, 'negative': 69, 'neutral': 35}, {'name': 'Room', 'description': 'Room amenities', 'total_mentioned': 200, 'positive': 97, 'negative': 79, 'neutral': 24}, {'name': 'Fitness', 'description': 'Fitness', 'total_mentioned': 167, 'positive': 103, 'negative': 40, 'neutral': 24}, {'name': 'Service', 'description': 'Service', 'total_mentioned': 416, 'positive': 270, 'negative': 118, 'neutral': 28}]"
Sunburst Inn,"Beachfront hotel offering bright quarters with kitchenettes or kitchens, plus free Wi-Fi.","{'latitude': 27.8457521, 'longitude': -82.8425637}",3,http://sunburstinn.com/,"[{'stars': 5, 'count': 168}, {'stars': 4, 'count': 47}, {'stars': 3, 'count': 21}, {'stars': 2, 'count': 10}, {'stars': 1, 'count': 15}]",261,"[{'name': 'Pets', 'description': 'Pets', 'total_mentioned': 13, 'positive': 11, 'negative': 1, 'neutral': 1}, {'name': 'Couples', 'description': 'Couple friendly', 'total_mentioned': 7, 'positive': 6, 'negative': 0, 'neutral': 1}, {'name': 'Bar', 'description': 'Bar or lounge', 'total_mentioned': 8, 'positive': 6, 'negative': 2, 'neutral': 0}, {'name': 'Kitchen', 'description': 'Kitchen', 'total_mentioned': 25, 'positive': 13, 'negative': 9, 'neutral': 3}, {'name': 'Accessibility', 'description': 'Accessibility', 'total_mentioned': 7, 'positive': 3, 'negative': 3, 'neutral': 1}, {'name': 'Property', 'description': 'Property', 'total_mentioned': 94, 'positive': 77, 'negative': 12, 'neutral': 5}]"
"Holiday Inn & Suites Clearwater Beach S-Harbourside, an IHG Hotel","Contemporary lodging with an outdoor pool, harborside bar/grill & mini-golf course.","{'latitude': 27.8828888, 'longitude': -82.84758839999999}",3,https://www.ihg.com/holidayinn/hotels/us/en/clearwater/clwrb/hoteldetail?cm_mmc=GoogleMaps-_-HI-_-US-_-CLWRB,"[{'stars': 5, 'count': 1191}, {'stars': 4, 'count': 459}, {'stars': 3, 'count': 169}, {'stars': 2, 'count': 101}, {'stars': 1, 'count': 160}]",2080,"[{'name': 'Bar', 'description': 'Bar or lounge', 'total_mentioned': 109, 'positive': 80, 'negative': 17, 'neutral': 12}, {'name': 'Property', 'description': 'Property', 'total_mentioned': 531, 'positive': 341, 'negative': 153, 'neutral': 37}, {'name': 'Dining', 'description': 'Food and Beverage', 'total_mentioned': 149, 'positive': 109, 'negative': 26, 'neutral': 14}, {'name': 'Service', 'description': 'Service', 'total_mentioned': 386, 'positive': 270, 'negative': 98, 'neutral': 18}, {'name': 'Sleep', 'description': 'Sleep', 'total_mentioned': 123, 'positive': 30, 'negative': 75, 'neutral': 18}, {'name': 'Cleanliness', 'description': 'Cleanliness', 'total_mentioned': 297, 'positive': 165, 'negative': 115, 'neutral': 17}]"
Legacy Vacation Resorts Indian Shores,"Colorful quarters with free WiFi & kitchenettes, plus an outdoor pool & a fishing pier.","{'latitude': 27.855220799999998, 'longitude': -82.8451304}",3,https://www.legacyvacationresorts.com/destinations/indian-shores-clearwater?utm_source=local-directories&utm_medium=organic&utm_campaign=travelclick-localconnect,"[{'stars': 5, 'count': 480}, {'stars': 4, 'count': 71}, {'stars': 3, 'count': 21}, {'stars': 2, 'count': 7}, {'stars': 1, 'count': 16}]",595,"[{'name': 'Fitness', 'description': 'Fitness', 'total_mentioned': 67, 'positive': 52, 'negative': 6, 'neutral': 9}, {'name': 'Parking', 'description': 'Parking', 'total_mentioned': 27, 'positive': 23, 'negative': 4, 'neutral': 0}, {'name': 'Property', 'description': 'Property', 'total_mentioned': 228, 'positive': 211, 'negative': 6, 'neutral': 11}, {'name': 'Service', 'description': 'Service', 'total_mentioned': 196, 'positive': 185, 'negative': 7, 'neutral': 4}, {'name': 'Hot Tub', 'description': 'Hot tub', 'total_mentioned': 14, 'positive': 11, 'negative': 1, 'neutral': 2}, {'name': 'Pool', 'description': 'Pool', 'total_mentioned': 40, 'positive': 33, 'negative': 3, 'neutral': 4}]"
Redington Ambassador,N/A,"{'latitude': 27.817708999999997, 'longitude': -82.82356709999999}",3,http://redingtonambassador.com/,"[{'stars': 5, 'count': 247}, {'stars': 4, 'count': 58}, {'stars': 3, 'count': 17}, {'stars': 2, 'count': 4}, {'stars': 1, 'count': 9}]",335,"[{'name': 'Hot Tub', 'description': 'Hot tub', 'total_mentioned': 7, 'positive': 6, 'negative': 1, 'neutral': 0}, {'name': 'Sleep', 'description': 'Sleep', 'total_mentioned': 12, 'positive': 3, 'negative': 7, 'neutral': 2}, {'name': 'Beach', 'description': 'Beach', 'total_mentioned': 11, 'positive': 10, 'negative': 0, 'neutral': 1}, {'name': 'Bar', 'description': 'Bar or lounge', 'total_mentioned': 5, 'positive': 3, 'negative': 1, 'neutral': 1}, {'name': 'Bathroom', 'description': 'Bathroom and toiletries', 'total_mentioned': 20, 'positive': 7, 'negative': 10, 'neutral': 3}, {'name': 'Room', 'description': 'Room amenities', 'total_mentioned': 24, 'positive': 16, 'negative': 7, 'neutral': 1}]"
