Name,Description,Coordinates,Hotel Class,Link,Ratings,Reviews,Reviews Breakdown
Hidden Oaks Campground,N/A,"{'latitude': 30.5060434, 'longitude': -90.36521259999999}",N/A,https://www.hiddenoaksfamilycampground.com/index.html,"[{'stars': 5, 'count': 246}, {'stars': 4, 'count': 68}, {'stars': 3, 'count': 36}, {'stars': 2, 'count': 11}, {'stars': 1, 'count': 25}]",386,"[{'name': 'Family', 'description': 'Family friendly', 'total_mentioned': 58, 'positive': 51, 'negative': 3, 'neutral': 4}, {'name': 'Service', 'description': 'Service', 'total_mentioned': 66, 'positive': 53, 'negative': 9, 'neutral': 4}, {'name': 'Property', 'description': 'Property', 'total_mentioned': 51, 'positive': 44, 'negative': 6, 'neutral': 1}, {'name': 'Bathroom', 'description': 'Bathroom and toiletries', 'total_mentioned': 17, 'positive': 5, 'negative': 11, 'neutral': 1}]"
Sun Outdoors New Orleans North Shore,"Resort-style RV campground with pools, an artificial river, a swim-up bar, mini golf & lake access.","{'latitude': 30.484689899999996, 'longitude': -90.3350526}",N/A,https://www.sunoutdoors.com/louisiana/sun-outdoors-new-orleans-north-shore?utm_source=google&utm_medium=organic&utm_campaign=gbp_listing,"[{'stars': 5, 'count': 831}, {'stars': 4, 'count': 162}, {'stars': 3, 'count': 98}, {'stars': 2, 'count': 48}, {'stars': 1, 'count': 80}]",1219,"[{'name': 'Property', 'description': 'Property', 'total_mentioned': 199, 'positive': 162, 'negative': 21, 'neutral': 16}, {'name': 'Service', 'description': 'Service', 'total_mentioned': 275, 'positive': 190, 'negative': 74, 'neutral': 11}, {'name': 'Family', 'description': 'Family friendly', 'total_mentioned': 254, 'positive': 183, 'negative': 51, 'neutral': 20}, {'name': 'Wi-Fi', 'description': 'Wi-Fi', 'total_mentioned': 32, 'positive': 8, 'negative': 19, 'neutral': 5}, {'name': 'Sleep', 'description': 'Sleep', 'total_mentioned': 40, 'positive': 10, 'negative': 24, 'neutral': 6}]"
The Villas at Carter Plantation,"Elegant, plush suites in a refined resort featuring an 18-hole golf course & an outdoor pool.","{'latitude': 30.409904800000003, 'longitude': -90.57305610000002}",4,https://www.thevillasatcarterplantation.com/,"[{'stars': 5, 'count': 32}, {'stars': 4, 'count': 6}, {'stars': 3, 'count': 2}, {'stars': 2, 'count': 2}, {'stars': 1, 'count': 1}]",43,"[{'name': 'Service', 'description': 'Service', 'total_mentioned': 12, 'positive': 10, 'negative': 1, 'neutral': 1}, {'name': 'Property', 'description': 'Property', 'total_mentioned': 13, 'positive': 10, 'negative': 2, 'neutral': 1}]"
Little River Bluffs - A Nature Preserve & Retreat,N/A,"{'latitude': 30.559616, 'longitude': -90.2244949}",N/A,http://www.littleriverbluffs.com/,"[{'stars': 5, 'count': 78}, {'stars': 4, 'count': 6}, {'stars': 3, 'count': 0}, {'stars': 2, 'count': 1}, {'stars': 1, 'count': 1}]",86,"[{'name': 'Property', 'description': 'Property', 'total_mentioned': 30, 'positive': 29, 'negative': 0, 'neutral': 1}, {'name': 'Service', 'description': 'Service', 'total_mentioned': 22, 'positive': 21, 'negative': 1, 'neutral': 0}, {'name': 'Nature', 'description': 'Nature and outdoor activities', 'total_mentioned': 19, 'positive': 18, 'negative': 0, 'neutral': 1}]"
Adventures RV Resort,"Family-oriented campsite with pitches & cabins, 2 pools, snacks, mini-golf & many kids' activities.","{'latitude': 30.5209899, 'longitude': -90.34750199999999}",N/A,https://www.adventuresrvresort.com/,"[{'stars': 5, 'count': 558}, {'stars': 4, 'count': 130}, {'stars': 3, 'count': 92}, {'stars': 2, 'count': 55}, {'stars': 1, 'count': 106}]",941,"[{'name': 'Family', 'description': 'Family friendly', 'total_mentioned': 171, 'positive': 133, 'negative': 30, 'neutral': 8}, {'name': 'Property', 'description': 'Property', 'total_mentioned': 81, 'positive': 55, 'negative': 18, 'neutral': 8}, {'name': 'Atmosphere', 'description': 'Atmosphere', 'total_mentioned': 23, 'positive': 21, 'negative': 1, 'neutral': 1}, {'name': 'Safety', 'description': 'Safety', 'total_mentioned': 13, 'positive': 3, 'negative': 9, 'neutral': 1}, {'name': 'Room', 'description': 'Room amenities', 'total_mentioned': 22, 'positive': 5, 'negative': 14, 'neutral': 3}, {'name': 'Sleep', 'description': 'Sleep', 'total_mentioned': 34, 'positive': 4, 'negative': 26, 'neutral': 4}]"
