Name,Description,Coordinates,Hotel Class,Link,Ratings,Reviews,Reviews Breakdown
Riverbend Retreat Fla.,"Refined riverside B&B offering warm quarters, plus an outdoor pool, a BBQ & a deck.","{'latitude': 27.8616031, 'longitude': -82.3411715}",4,https://www.riverbendretreatfla.com/,"[{'stars': 5, 'count': 131}, {'stars': 4, 'count': 7}, {'stars': 3, 'count': 1}, {'stars': 2, 'count': 2}, {'stars': 1, 'count': 2}]",143,"[{'name': 'Service', 'description': 'Service', 'total_mentioned': 43, 'positive': 42, 'negative': 0, 'neutral': 1}, {'name': 'Property', 'description': 'Property', 'total_mentioned': 42, 'positive': 41, 'negative': 1, 'neutral': 0}, {'name': 'Breakfast', 'description': 'Breakfast', 'total_mentioned': 24, 'positive': 24, 'negative': 0, 'neutral': 0}]"
The Barrymore Hotel Tampa Riverwalk,"Classic rooms, an art gallery & an outdoor pool, plus a free local shuttle & a casual eatery/bar.","{'latitude': 27.952850299999998, 'longitude': -82.46382899999999}",3,https://www.barrymorehotel.com/,"[{'stars': 5, 'count': 882}, {'stars': 4, 'count': 514}, {'stars': 3, 'count': 286}, {'stars': 2, 'count': 119}, {'stars': 1, 'count': 148}]",1949,"[{'name': 'Location', 'description': 'Location', 'total_mentioned': 397, 'positive': 331, 'negative': 33, 'neutral': 33}, {'name': 'Service', 'description': 'Service', 'total_mentioned': 504, 'positive': 358, 'negative': 118, 'neutral': 28}, {'name': 'Bathroom', 'description': 'Bathroom and toiletries', 'total_mentioned': 191, 'positive': 39, 'negative': 126, 'neutral': 26}, {'name': 'Property', 'description': 'Property', 'total_mentioned': 562, 'positive': 343, 'negative': 170, 'neutral': 49}, {'name': 'Room', 'description': 'Room amenities', 'total_mentioned': 163, 'positive': 74, 'negative': 67, 'neutral': 22}, {'name': 'Cleanliness', 'description': 'Cleanliness', 'total_mentioned': 360, 'positive': 225, 'negative': 116, 'neutral': 19}]"
Tampa Marriott Water Street,"Modern waterfront hotel with laid-back rooms, an outdoor pool & dining, plus meeting & event space.","{'latitude': 27.940718, 'longitude': -82.454534}",4,https://www.marriott.com/en-us/hotels/tpamc-tampa-marriott-water-street/overview/?scid=f2ae0541-1279-4f24-b197-a979c79310b0,"[{'stars': 5, 'count': 3770}, {'stars': 4, 'count': 1163}, {'stars': 3, 'count': 289}, {'stars': 2, 'count': 105}, {'stars': 1, 'count': 172}]",5499,"[{'name': 'Location', 'description': 'Location', 'total_mentioned': 713, 'positive': 642, 'negative': 27, 'neutral': 44}, {'name': 'Service', 'description': 'Service', 'total_mentioned': 1168, 'positive': 970, 'negative': 148, 'neutral': 50}, {'name': 'Bar', 'description': 'Bar or lounge', 'total_mentioned': 414, 'positive': 301, 'negative': 60, 'neutral': 53}, {'name': 'Room', 'description': 'Room amenities', 'total_mentioned': 480, 'positive': 346, 'negative': 92, 'neutral': 42}, {'name': 'Parking', 'description': 'Parking', 'total_mentioned': 255, 'positive': 77, 'negative': 135, 'neutral': 43}, {'name': 'Nature', 'description': 'Nature and outdoor activities', 'total_mentioned': 140, 'positive': 138, 'negative': 0, 'neutral': 2}]"
Seminole Hard Rock Hotel & Casino Tampa,"Upmarket casino hotel featuring 3 outdoor pools & a spa, plus eclectic dining options.","{'latitude': 27.992880399999997, 'longitude': -82.37204849999999}",4,https://casino.hardrock.com/tampa?utm_campaign=shrss_casino_hard-rock-hotel-and-casino-tampa_websitelisting&utm_medium=referral&utm_source=gmb,"[{'stars': 5, 'count': 32922}, {'stars': 4, 'count': 10200}, {'stars': 3, 'count': 4843}, {'stars': 2, 'count': 1974}, {'stars': 1, 'count': 3046}]",52985,"[{'name': 'Dining', 'description': 'Food and Beverage', 'total_mentioned': 3199, 'positive': 2086, 'negative': 832, 'neutral': 281}, {'name': 'Bar', 'description': 'Bar or lounge', 'total_mentioned': 2143, 'positive': 1014, 'negative': 883, 'neutral': 246}, {'name': 'Breakfast', 'description': 'Breakfast', 'total_mentioned': 808, 'positive': 661, 'negative': 96, 'neutral': 51}, {'name': 'Parking', 'description': 'Parking', 'total_mentioned': 1138, 'positive': 527, 'negative': 470, 'neutral': 141}, {'name': 'Wellness', 'description': 'Wellness', 'total_mentioned': 131, 'positive': 93, 'negative': 25, 'neutral': 13}, {'name': 'Atmosphere', 'description': 'Atmosphere', 'total_mentioned': 1537, 'positive': 1431, 'negative': 55, 'neutral': 51}]"
"Le Méridien Tampa, The Courthouse","Contemporary quarters in an upscale property with a French bistro, a chic bar & an outdoor pool.","{'latitude': 27.9500359, 'longitude': -82.4574679}",4,https://www.marriott.com/en-us/hotels/tpamd-le-meridien-tampa-the-courthouse/overview/?scid=f2ae0541-1279-4f24-b197-a979c79310b0,"[{'stars': 5, 'count': 837}, {'stars': 4, 'count': 261}, {'stars': 3, 'count': 102}, {'stars': 2, 'count': 34}, {'stars': 1, 'count': 64}]",1298,"[{'name': 'Couples', 'description': 'Couple friendly', 'total_mentioned': 35, 'positive': 24, 'negative': 5, 'neutral': 6}, {'name': 'Service', 'description': 'Service', 'total_mentioned': 376, 'positive': 289, 'negative': 69, 'neutral': 18}, {'name': 'Bar', 'description': 'Bar or lounge', 'total_mentioned': 141, 'positive': 112, 'negative': 19, 'neutral': 10}, {'name': 'Property', 'description': 'Property', 'total_mentioned': 520, 'positive': 411, 'negative': 67, 'neutral': 42}, {'name': 'Parking', 'description': 'Parking', 'total_mentioned': 95, 'positive': 37, 'negative': 45, 'neutral': 13}, {'name': 'Location', 'description': 'Location', 'total_mentioned': 170, 'positive': 140, 'negative': 17, 'neutral': 13}]"
JW Marriott Tampa Water Street,"Refined quarters in an upmarket hotel with a spa, a gym & a rooftop pool, plus restaurants & a bar.","{'latitude': 27.9407848, 'longitude': -82.4538954}",4,https://www.marriott.com/en-us/hotels/tpajd-jw-marriott-tampa-water-street/overview/?scid=f2ae0541-1279-4f24-b197-a979c79310b0,"[{'stars': 5, 'count': 873}, {'stars': 4, 'count': 117}, {'stars': 3, 'count': 28}, {'stars': 2, 'count': 14}, {'stars': 1, 'count': 53}]",1085,"[{'name': 'Wellness', 'description': 'Wellness', 'total_mentioned': 35, 'positive': 30, 'negative': 4, 'neutral': 1}, {'name': 'Bar', 'description': 'Bar or lounge', 'total_mentioned': 127, 'positive': 94, 'negative': 26, 'neutral': 7}, {'name': 'Spa', 'description': 'Spa', 'total_mentioned': 26, 'positive': 22, 'negative': 3, 'neutral': 1}, {'name': 'Service', 'description': 'Service', 'total_mentioned': 311, 'positive': 255, 'negative': 51, 'neutral': 5}, {'name': 'Location', 'description': 'Location', 'total_mentioned': 132, 'positive': 115, 'negative': 5, 'neutral': 12}, {'name': 'Fitness', 'description': 'Fitness', 'total_mentioned': 84, 'positive': 68, 'negative': 10, 'neutral': 6}]"
Aloft Tampa Downtown,A contemporary selection offering modern rooms with a casual bar & a 24-hour convenience store.,"{'latitude': 27.9468025, 'longitude': -82.45989809999999}",3,https://www.marriott.com/en-us/hotels/tpatl-aloft-tampa-downtown/overview/?scid=f2ae0541-1279-4f24-b197-a979c79310b0,"[{'stars': 5, 'count': 787}, {'stars': 4, 'count': 375}, {'stars': 3, 'count': 145}, {'stars': 2, 'count': 77}, {'stars': 1, 'count': 133}]",1517,"[{'name': 'Bar', 'description': 'Bar or lounge', 'total_mentioned': 244, 'positive': 172, 'negative': 48, 'neutral': 24}, {'name': 'Location', 'description': 'Location', 'total_mentioned': 264, 'positive': 222, 'negative': 18, 'neutral': 24}, {'name': 'Parking', 'description': 'Parking', 'total_mentioned': 144, 'positive': 60, 'negative': 71, 'neutral': 13}, {'name': 'Service', 'description': 'Service', 'total_mentioned': 406, 'positive': 264, 'negative': 117, 'neutral': 25}, {'name': 'Room', 'description': 'Room amenities', 'total_mentioned': 150, 'positive': 85, 'negative': 54, 'neutral': 11}, {'name': 'Nature', 'description': 'Nature and outdoor activities', 'total_mentioned': 51, 'positive': 50, 'negative': 0, 'neutral': 1}]"
The Westin Tampa Waterside,"Straightforward waterfront hotel offering a restaurant, an outdoor pool & an exercise room.","{'latitude': 27.9382456, 'longitude': -82.4547668}",4,https://www.marriott.com/en-us/hotels/tpawh-the-westin-tampa-waterside/overview/?scid=f2ae0541-1279-4f24-b197-a979c79310b0,"[{'stars': 5, 'count': 1126}, {'stars': 4, 'count': 565}, {'stars': 3, 'count': 237}, {'stars': 2, 'count': 101}, {'stars': 1, 'count': 176}]",2205,"[{'name': 'Parking', 'description': 'Parking', 'total_mentioned': 223, 'positive': 71, 'negative': 128, 'neutral': 24}, {'name': 'Location', 'description': 'Location', 'total_mentioned': 344, 'positive': 294, 'negative': 26, 'neutral': 24}, {'name': 'Service', 'description': 'Service', 'total_mentioned': 624, 'positive': 450, 'negative': 146, 'neutral': 28}, {'name': 'Room', 'description': 'Room amenities', 'total_mentioned': 272, 'positive': 164, 'negative': 79, 'neutral': 29}, {'name': 'Property', 'description': 'Property', 'total_mentioned': 630, 'positive': 405, 'negative': 169, 'neutral': 56}, {'name': 'Nature', 'description': 'Nature and outdoor activities', 'total_mentioned': 62, 'positive': 56, 'negative': 2, 'neutral': 4}]"
Hidden River,"Full-hookup RV sites in a 55+ community, with long-term rates & planned events such as bingo.","{'latitude': 27.867869499999998, 'longitude': -82.28850229999999}",N/A,https://www.sunoutdoors.com/florida/hidden-river-rv-community?utm_source=google&utm_medium=organic&utm_campaign=gbp_listing,"[{'stars': 5, 'count': 112}, {'stars': 4, 'count': 40}, {'stars': 3, 'count': 24}, {'stars': 2, 'count': 10}, {'stars': 1, 'count': 22}]",208,"[{'name': 'Property', 'description': 'Property', 'total_mentioned': 28, 'positive': 26, 'negative': 1, 'neutral': 1}, {'name': 'Service', 'description': 'Service', 'total_mentioned': 28, 'positive': 20, 'negative': 8, 'neutral': 0}, {'name': 'Atmosphere', 'description': 'Atmosphere', 'total_mentioned': 10, 'positive': 9, 'negative': 1, 'neutral': 0}]"
Fairfield Inn & Suites Tampa Riverview,"Low-key rooms & suites in an informal hotel featuring a gym, Wi-Fi & an outdoor pool.","{'latitude': 27.790583299999998, 'longitude': -82.3298239}",N/A,https://www.marriott.com/en-us/hotels/tpafr-fairfield-inn-and-suites-tampa-riverview/overview/?scid=f2ae0541-1279-4f24-b197-a979c79310b0,"[{'stars': 5, 'count': 300}, {'stars': 4, 'count': 49}, {'stars': 3, 'count': 12}, {'stars': 2, 'count': 7}, {'stars': 1, 'count': 12}]",380,"[{'name': 'Service', 'description': 'Service', 'total_mentioned': 128, 'positive': 118, 'negative': 9, 'neutral': 1}, {'name': 'Property', 'description': 'Property', 'total_mentioned': 114, 'positive': 99, 'negative': 8, 'neutral': 7}, {'name': 'Cleanliness', 'description': 'Cleanliness', 'total_mentioned': 99, 'positive': 90, 'negative': 5, 'neutral': 4}]"
"Hotel Flor Tampa Downtown, Tapestry Collection by Hilton","Ornate rooms & suites in a restored 1926 hotel with event space, a lobby bar & a WWII-era lounge.","{'latitude': 27.9520266, 'longitude': -82.45856649999999}",4,https://www.hilton.com/en/hotels/tpamtup-hotel-flor-tampa-downtown/?SEO_id=GMB-AMER-UP-TPAMTUP&y_source=1_ODI2MTM3ODQtNzE1LWxvY2F0aW9uLndlYnNpdGU%3D,"[{'stars': 5, 'count': 829}, {'stars': 4, 'count': 329}, {'stars': 3, 'count': 158}, {'stars': 2, 'count': 110}, {'stars': 1, 'count': 230}]",1656,"[{'name': 'Service', 'description': 'Service', 'total_mentioned': 527, 'positive': 341, 'negative': 155, 'neutral': 31}, {'name': 'Parking', 'description': 'Parking', 'total_mentioned': 156, 'positive': 32, 'negative': 105, 'neutral': 19}, {'name': 'Property', 'description': 'Property', 'total_mentioned': 646, 'positive': 443, 'negative': 146, 'neutral': 57}, {'name': 'Bar', 'description': 'Bar or lounge', 'total_mentioned': 152, 'positive': 96, 'negative': 43, 'neutral': 13}, {'name': 'Room', 'description': 'Room amenities', 'total_mentioned': 182, 'positive': 70, 'negative': 92, 'neutral': 20}, {'name': 'Location', 'description': 'Location', 'total_mentioned': 199, 'positive': 145, 'negative': 27, 'neutral': 27}]"
Spanish Main,"Upbeat RV park featuring a heated outdoor pool, playground, stocked fishing ponds & activities.","{'latitude': 28.063937799999998, 'longitude': -82.3055357}",N/A,https://www.sunoutdoors.com/florida/spanish-main-rv-community?utm_source=google&utm_medium=organic&utm_campaign=gbp_listing,"[{'stars': 5, 'count': 141}, {'stars': 4, 'count': 58}, {'stars': 3, 'count': 42}, {'stars': 2, 'count': 24}, {'stars': 1, 'count': 63}]",328,"[{'name': 'Property', 'description': 'Property', 'total_mentioned': 36, 'positive': 26, 'negative': 6, 'neutral': 4}, {'name': 'Cleanliness', 'description': 'Cleanliness', 'total_mentioned': 27, 'positive': 20, 'negative': 5, 'neutral': 2}, {'name': 'Atmosphere', 'description': 'Atmosphere', 'total_mentioned': 13, 'positive': 13, 'negative': 0, 'neutral': 0}]"
West Wing,"Warm suites in a casual hotel with complimentary breakfast & airport shuttle service, plus a gym.","{'latitude': 28.0538118, 'longitude': -82.43077129999999}",3,https://rapidhotels.com/WestWing,"[{'stars': 5, 'count': 621}, {'stars': 4, 'count': 208}, {'stars': 3, 'count': 68}, {'stars': 2, 'count': 29}, {'stars': 1, 'count': 78}]",1004,"[{'name': 'Service', 'description': 'Service', 'total_mentioned': 315, 'positive': 242, 'negative': 59, 'neutral': 14}, {'name': 'Breakfast', 'description': 'Breakfast', 'total_mentioned': 126, 'positive': 93, 'negative': 22, 'neutral': 11}, {'name': 'Property', 'description': 'Property', 'total_mentioned': 399, 'positive': 316, 'negative': 58, 'neutral': 25}, {'name': 'Location', 'description': 'Location', 'total_mentioned': 118, 'positive': 105, 'negative': 7, 'neutral': 6}, {'name': 'Bathroom', 'description': 'Bathroom and toiletries', 'total_mentioned': 110, 'positive': 64, 'negative': 35, 'neutral': 11}, {'name': 'Kitchen', 'description': 'Kitchen', 'total_mentioned': 81, 'positive': 58, 'negative': 18, 'neutral': 5}]"
SpringHill Suites Tampa Brandon,"Contemporary all-suite hotel with an outdoor pool, plus free Wi-Fi, parking & hot breakfast.","{'latitude': 27.940171399999997, 'longitude': -82.33812270000001}",3,https://www.marriott.com/en-us/hotels/tpabn-springhill-suites-tampa-brandon/overview/?scid=f2ae0541-1279-4f24-b197-a979c79310b0,"[{'stars': 5, 'count': 389}, {'stars': 4, 'count': 183}, {'stars': 3, 'count': 88}, {'stars': 2, 'count': 31}, {'stars': 1, 'count': 57}]",748,"[{'name': 'Service', 'description': 'Service', 'total_mentioned': 203, 'positive': 150, 'negative': 44, 'neutral': 9}, {'name': 'Property', 'description': 'Property', 'total_mentioned': 220, 'positive': 152, 'negative': 53, 'neutral': 15}, {'name': 'Cleanliness', 'description': 'Cleanliness', 'total_mentioned': 173, 'positive': 124, 'negative': 41, 'neutral': 8}, {'name': 'Air Conditioning', 'description': 'Air conditioning', 'total_mentioned': 10, 'positive': 2, 'negative': 7, 'neutral': 1}, {'name': 'Accessibility', 'description': 'Accessibility', 'total_mentioned': 32, 'positive': 4, 'negative': 25, 'neutral': 3}, {'name': 'Bathroom', 'description': 'Bathroom and toiletries', 'total_mentioned': 48, 'positive': 10, 'negative': 31, 'neutral': 7}]"
Red Roof Inn Tampa - Brandon,"Modest rooms, some with minifridges & microwaves, in a simple budget hotel offering parking.","{'latitude': 27.944430999999998, 'longitude': -82.3322261}",2,https://www.redroof.com/property/fl/tampa/RRI173?utm_source=GMB&utm_medium=Google&utm_campaign=GMB_Performance_RRI173,"[{'stars': 5, 'count': 263}, {'stars': 4, 'count': 213}, {'stars': 3, 'count': 250}, {'stars': 2, 'count': 153}, {'stars': 1, 'count': 559}]",1438,"[{'name': 'Location', 'description': 'Location', 'total_mentioned': 59, 'positive': 37, 'negative': 17, 'neutral': 5}, {'name': 'Atmosphere', 'description': 'Atmosphere', 'total_mentioned': 10, 'positive': 6, 'negative': 1, 'neutral': 3}, {'name': 'Dining', 'description': 'Food and Beverage', 'total_mentioned': 11, 'positive': 2, 'negative': 9, 'neutral': 0}, {'name': 'Wi-Fi', 'description': 'Wi-Fi', 'total_mentioned': 16, 'positive': 4, 'negative': 11, 'neutral': 1}, {'name': 'Nightlife', 'description': 'Nightlife', 'total_mentioned': 10, 'positive': 2, 'negative': 8, 'neutral': 0}]"
Hotel Haya,"Sophisticated hotel offering a restaurant/bar & a cafe, plus an outdoor pool & a poolside bar.","{'latitude': 27.960721699999997, 'longitude': -82.4438299}",4,http://hotelhaya.com/?utm_source=google-gbp&utm_medium=organic&utm_campaign=gbp,"[{'stars': 5, 'count': 635}, {'stars': 4, 'count': 101}, {'stars': 3, 'count': 35}, {'stars': 2, 'count': 23}, {'stars': 1, 'count': 48}]",842,"[{'name': 'Bar', 'description': 'Bar or lounge', 'total_mentioned': 142, 'positive': 115, 'negative': 17, 'neutral': 10}, {'name': 'Parking', 'description': 'Parking', 'total_mentioned': 88, 'positive': 42, 'negative': 38, 'neutral': 8}, {'name': 'Location', 'description': 'Location', 'total_mentioned': 137, 'positive': 120, 'negative': 8, 'neutral': 9}, {'name': 'Service', 'description': 'Service', 'total_mentioned': 263, 'positive': 204, 'negative': 47, 'neutral': 12}, {'name': 'Couples', 'description': 'Couple friendly', 'total_mentioned': 24, 'positive': 17, 'negative': 5, 'neutral': 2}, {'name': 'Dining', 'description': 'Food and Beverage', 'total_mentioned': 107, 'positive': 83, 'negative': 19, 'neutral': 5}]"
Tampa East,"RV sites & cottages at a resort with 3 outdoor pools, game rooms, a playground & shuffleboard.","{'latitude': 28.019566299999997, 'longitude': -82.2451261}",2,https://www.sunoutdoors.com/florida/tampa-east-rv-community?utm_source=google&utm_medium=organic&utm_campaign=gbp_listing,"[{'stars': 5, 'count': 159}, {'stars': 4, 'count': 74}, {'stars': 3, 'count': 41}, {'stars': 2, 'count': 14}, {'stars': 1, 'count': 25}]",313,"[{'name': 'Property', 'description': 'Property', 'total_mentioned': 42, 'positive': 36, 'negative': 5, 'neutral': 1}, {'name': 'Cleanliness', 'description': 'Cleanliness', 'total_mentioned': 35, 'positive': 23, 'negative': 8, 'neutral': 4}, {'name': 'Atmosphere', 'description': 'Atmosphere', 'total_mentioned': 13, 'positive': 13, 'negative': 0, 'neutral': 0}, {'name': 'Room', 'description': 'Room amenities', 'total_mentioned': 15, 'positive': 4, 'negative': 8, 'neutral': 3}, {'name': 'Parking', 'description': 'Parking', 'total_mentioned': 10, 'positive': 1, 'negative': 8, 'neutral': 1}, {'name': 'Sleep', 'description': 'Sleep', 'total_mentioned': 11, 'positive': 3, 'negative': 8, 'neutral': 0}]"
Rice Creek RV Resort,"Relaxed, oak tree–shaded RV park with paved bike lanes, pools, billiards, shuffleboard & more.","{'latitude': 27.845072199999997, 'longitude': -82.3256195}",N/A,https://rvresorts.com/rice-creek-rv-resort,"[{'stars': 5, 'count': 141}, {'stars': 4, 'count': 75}, {'stars': 3, 'count': 21}, {'stars': 2, 'count': 9}, {'stars': 1, 'count': 18}]",264,"[{'name': 'Property', 'description': 'Property', 'total_mentioned': 30, 'positive': 29, 'negative': 0, 'neutral': 1}, {'name': 'Cleanliness', 'description': 'Cleanliness', 'total_mentioned': 18, 'positive': 15, 'negative': 3, 'neutral': 0}, {'name': 'Service', 'description': 'Service', 'total_mentioned': 32, 'positive': 21, 'negative': 10, 'neutral': 1}]"
