Name,Description,Coordinates,Hotel Class,Link,Ratings,Reviews,Reviews Breakdown
Oasis Palms Resort,"Homey rooms & suites with flat-screen TVs, microwaves & minifridges, plus a pool & BBQ pits.","{'latitude': 27.7759318, 'longitude': -82.77580360000002}",2,https://oasispalmsresort.com/,"[{'stars': 5, 'count': 125}, {'stars': 4, 'count': 35}, {'stars': 3, 'count': 18}, {'stars': 2, 'count': 5}, {'stars': 1, 'count': 17}]",200,"[{'name': 'Cleanliness', 'description': 'Cleanliness', 'total_mentioned': 66, 'positive': 58, 'negative': 4, 'neutral': 4}, {'name': 'Service', 'description': 'Service', 'total_mentioned': 61, 'positive': 52, 'negative': 8, 'neutral': 1}, {'name': 'Property', 'description': 'Property', 'total_mentioned': 69, 'positive': 59, 'negative': 5, 'neutral': 5}, {'name': 'Nature', 'description': 'Nature and outdoor activities', 'total_mentioned': 44, 'positive': 36, 'negative': 1, 'neutral': 7}, {'name': 'Safety', 'description': 'Safety', 'total_mentioned': 5, 'positive': 2, 'negative': 3, 'neutral': 0}, {'name': 'Fitness', 'description': 'Fitness', 'total_mentioned': 24, 'positive': 18, 'negative': 5, 'neutral': 1}]"
Sirata Beach Resort,"Casual resort offering classic rooms, plus multiple pools, beachfront bars/eateries & event space.","{'latitude': 27.727784099999997, 'longitude': -82.7429159}",3,https://www.sirata.com/?utm_source=google&utm_medium=listing&utm_campaign=sirata+beach+resort,"[{'stars': 5, 'count': 2503}, {'stars': 4, 'count': 1275}, {'stars': 3, 'count': 646}, {'stars': 2, 'count': 411}, {'stars': 1, 'count': 738}]",5573,"[{'name': 'Bar', 'description': 'Bar or lounge', 'total_mentioned': 634, 'positive': 389, 'negative': 181, 'neutral': 64}, {'name': 'Dining', 'description': 'Food and Beverage', 'total_mentioned': 561, 'positive': 334, 'negative': 184, 'neutral': 43}, {'name': 'Bathroom', 'description': 'Bathroom and toiletries', 'total_mentioned': 634, 'positive': 60, 'negative': 527, 'neutral': 47}, {'name': 'Couples', 'description': 'Couple friendly', 'total_mentioned': 191, 'positive': 107, 'negative': 50, 'neutral': 34}, {'name': 'Breakfast', 'description': 'Breakfast', 'total_mentioned': 223, 'positive': 121, 'negative': 84, 'neutral': 18}, {'name': 'Parking', 'description': 'Parking', 'total_mentioned': 287, 'positive': 33, 'negative': 215, 'neutral': 39}]"
Island Inn Beach Resort,"Beachfront hotel with water-view quarters featuring kitchens, plus a pool & kayaks.","{'latitude': 27.758843799999998, 'longitude': -82.7657653}",2,http://www.islandinnresort.com/,"[{'stars': 5, 'count': 809}, {'stars': 4, 'count': 371}, {'stars': 3, 'count': 139}, {'stars': 2, 'count': 55}, {'stars': 1, 'count': 70}]",1444,"[{'name': 'Bar', 'description': 'Bar or lounge', 'total_mentioned': 161, 'positive': 129, 'negative': 17, 'neutral': 15}, {'name': 'Dining', 'description': 'Food and Beverage', 'total_mentioned': 88, 'positive': 70, 'negative': 8, 'neutral': 10}, {'name': 'Nature', 'description': 'Nature and outdoor activities', 'total_mentioned': 345, 'positive': 306, 'negative': 20, 'neutral': 19}, {'name': 'Room', 'description': 'Room amenities', 'total_mentioned': 222, 'positive': 151, 'negative': 50, 'neutral': 21}, {'name': 'Cleanliness', 'description': 'Cleanliness', 'total_mentioned': 257, 'positive': 151, 'negative': 91, 'neutral': 15}, {'name': 'Service', 'description': 'Service', 'total_mentioned': 245, 'positive': 172, 'negative': 56, 'neutral': 17}]"
The Beach House - Treasure Island,"Family-run motel with functional rooms & suites, plus a 3-bedroom beachside house with a kitchen.","{'latitude': 27.776854500000002, 'longitude': -82.7790892}",2,http://www.beachhouseti.com/,"[{'stars': 5, 'count': 278}, {'stars': 4, 'count': 52}, {'stars': 3, 'count': 13}, {'stars': 2, 'count': 10}, {'stars': 1, 'count': 8}]",361,"[{'name': 'Nature', 'description': 'Nature and outdoor activities', 'total_mentioned': 143, 'positive': 129, 'negative': 3, 'neutral': 11}, {'name': 'Service', 'description': 'Service', 'total_mentioned': 122, 'positive': 108, 'negative': 9, 'neutral': 5}, {'name': 'Cleanliness', 'description': 'Cleanliness', 'total_mentioned': 123, 'positive': 115, 'negative': 4, 'neutral': 4}, {'name': 'Location', 'description': 'Location', 'total_mentioned': 130, 'positive': 118, 'negative': 3, 'neutral': 9}, {'name': 'Couples', 'description': 'Couple friendly', 'total_mentioned': 9, 'positive': 8, 'negative': 0, 'neutral': 1}, {'name': 'Property', 'description': 'Property', 'total_mentioned': 137, 'positive': 122, 'negative': 9, 'neutral': 6}]"
Sunset Vistas Beachfront Suites,Modern suites with gulf views & full kitchens in a beachfront hotel offering a pool & hot tubs.,"{'latitude': 27.7764067, 'longitude': -82.77871329999999}",3,http://www.providentresorts.com/sunset-vistas-beachfront-suites/?utm_source=local&utm_campaign=gmb&utm_medium=organic,"[{'stars': 5, 'count': 1471}, {'stars': 4, 'count': 508}, {'stars': 3, 'count': 171}, {'stars': 2, 'count': 65}, {'stars': 1, 'count': 86}]",2301,"[{'name': 'Bar', 'description': 'Bar or lounge', 'total_mentioned': 181, 'positive': 143, 'negative': 25, 'neutral': 13}, {'name': 'Dining', 'description': 'Food and Beverage', 'total_mentioned': 119, 'positive': 83, 'negative': 26, 'neutral': 10}, {'name': 'Nature', 'description': 'Nature and outdoor activities', 'total_mentioned': 540, 'positive': 493, 'negative': 24, 'neutral': 23}, {'name': 'Fitness', 'description': 'Fitness', 'total_mentioned': 309, 'positive': 236, 'negative': 37, 'neutral': 36}, {'name': 'Breakfast', 'description': 'Breakfast', 'total_mentioned': 43, 'positive': 32, 'negative': 10, 'neutral': 1}, {'name': 'Room', 'description': 'Room amenities', 'total_mentioned': 311, 'positive': 191, 'negative': 92, 'neutral': 28}]"
Madeira Bay Resort,"Relaxed condos in a Mediterranean-style waterfront lodging offering a spa, a pool & a restaurant.","{'latitude': 27.7891038, 'longitude': -82.7865089}",3,http://www.madeirabayresort.com/,"[{'stars': 5, 'count': 264}, {'stars': 4, 'count': 98}, {'stars': 3, 'count': 44}, {'stars': 2, 'count': 8}, {'stars': 1, 'count': 33}]",447,"[{'name': 'Sleep', 'description': 'Sleep', 'total_mentioned': 45, 'positive': 13, 'negative': 24, 'neutral': 8}, {'name': 'Room', 'description': 'Room amenities', 'total_mentioned': 59, 'positive': 34, 'negative': 20, 'neutral': 5}, {'name': 'Service', 'description': 'Service', 'total_mentioned': 86, 'positive': 57, 'negative': 23, 'neutral': 6}, {'name': 'Fitness', 'description': 'Fitness', 'total_mentioned': 37, 'positive': 19, 'negative': 14, 'neutral': 4}, {'name': 'Parking', 'description': 'Parking', 'total_mentioned': 22, 'positive': 11, 'negative': 8, 'neutral': 3}, {'name': 'Bathroom', 'description': 'Bathroom and toiletries', 'total_mentioned': 37, 'positive': 9, 'negative': 24, 'neutral': 4}]"
The Pearl Cabana Club,"Modest quarters, some with balconies, in an informal hotel featuring an outdoor pool & a BBQ area.","{'latitude': 27.7374928, 'longitude': -82.7509279}",3,https://www.pearlcabanaclub.com/,"[{'stars': 5, 'count': 114}, {'stars': 4, 'count': 8}, {'stars': 3, 'count': 2}, {'stars': 2, 'count': 2}, {'stars': 1, 'count': 4}]",130,"[{'name': 'Pets', 'description': 'Pets', 'total_mentioned': 11, 'positive': 9, 'negative': 1, 'neutral': 1}, {'name': 'Safety', 'description': 'Safety', 'total_mentioned': 9, 'positive': 7, 'negative': 1, 'neutral': 1}, {'name': 'Fitness', 'description': 'Fitness', 'total_mentioned': 43, 'positive': 39, 'negative': 1, 'neutral': 3}, {'name': 'Nature', 'description': 'Nature and outdoor activities', 'total_mentioned': 73, 'positive': 66, 'negative': 1, 'neutral': 6}, {'name': 'Nightlife', 'description': 'Nightlife', 'total_mentioned': 8, 'positive': 7, 'negative': 0, 'neutral': 1}, {'name': 'Bar', 'description': 'Bar or lounge', 'total_mentioned': 13, 'positive': 10, 'negative': 0, 'neutral': 3}]"
The Don CeSar,"Beachfront lodging & spa with upscale rooms & suites, plus 2 pools, several restaurants & a gym.","{'latitude': 27.7093146, 'longitude': -82.7372668}",N/A,https://www.doncesar.com/?utm_source=google&utm_medium=organic&utm_campaign=gbp_listing,"[{'stars': 5, 'count': 3045}, {'stars': 4, 'count': 676}, {'stars': 3, 'count': 252}, {'stars': 2, 'count': 161}, {'stars': 1, 'count': 272}]",4406,"[{'name': 'Wellness', 'description': 'Wellness', 'total_mentioned': 122, 'positive': 80, 'negative': 27, 'neutral': 15}, {'name': 'Bar', 'description': 'Bar or lounge', 'total_mentioned': 414, 'positive': 258, 'negative': 111, 'neutral': 45}, {'name': 'Dining', 'description': 'Food and Beverage', 'total_mentioned': 407, 'positive': 234, 'negative': 117, 'neutral': 56}, {'name': 'Spa', 'description': 'Spa', 'total_mentioned': 92, 'positive': 61, 'negative': 16, 'neutral': 15}, {'name': 'Couples', 'description': 'Couple friendly', 'total_mentioned': 154, 'positive': 99, 'negative': 22, 'neutral': 33}, {'name': 'Breakfast', 'description': 'Breakfast', 'total_mentioned': 167, 'positive': 103, 'negative': 53, 'neutral': 11}]"
Gulf Winds Resort,"Timeshare with beachy studio- to 2-bedroom suites, shuffleboard, an outdoor pool & guest laundry.","{'latitude': 27.736800199999998, 'longitude': -82.75044530000001}",3,http://www.gulfwindsresort.com/,"[{'stars': 5, 'count': 110}, {'stars': 4, 'count': 41}, {'stars': 3, 'count': 23}, {'stars': 2, 'count': 12}, {'stars': 1, 'count': 8}]",194,"[{'name': 'Sleep', 'description': 'Sleep', 'total_mentioned': 15, 'positive': 2, 'negative': 10, 'neutral': 3}, {'name': 'Kitchen', 'description': 'Kitchen', 'total_mentioned': 13, 'positive': 10, 'negative': 3, 'neutral': 0}, {'name': 'Air Conditioning', 'description': 'Air conditioning', 'total_mentioned': 5, 'positive': 0, 'negative': 4, 'neutral': 1}, {'name': 'Parking', 'description': 'Parking', 'total_mentioned': 7, 'positive': 1, 'negative': 6, 'neutral': 0}, {'name': 'Room', 'description': 'Room amenities', 'total_mentioned': 20, 'positive': 7, 'negative': 10, 'neutral': 3}, {'name': 'Nature', 'description': 'Nature and outdoor activities', 'total_mentioned': 44, 'positive': 41, 'negative': 0, 'neutral': 3}]"
Surf Song Resort Condominiums,"Low-rise beachfront property offering laid-back condos, some with ocean views, plus a heated pool.","{'latitude': 27.7855076, 'longitude': -82.78456779999999}",N/A,http://www.surfsongfl.com/,"[{'stars': 5, 'count': 195}, {'stars': 4, 'count': 68}, {'stars': 3, 'count': 11}, {'stars': 2, 'count': 8}, {'stars': 1, 'count': 12}]",294,"[{'name': 'Fitness', 'description': 'Fitness', 'total_mentioned': 34, 'positive': 25, 'negative': 5, 'neutral': 4}, {'name': 'Family', 'description': 'Family friendly', 'total_mentioned': 18, 'positive': 15, 'negative': 2, 'neutral': 1}, {'name': 'Room', 'description': 'Room amenities', 'total_mentioned': 30, 'positive': 13, 'negative': 14, 'neutral': 3}, {'name': 'Pool', 'description': 'Pool', 'total_mentioned': 25, 'positive': 21, 'negative': 2, 'neutral': 2}, {'name': 'Accessibility', 'description': 'Accessibility', 'total_mentioned': 8, 'positive': 4, 'negative': 4, 'neutral': 0}, {'name': 'Sleep', 'description': 'Sleep', 'total_mentioned': 18, 'positive': 5, 'negative': 10, 'neutral': 3}]"
Coral Reef Beach Resort,"Timeshare option offering relaxed condos with kitchens, plus pools, hot tubs, grills & shuffleboard.","{'latitude': 27.7312367, 'longitude': -82.74604289999999}",3,https://www.coralreefresort.net/?utm_source=google&utm_medium=gbp&utm_campaign=local,"[{'stars': 5, 'count': 323}, {'stars': 4, 'count': 91}, {'stars': 3, 'count': 29}, {'stars': 2, 'count': 7}, {'stars': 1, 'count': 14}]",464,"[{'name': 'Fitness', 'description': 'Fitness', 'total_mentioned': 124, 'positive': 107, 'negative': 5, 'neutral': 12}, {'name': 'Pool', 'description': 'Pool', 'total_mentioned': 79, 'positive': 73, 'negative': 3, 'neutral': 3}, {'name': 'Beach', 'description': 'Beach', 'total_mentioned': 36, 'positive': 31, 'negative': 1, 'neutral': 4}, {'name': 'Bathroom', 'description': 'Bathroom and toiletries', 'total_mentioned': 37, 'positive': 23, 'negative': 9, 'neutral': 5}, {'name': 'Hot Tub', 'description': 'Hot tub', 'total_mentioned': 7, 'positive': 4, 'negative': 1, 'neutral': 2}, {'name': 'Nature', 'description': 'Nature and outdoor activities', 'total_mentioned': 108, 'positive': 97, 'negative': 2, 'neutral': 9}]"
Treasure Island Hotel and Marina,"Informal hotel featuring an outdoor pool, a hot tub & a rooftop terrace, plus a gym & a marina.","{'latitude': 27.771832, 'longitude': -82.7711532}",3,https://treasureislandhotelfl.com/,"[{'stars': 5, 'count': 616}, {'stars': 4, 'count': 273}, {'stars': 3, 'count': 107}, {'stars': 2, 'count': 52}, {'stars': 1, 'count': 127}]",1175,"[{'name': 'Breakfast', 'description': 'Breakfast', 'total_mentioned': 130, 'positive': 76, 'negative': 43, 'neutral': 11}, {'name': 'Bar', 'description': 'Bar or lounge', 'total_mentioned': 121, 'positive': 99, 'negative': 16, 'neutral': 6}, {'name': 'Restaurant', 'description': 'Restaurant', 'total_mentioned': 61, 'positive': 34, 'negative': 24, 'neutral': 3}, {'name': 'Service', 'description': 'Service', 'total_mentioned': 369, 'positive': 254, 'negative': 93, 'neutral': 22}, {'name': 'Dining', 'description': 'Food and Beverage', 'total_mentioned': 70, 'positive': 55, 'negative': 12, 'neutral': 3}, {'name': 'Hot Tub', 'description': 'Hot tub', 'total_mentioned': 44, 'positive': 35, 'negative': 7, 'neutral': 2}]"
Barefoot Beach Club,"Straightforward sandside all-suiter featuring basic units, a heated outdoor pool & courtesy Wi-Fi.","{'latitude': 27.788563999999997, 'longitude': -82.786601}",3,http://www.barefootbeachclub.com/,"[{'stars': 5, 'count': 750}, {'stars': 4, 'count': 240}, {'stars': 3, 'count': 106}, {'stars': 2, 'count': 22}, {'stars': 1, 'count': 57}]",1175,"[{'name': 'Fitness', 'description': 'Fitness', 'total_mentioned': 166, 'positive': 113, 'negative': 32, 'neutral': 21}, {'name': 'Room', 'description': 'Room amenities', 'total_mentioned': 153, 'positive': 107, 'negative': 28, 'neutral': 18}, {'name': 'Pool', 'description': 'Pool', 'total_mentioned': 108, 'positive': 86, 'negative': 9, 'neutral': 13}, {'name': 'Sleep', 'description': 'Sleep', 'total_mentioned': 95, 'positive': 27, 'negative': 46, 'neutral': 22}, {'name': 'Parking', 'description': 'Parking', 'total_mentioned': 56, 'positive': 29, 'negative': 21, 'neutral': 6}, {'name': 'Bathroom', 'description': 'Bathroom and toiletries', 'total_mentioned': 102, 'positive': 45, 'negative': 42, 'neutral': 15}]"
Courtyard St. Petersburg Clearwater/Madeira Beach,"Understated hotel offering free Wi-Fi, a cafe/bar & an indoor pool, plus a lounge & a gym.","{'latitude': 27.809453299999998, 'longitude': -82.7945848}",3,https://www.marriott.com/en-us/hotels/tpamb-courtyard-st-petersburg-clearwater-madeira-beach/overview/?scid=f2ae0541-1279-4f24-b197-a979c79310b0,"[{'stars': 5, 'count': 660}, {'stars': 4, 'count': 158}, {'stars': 3, 'count': 35}, {'stars': 2, 'count': 10}, {'stars': 1, 'count': 23}]",886,"[{'name': 'Breakfast', 'description': 'Breakfast', 'total_mentioned': 40, 'positive': 27, 'negative': 9, 'neutral': 4}, {'name': 'Service', 'description': 'Service', 'total_mentioned': 276, 'positive': 253, 'negative': 16, 'neutral': 7}, {'name': 'Room', 'description': 'Room amenities', 'total_mentioned': 127, 'positive': 106, 'negative': 13, 'neutral': 8}, {'name': 'Fitness', 'description': 'Fitness', 'total_mentioned': 96, 'positive': 81, 'negative': 7, 'neutral': 8}, {'name': 'Bar', 'description': 'Bar or lounge', 'total_mentioned': 46, 'positive': 40, 'negative': 3, 'neutral': 3}, {'name': 'Pool', 'description': 'Pool', 'total_mentioned': 63, 'positive': 55, 'negative': 4, 'neutral': 4}]"
Sea Turtle Bungalows,N/A,"{'latitude': 27.7864456, 'longitude': -82.7818238}",N/A,http://www.seaturtlebungalows.com/,"[{'stars': 5, 'count': 39}, {'stars': 4, 'count': 1}, {'stars': 3, 'count': 2}, {'stars': 2, 'count': 0}, {'stars': 1, 'count': 1}]",43,"[{'name': 'Family', 'description': 'Family friendly', 'total_mentioned': 9, 'positive': 8, 'negative': 0, 'neutral': 1}, {'name': 'Location', 'description': 'Location', 'total_mentioned': 22, 'positive': 21, 'negative': 0, 'neutral': 1}, {'name': 'Service', 'description': 'Service', 'total_mentioned': 19, 'positive': 19, 'negative': 0, 'neutral': 0}, {'name': 'Cleanliness', 'description': 'Cleanliness', 'total_mentioned': 17, 'positive': 17, 'negative': 0, 'neutral': 0}, {'name': 'Property', 'description': 'Property', 'total_mentioned': 10, 'positive': 10, 'negative': 0, 'neutral': 0}, {'name': 'Nature', 'description': 'Nature and outdoor activities', 'total_mentioned': 17, 'positive': 13, 'negative': 1, 'neutral': 3}]"
Hilton Garden Inn St. Pete Beach,"Relaxed hotel on the beach offering an outdoor pool, a gym & an airy restaurant/bar with live music.","{'latitude': 27.7327034, 'longitude': -82.74684030000002}",3,https://www.hilton.com/en/hotels/piespgi-hilton-garden-inn-st-pete-beach/?SEO_id=GMB-AMER-GI-PIESPGI&y_source=1_MjMyMjYwMDMtNzE1LWxvY2F0aW9uLndlYnNpdGU%3D,"[{'stars': 5, 'count': 528}, {'stars': 4, 'count': 104}, {'stars': 3, 'count': 48}, {'stars': 2, 'count': 23}, {'stars': 1, 'count': 50}]",753,"[{'name': 'Bar', 'description': 'Bar or lounge', 'total_mentioned': 111, 'positive': 89, 'negative': 12, 'neutral': 10}, {'name': 'Nightlife', 'description': 'Nightlife', 'total_mentioned': 55, 'positive': 38, 'negative': 13, 'neutral': 4}, {'name': 'Breakfast', 'description': 'Breakfast', 'total_mentioned': 63, 'positive': 43, 'negative': 10, 'neutral': 10}, {'name': 'Dining', 'description': 'Food and Beverage', 'total_mentioned': 90, 'positive': 72, 'negative': 12, 'neutral': 6}, {'name': 'Restaurant', 'description': 'Restaurant', 'total_mentioned': 26, 'positive': 16, 'negative': 5, 'neutral': 5}, {'name': 'Fitness', 'description': 'Fitness', 'total_mentioned': 127, 'positive': 101, 'negative': 18, 'neutral': 8}]"
Residence Inn St. Petersburg Tierra Verde,"Casual all-suite hotel featuring rooftop dining & an outdoor pool, plus bay & gulf views.","{'latitude': 27.689837500000003, 'longitude': -82.7208982}",3,https://www.marriott.com/en-us/hotels/tpavr-residence-inn-st-petersburg-tierra-verde/overview/?scid=f2ae0541-1279-4f24-b197-a979c79310b0,"[{'stars': 5, 'count': 310}, {'stars': 4, 'count': 42}, {'stars': 3, 'count': 15}, {'stars': 2, 'count': 7}, {'stars': 1, 'count': 19}]",393,"[{'name': 'Property', 'description': 'Property', 'total_mentioned': 137, 'positive': 123, 'negative': 9, 'neutral': 5}, {'name': 'Service', 'description': 'Service', 'total_mentioned': 143, 'positive': 111, 'negative': 23, 'neutral': 9}, {'name': 'Location', 'description': 'Location', 'total_mentioned': 75, 'positive': 63, 'negative': 4, 'neutral': 8}]"
Seahorse Cottages of Treasure Island,N/A,"{'latitude': 27.765518, 'longitude': -82.76810499999999}",3,http://seahorsebeachfront.com/,"[{'stars': 5, 'count': 65}, {'stars': 4, 'count': 22}, {'stars': 3, 'count': 11}, {'stars': 2, 'count': 4}, {'stars': 1, 'count': 4}]",106,"[{'name': 'Nature', 'description': 'Nature and outdoor activities', 'total_mentioned': 42, 'positive': 35, 'negative': 4, 'neutral': 3}, {'name': 'Beach', 'description': 'Beach', 'total_mentioned': 8, 'positive': 8, 'negative': 0, 'neutral': 0}, {'name': 'Location', 'description': 'Location', 'total_mentioned': 28, 'positive': 24, 'negative': 1, 'neutral': 3}, {'name': 'Room', 'description': 'Room amenities', 'total_mentioned': 14, 'positive': 8, 'negative': 2, 'neutral': 4}, {'name': 'Kitchen', 'description': 'Kitchen', 'total_mentioned': 9, 'positive': 4, 'negative': 3, 'neutral': 2}, {'name': 'Bathroom', 'description': 'Bathroom and toiletries', 'total_mentioned': 11, 'positive': 1, 'negative': 7, 'neutral': 3}]"
