Name,Description,Coordinates,Hotel Class,Link,Ratings,Reviews,Reviews Breakdown
Nicewonder Farm & Vineyards,N/A,"{'latitude': 36.629311799999996, 'longitude': -82.0949663}",N/A,http://www.nicewonderfarm.com/,"[{'stars': 5, 'count': 81}, {'stars': 4, 'count': 4}, {'stars': 3, 'count': 3}, {'stars': 2, 'count': 6}, {'stars': 1, 'count': 2}]",96,"[{'name': 'Service', 'description': 'Service', 'total_mentioned': 44, 'positive': 40, 'negative': 3, 'neutral': 1}, {'name': 'Dining', 'description': 'Food and Beverage', 'total_mentioned': 33, 'positive': 25, 'negative': 4, 'neutral': 4}, {'name': 'Property', 'description': 'Property', 'total_mentioned': 24, 'positive': 20, 'negative': 3, 'neutral': 1}]"
RaceDay Tower One,N/A,"{'latitude': 36.5158717, 'longitude': -82.262053}",N/A,https://www.racelodging.com/raceday-center-condos,"[{'stars': 5, 'count': 37}, {'stars': 4, 'count': 5}, {'stars': 3, 'count': 2}, {'stars': 2, 'count': 0}, {'stars': 1, 'count': 1}]",45,"[{'name': 'Property', 'description': 'Property', 'total_mentioned': 6, 'positive': 5, 'negative': 1, 'neutral': 0}]"
The Martha Washington Inn & Spa,"Upscale hotel & spa with elegant rooms, an indoor pool, shuttle service & on-site dining.","{'latitude': 36.7097747, 'longitude': -81.9756294}",4,https://rapidhotels.com/TheMarthaWashington,"[{'stars': 5, 'count': 430}, {'stars': 4, 'count': 90}, {'stars': 3, 'count': 24}, {'stars': 2, 'count': 14}, {'stars': 1, 'count': 17}]",575,"[{'name': 'Wellness', 'description': 'Wellness', 'total_mentioned': 60, 'positive': 45, 'negative': 11, 'neutral': 4}, {'name': 'Spa', 'description': 'Spa', 'total_mentioned': 49, 'positive': 36, 'negative': 9, 'neutral': 4}, {'name': 'Couples', 'description': 'Couple friendly', 'total_mentioned': 29, 'positive': 25, 'negative': 0, 'neutral': 4}, {'name': 'Fitness', 'description': 'Fitness', 'total_mentioned': 62, 'positive': 52, 'negative': 5, 'neutral': 5}, {'name': 'Hot Tub', 'description': 'Hot tub', 'total_mentioned': 25, 'positive': 22, 'negative': 0, 'neutral': 3}, {'name': 'Dining', 'description': 'Food and Beverage', 'total_mentioned': 61, 'positive': 43, 'negative': 13, 'neutral': 5}]"
The Bristol Hotel,"Vintage-chic quarters in a contemporary hotel with a restaurant, a rooftop bar & mountain views.","{'latitude': 36.596098, 'longitude': -82.18225749999999}",4,https://www.bristolhotelva.com/?utm_source=google&utm_medium=organic&utm_campaign=business_listing,"[{'stars': 5, 'count': 519}, {'stars': 4, 'count': 66}, {'stars': 3, 'count': 21}, {'stars': 2, 'count': 12}, {'stars': 1, 'count': 28}]",646,"[{'name': 'Bar', 'description': 'Bar or lounge', 'total_mentioned': 143, 'positive': 111, 'negative': 14, 'neutral': 18}, {'name': 'Dining', 'description': 'Food and Beverage', 'total_mentioned': 113, 'positive': 91, 'negative': 14, 'neutral': 8}, {'name': 'Couples', 'description': 'Couple friendly', 'total_mentioned': 15, 'positive': 13, 'negative': 0, 'neutral': 2}, {'name': 'Nature', 'description': 'Nature and outdoor activities', 'total_mentioned': 17, 'positive': 17, 'negative': 0, 'neutral': 0}, {'name': 'Pets', 'description': 'Pets', 'total_mentioned': 22, 'positive': 19, 'negative': 1, 'neutral': 2}, {'name': 'Breakfast', 'description': 'Breakfast', 'total_mentioned': 63, 'positive': 52, 'negative': 5, 'neutral': 6}]"
South Holston River Lodge,Relaxed cabins in a riverside lodge offering inclusive meals & guided fishing trips.,"{'latitude': 36.5011566, 'longitude': -82.1598776}",N/A,http://www.southholstonriverlodge.com/,"[{'stars': 5, 'count': 65}, {'stars': 4, 'count': 5}, {'stars': 3, 'count': 0}, {'stars': 2, 'count': 0}, {'stars': 1, 'count': 1}]",71,"[{'name': 'Service', 'description': 'Service', 'total_mentioned': 23, 'positive': 22, 'negative': 0, 'neutral': 1}, {'name': 'Nature', 'description': 'Nature and outdoor activities', 'total_mentioned': 16, 'positive': 15, 'negative': 0, 'neutral': 1}]"
The Sessions Hotel,N/A,"{'latitude': 36.5952664, 'longitude': -82.1877009}",4,https://www.sessionshotel.com/?utm_source=google&utm_medium=organic&utm_campaign=gbp_listing,"[{'stars': 5, 'count': 351}, {'stars': 4, 'count': 43}, {'stars': 3, 'count': 13}, {'stars': 2, 'count': 7}, {'stars': 1, 'count': 6}]",420,"[{'name': 'Bar', 'description': 'Bar or lounge', 'total_mentioned': 40, 'positive': 30, 'negative': 5, 'neutral': 5}, {'name': 'Dining', 'description': 'Food and Beverage', 'total_mentioned': 63, 'positive': 53, 'negative': 6, 'neutral': 4}, {'name': 'Nightlife', 'description': 'Nightlife', 'total_mentioned': 38, 'positive': 32, 'negative': 2, 'neutral': 4}, {'name': 'Location', 'description': 'Location', 'total_mentioned': 86, 'positive': 85, 'negative': 0, 'neutral': 1}, {'name': 'Business', 'description': 'Business', 'total_mentioned': 20, 'positive': 13, 'negative': 2, 'neutral': 5}, {'name': 'Property', 'description': 'Property', 'total_mentioned': 230, 'positive': 208, 'negative': 11, 'neutral': 11}]"
Skyland Inn,"Budget motel features a seasonal outdoor pool & basic rooms with fridges, microwaves & free Wi-Fi.","{'latitude': 36.6553761, 'longitude': -82.08216469999999}",1,N/A,"[{'stars': 5, 'count': 64}, {'stars': 4, 'count': 30}, {'stars': 3, 'count': 25}, {'stars': 2, 'count': 20}, {'stars': 1, 'count': 57}]",196,"[{'name': 'Kitchen', 'description': 'Kitchen', 'total_mentioned': 10, 'positive': 0, 'negative': 8, 'neutral': 2}, {'name': 'Sleep', 'description': 'Sleep', 'total_mentioned': 33, 'positive': 5, 'negative': 24, 'neutral': 4}, {'name': 'Bathroom', 'description': 'Bathroom and toiletries', 'total_mentioned': 27, 'positive': 4, 'negative': 20, 'neutral': 3}]"
Courtyard Bristol,"Modern hotel with an American restaurant & an indoor pool, plus free WiFi & parking.","{'latitude': 36.6287711, 'longitude': -82.12745369999999}",3,https://www.marriott.com/en-us/hotels/tricy-courtyard-bristol/overview/?scid=f2ae0541-1279-4f24-b197-a979c79310b0,"[{'stars': 5, 'count': 544}, {'stars': 4, 'count': 233}, {'stars': 3, 'count': 83}, {'stars': 2, 'count': 40}, {'stars': 1, 'count': 54}]",954,"[{'name': 'Hot Tub', 'description': 'Hot tub', 'total_mentioned': 27, 'positive': 13, 'negative': 10, 'neutral': 4}, {'name': 'Fitness', 'description': 'Fitness', 'total_mentioned': 61, 'positive': 33, 'negative': 22, 'neutral': 6}, {'name': 'Bar', 'description': 'Bar or lounge', 'total_mentioned': 43, 'positive': 24, 'negative': 13, 'neutral': 6}, {'name': 'Pool', 'description': 'Pool', 'total_mentioned': 25, 'positive': 18, 'negative': 5, 'neutral': 2}, {'name': 'Breakfast', 'description': 'Breakfast', 'total_mentioned': 60, 'positive': 17, 'negative': 33, 'neutral': 10}, {'name': 'Location', 'description': 'Location', 'total_mentioned': 80, 'positive': 66, 'negative': 9, 'neutral': 5}]"
Red Roof Inn Bristol,"Straightforward rooms in a relaxed hotel with complimentary parking, hot drinks & Wi-Fi.","{'latitude': 36.625249499999995, 'longitude': -82.15691}",2,https://www.redroof.com/property/va/Bristol/RRI983?utm_source=GMB&utm_medium=Google&utm_campaign=GMB_Performance_RRI983,"[{'stars': 5, 'count': 283}, {'stars': 4, 'count': 124}, {'stars': 3, 'count': 60}, {'stars': 2, 'count': 24}, {'stars': 1, 'count': 50}]",541,"[{'name': 'Pets', 'description': 'Pets', 'total_mentioned': 46, 'positive': 33, 'negative': 9, 'neutral': 4}, {'name': 'Cleanliness', 'description': 'Cleanliness', 'total_mentioned': 246, 'positive': 207, 'negative': 23, 'neutral': 16}, {'name': 'Location', 'description': 'Location', 'total_mentioned': 56, 'positive': 46, 'negative': 5, 'neutral': 5}, {'name': 'Service', 'description': 'Service', 'total_mentioned': 200, 'positive': 175, 'negative': 22, 'neutral': 3}, {'name': 'Property', 'description': 'Property', 'total_mentioned': 213, 'positive': 164, 'negative': 33, 'neutral': 16}, {'name': 'Room', 'description': 'Room amenities', 'total_mentioned': 43, 'positive': 15, 'negative': 21, 'neutral': 7}]"
