Name,Description,Coordinates,Hotel Class,Link,Ratings,Reviews,Reviews Breakdown
Emerald Residences of Belleair Beach,Modern suites with kitchens in a relaxed beachfront hotel offering an outdoor pool & a sundeck.,"{'latitude': 27.933422999999998, 'longitude': -82.841115}",3,https://emerald.holidayfuture.com/,"[{'stars': 5, 'count': 329}, {'stars': 4, 'count': 102}, {'stars': 3, 'count': 22}, {'stars': 2, 'count': 13}, {'stars': 1, 'count': 25}]",491,"[{'name': 'Property', 'description': 'Property', 'total_mentioned': 146, 'positive': 121, 'negative': 13, 'neutral': 12}, {'name': 'Cleanliness', 'description': 'Cleanliness', 'total_mentioned': 108, 'positive': 86, 'negative': 20, 'neutral': 2}, {'name': 'Service', 'description': 'Service', 'total_mentioned': 100, 'positive': 79, 'negative': 17, 'neutral': 4}, {'name': 'Pets', 'description': 'Pets', 'total_mentioned': 15, 'positive': 7, 'negative': 4, 'neutral': 4}, {'name': 'Room', 'description': 'Room amenities', 'total_mentioned': 53, 'positive': 32, 'negative': 16, 'neutral': 5}, {'name': 'Location', 'description': 'Location', 'total_mentioned': 64, 'positive': 58, 'negative': 5, 'neutral': 1}]"
Belleair Beach Resort Motel,"Low-key motel featuring unfussy quarters, some with beach views, plus a pool & a sundeck.","{'latitude': 27.925282900000003, 'longitude': -82.8433013}",3,https://www.magnusonhotels.com/hotel/belleairbeachresortmotel/,"[{'stars': 5, 'count': 446}, {'stars': 4, 'count': 161}, {'stars': 3, 'count': 64}, {'stars': 2, 'count': 26}, {'stars': 1, 'count': 39}]",736,"[{'name': 'Property', 'description': 'Property', 'total_mentioned': 235, 'positive': 185, 'negative': 36, 'neutral': 14}, {'name': 'Cleanliness', 'description': 'Cleanliness', 'total_mentioned': 173, 'positive': 142, 'negative': 28, 'neutral': 3}, {'name': 'Service', 'description': 'Service', 'total_mentioned': 159, 'positive': 121, 'negative': 34, 'neutral': 4}, {'name': 'Location', 'description': 'Location', 'total_mentioned': 129, 'positive': 108, 'negative': 4, 'neutral': 17}, {'name': 'Room', 'description': 'Room amenities', 'total_mentioned': 68, 'positive': 36, 'negative': 24, 'neutral': 8}, {'name': 'Beach', 'description': 'Beach', 'total_mentioned': 40, 'positive': 36, 'negative': 0, 'neutral': 4}]"
Sarah's Seaside by Gulfside Resorts,"Colorful beachfront cottages with kitchens, plus an outdoor pool, kayak rentals & free Wi-Fi.","{'latitude': 27.881278199999997, 'longitude': -82.8506932}",3,https://www.gulfsideresorts.com/,"[{'stars': 5, 'count': 42}, {'stars': 4, 'count': 1}, {'stars': 3, 'count': 0}, {'stars': 2, 'count': 1}, {'stars': 1, 'count': 0}]",44,"[{'name': 'Family', 'description': 'Family friendly', 'total_mentioned': 13, 'positive': 11, 'negative': 1, 'neutral': 1}, {'name': 'Fitness', 'description': 'Fitness', 'total_mentioned': 8, 'positive': 8, 'negative': 0, 'neutral': 0}, {'name': 'Property', 'description': 'Property', 'total_mentioned': 18, 'positive': 18, 'negative': 0, 'neutral': 0}, {'name': 'Nature', 'description': 'Nature and outdoor activities', 'total_mentioned': 17, 'positive': 17, 'negative': 0, 'neutral': 0}, {'name': 'Service', 'description': 'Service', 'total_mentioned': 11, 'positive': 11, 'negative': 0, 'neutral': 0}, {'name': 'Room', 'description': 'Room amenities', 'total_mentioned': 6, 'positive': 4, 'negative': 1, 'neutral': 1}]"
Blue Heron Cottages Inn,N/A,"{'latitude': 27.893260299999998, 'longitude': -82.8494432}",N/A,http://www.blueheroncottage.net/,"[{'stars': 5, 'count': 20}, {'stars': 4, 'count': 4}, {'stars': 3, 'count': 0}, {'stars': 2, 'count': 1}, {'stars': 1, 'count': 0}]",25,"[{'name': 'Cleanliness', 'description': 'Cleanliness', 'total_mentioned': 5, 'positive': 4, 'negative': 0, 'neutral': 1}, {'name': 'Nature', 'description': 'Nature and outdoor activities', 'total_mentioned': 5, 'positive': 5, 'negative': 0, 'neutral': 0}]"
Beachfront Bliss Villas,N/A,"{'latitude': 27.890788099999998, 'longitude': -82.8503082}",N/A,https://www.beachfrontblissvillas.com/,"[{'stars': 5, 'count': 122}, {'stars': 4, 'count': 2}, {'stars': 3, 'count': 0}, {'stars': 2, 'count': 0}, {'stars': 1, 'count': 0}]",124,"[{'name': 'Family', 'description': 'Family friendly', 'total_mentioned': 39, 'positive': 38, 'negative': 0, 'neutral': 1}, {'name': 'Room', 'description': 'Room amenities', 'total_mentioned': 40, 'positive': 40, 'negative': 0, 'neutral': 0}, {'name': 'Fitness', 'description': 'Fitness', 'total_mentioned': 35, 'positive': 35, 'negative': 0, 'neutral': 0}, {'name': 'Nature', 'description': 'Nature and outdoor activities', 'total_mentioned': 69, 'positive': 68, 'negative': 0, 'neutral': 1}, {'name': 'Service', 'description': 'Service', 'total_mentioned': 55, 'positive': 51, 'negative': 0, 'neutral': 4}, {'name': 'Bathroom', 'description': 'Bathroom and toiletries', 'total_mentioned': 15, 'positive': 14, 'negative': 0, 'neutral': 1}]"
Tommy's on the Beach,"Scenic, family-friendly lodging offering apartment units with full kitchens & water views.","{'latitude': 27.9053565, 'longitude': -82.8478387}",N/A,http://www.tommysonthebeach.com/,"[{'stars': 5, 'count': 39}, {'stars': 4, 'count': 2}, {'stars': 3, 'count': 0}, {'stars': 2, 'count': 1}, {'stars': 1, 'count': 0}]",42,"[{'name': 'Couples', 'description': 'Couple friendly', 'total_mentioned': 5, 'positive': 4, 'negative': 0, 'neutral': 1}, {'name': 'Family', 'description': 'Family friendly', 'total_mentioned': 9, 'positive': 9, 'negative': 0, 'neutral': 0}, {'name': 'Nature', 'description': 'Nature and outdoor activities', 'total_mentioned': 16, 'positive': 15, 'negative': 0, 'neutral': 1}, {'name': 'Location', 'description': 'Location', 'total_mentioned': 9, 'positive': 9, 'negative': 0, 'neutral': 0}, {'name': 'Service', 'description': 'Service', 'total_mentioned': 7, 'positive': 6, 'negative': 1, 'neutral': 0}, {'name': 'Cleanliness', 'description': 'Cleanliness', 'total_mentioned': 5, 'positive': 4, 'negative': 0, 'neutral': 1}]"
The Belleview Inn,"Refined hotel offering an 18-hole golf course, an outdoor pool & a gym, plus tennis.","{'latitude': 27.9436628, 'longitude': -82.8096075}",3,https://www.opalcollection.com/belleview-inn/?utm_source=google&utm_medium=listing&utm_campaign=opal+belleview+inn,"[{'stars': 5, 'count': 320}, {'stars': 4, 'count': 30}, {'stars': 3, 'count': 15}, {'stars': 2, 'count': 11}, {'stars': 1, 'count': 8}]",384,"[{'name': 'Property', 'description': 'Property', 'total_mentioned': 156, 'positive': 142, 'negative': 7, 'neutral': 7}, {'name': 'Service', 'description': 'Service', 'total_mentioned': 104, 'positive': 90, 'negative': 9, 'neutral': 5}, {'name': 'Fitness', 'description': 'Fitness', 'total_mentioned': 47, 'positive': 41, 'negative': 5, 'neutral': 1}, {'name': 'Dining', 'description': 'Food and Beverage', 'total_mentioned': 11, 'positive': 2, 'negative': 7, 'neutral': 2}]"
Nautical Watch Beach Resort,Low-key Gulf-front condos with basic decor featuring a pool/hot tub & laundry facilities.,"{'latitude': 27.935062799999997, 'longitude': -82.8406553}",3,http://www.libertemanagement.com/vacation-rentals/nautical-watch.html,"[{'stars': 5, 'count': 80}, {'stars': 4, 'count': 26}, {'stars': 3, 'count': 9}, {'stars': 2, 'count': 6}, {'stars': 1, 'count': 11}]",132,"[{'name': 'Hot Tub', 'description': 'Hot tub', 'total_mentioned': 12, 'positive': 8, 'negative': 3, 'neutral': 1}, {'name': 'Fitness', 'description': 'Fitness', 'total_mentioned': 29, 'positive': 23, 'negative': 5, 'neutral': 1}, {'name': 'Service', 'description': 'Service', 'total_mentioned': 19, 'positive': 9, 'negative': 9, 'neutral': 1}, {'name': 'Property', 'description': 'Property', 'total_mentioned': 27, 'positive': 21, 'negative': 5, 'neutral': 1}, {'name': 'Bathroom', 'description': 'Bathroom and toiletries', 'total_mentioned': 15, 'positive': 8, 'negative': 5, 'neutral': 2}, {'name': 'Pool', 'description': 'Pool', 'total_mentioned': 17, 'positive': 13, 'negative': 3, 'neutral': 1}]"
Camaron Cove Resort,"Beachfront 2-bedroom, 2-bath condos with kitchens, private balconies & maid service upon request.","{'latitude': 27.906103299999998, 'longitude': -82.8472299}",3,http://vacationet.com/indian-rocks-beach/,"[{'stars': 5, 'count': 260}, {'stars': 4, 'count': 61}, {'stars': 3, 'count': 15}, {'stars': 2, 'count': 6}, {'stars': 1, 'count': 11}]",353,"[{'name': 'Fitness', 'description': 'Fitness', 'total_mentioned': 32, 'positive': 28, 'negative': 3, 'neutral': 1}, {'name': 'Room', 'description': 'Room amenities', 'total_mentioned': 30, 'positive': 21, 'negative': 7, 'neutral': 2}, {'name': 'Service', 'description': 'Service', 'total_mentioned': 47, 'positive': 37, 'negative': 6, 'neutral': 4}, {'name': 'Parking', 'description': 'Parking', 'total_mentioned': 13, 'positive': 7, 'negative': 5, 'neutral': 1}, {'name': 'Nature', 'description': 'Nature and outdoor activities', 'total_mentioned': 77, 'positive': 72, 'negative': 2, 'neutral': 3}, {'name': 'Bathroom', 'description': 'Bathroom and toiletries', 'total_mentioned': 17, 'positive': 12, 'negative': 3, 'neutral': 2}]"
Cay Pointe Villa,N/A,"{'latitude': 27.8853103, 'longitude': -82.85075789999999}",N/A,http://caypointevilla.com/,"[{'stars': 5, 'count': 48}, {'stars': 4, 'count': 4}, {'stars': 3, 'count': 1}, {'stars': 2, 'count': 0}, {'stars': 1, 'count': 0}]",53,"[{'name': 'Couples', 'description': 'Couple friendly', 'total_mentioned': 7, 'positive': 7, 'negative': 0, 'neutral': 0}, {'name': 'Nature', 'description': 'Nature and outdoor activities', 'total_mentioned': 18, 'positive': 18, 'negative': 0, 'neutral': 0}, {'name': 'Room', 'description': 'Room amenities', 'total_mentioned': 7, 'positive': 6, 'negative': 0, 'neutral': 1}, {'name': 'Service', 'description': 'Service', 'total_mentioned': 9, 'positive': 9, 'negative': 0, 'neutral': 0}, {'name': 'Property', 'description': 'Property', 'total_mentioned': 11, 'positive': 11, 'negative': 0, 'neutral': 0}]"
Sunshine Cozy Cottages LLC,"Quaint circa-1930 cottages by the beach featuring a courtyard, BBQ facilities & parking.","{'latitude': 27.8875183, 'longitude': -82.8500402}",N/A,http://www.sunshinecozycottages.com/,"[{'stars': 5, 'count': 53}, {'stars': 4, 'count': 16}, {'stars': 3, 'count': 5}, {'stars': 2, 'count': 4}, {'stars': 1, 'count': 9}]",87,"[{'name': 'Nature', 'description': 'Nature and outdoor activities', 'total_mentioned': 26, 'positive': 20, 'negative': 2, 'neutral': 4}, {'name': 'Property', 'description': 'Property', 'total_mentioned': 25, 'positive': 16, 'negative': 6, 'neutral': 3}, {'name': 'Service', 'description': 'Service', 'total_mentioned': 13, 'positive': 11, 'negative': 1, 'neutral': 1}]"
Kandy's Kondo,N/A,"{'latitude': 27.8937812, 'longitude': -82.8495981}",N/A,https://www.kandyskondos.com/,"[{'stars': 5, 'count': 1}, {'stars': 4, 'count': 0}, {'stars': 3, 'count': 0}, {'stars': 2, 'count': 0}, {'stars': 1, 'count': 0}]",1,N/A
Oceanside of Indian Rocks,N/A,"{'latitude': 27.878351199999997, 'longitude': -82.8507537}",N/A,N/A,"[{'stars': 5, 'count': 152}, {'stars': 4, 'count': 24}, {'stars': 3, 'count': 9}, {'stars': 2, 'count': 1}, {'stars': 1, 'count': 0}]",186,"[{'name': 'Nature', 'description': 'Nature and outdoor activities', 'total_mentioned': 38, 'positive': 35, 'negative': 0, 'neutral': 3}, {'name': 'Location', 'description': 'Location', 'total_mentioned': 14, 'positive': 14, 'negative': 0, 'neutral': 0}, {'name': 'Cleanliness', 'description': 'Cleanliness', 'total_mentioned': 14, 'positive': 12, 'negative': 1, 'neutral': 1}]"
Beachouse Inn & Suites,"Bright, down-to-earth units in a relaxed apartment hotel offering an outdoor pool.","{'latitude': 27.970124700000003, 'longitude': -82.8280717}",3,http://www.thebeachouse.com/,"[{'stars': 5, 'count': 19}, {'stars': 4, 'count': 2}, {'stars': 3, 'count': 0}, {'stars': 2, 'count': 0}, {'stars': 1, 'count': 3}]",24,"[{'name': 'Nature', 'description': 'Nature and outdoor activities', 'total_mentioned': 7, 'positive': 6, 'negative': 1, 'neutral': 0}, {'name': 'Location', 'description': 'Location', 'total_mentioned': 8, 'positive': 7, 'negative': 1, 'neutral': 0}, {'name': 'Service', 'description': 'Service', 'total_mentioned': 7, 'positive': 6, 'negative': 1, 'neutral': 0}, {'name': 'Property', 'description': 'Property', 'total_mentioned': 8, 'positive': 5, 'negative': 2, 'neutral': 1}]"
Great Heron Inn,Casual suites in an unpretentious hotel offering direct beach access & a heated outdoor pool.,"{'latitude': 27.8769217, 'longitude': -82.85065}",2,http://www.heroninn.com/,"[{'stars': 5, 'count': 122}, {'stars': 4, 'count': 12}, {'stars': 3, 'count': 3}, {'stars': 2, 'count': 2}, {'stars': 1, 'count': 2}]",141,"[{'name': 'Service', 'description': 'Service', 'total_mentioned': 41, 'positive': 38, 'negative': 2, 'neutral': 1}, {'name': 'Cleanliness', 'description': 'Cleanliness', 'total_mentioned': 40, 'positive': 38, 'negative': 1, 'neutral': 1}, {'name': 'Property', 'description': 'Property', 'total_mentioned': 44, 'positive': 43, 'negative': 0, 'neutral': 1}, {'name': 'Kitchen', 'description': 'Kitchen', 'total_mentioned': 15, 'positive': 13, 'negative': 0, 'neutral': 2}, {'name': 'Beach', 'description': 'Beach', 'total_mentioned': 13, 'positive': 12, 'negative': 0, 'neutral': 1}, {'name': 'Fitness', 'description': 'Fitness', 'total_mentioned': 17, 'positive': 15, 'negative': 0, 'neutral': 2}]"
Sheraton Sand Key Resort,"Upscale rooms, some with ocean views, plus a private beach, modern dining & an outdoor pool.","{'latitude': 27.9555655, 'longitude': -82.82874869999999}",4,https://www.marriott.com/en-us/hotels/tpasi-sheraton-sand-key-resort/overview/?scid=f2ae0541-1279-4f24-b197-a979c79310b0,"[{'stars': 5, 'count': 2068}, {'stars': 4, 'count': 827}, {'stars': 3, 'count': 265}, {'stars': 2, 'count': 135}, {'stars': 1, 'count': 159}]",3454,"[{'name': 'Fitness', 'description': 'Fitness', 'total_mentioned': 607, 'positive': 401, 'negative': 132, 'neutral': 74}, {'name': 'Nature', 'description': 'Nature and outdoor activities', 'total_mentioned': 897, 'positive': 685, 'negative': 104, 'neutral': 108}, {'name': 'Bar', 'description': 'Bar or lounge', 'total_mentioned': 229, 'positive': 156, 'negative': 49, 'neutral': 24}, {'name': 'Breakfast', 'description': 'Breakfast', 'total_mentioned': 172, 'positive': 126, 'negative': 33, 'neutral': 13}, {'name': 'Business', 'description': 'Business', 'total_mentioned': 119, 'positive': 55, 'negative': 25, 'neutral': 39}, {'name': 'Dining', 'description': 'Food and Beverage', 'total_mentioned': 267, 'positive': 194, 'negative': 45, 'neutral': 28}]"
Gulf Breeze Inn,N/A,"{'latitude': 27.902945499999998, 'longitude': -82.8478236}",2,http://www.gulfbreezeinn.com/,"[{'stars': 5, 'count': 36}, {'stars': 4, 'count': 11}, {'stars': 3, 'count': 2}, {'stars': 2, 'count': 0}, {'stars': 1, 'count': 1}]",50,"[{'name': 'Location', 'description': 'Location', 'total_mentioned': 15, 'positive': 14, 'negative': 0, 'neutral': 1}, {'name': 'Cleanliness', 'description': 'Cleanliness', 'total_mentioned': 12, 'positive': 10, 'negative': 0, 'neutral': 2}, {'name': 'Nature', 'description': 'Nature and outdoor activities', 'total_mentioned': 19, 'positive': 18, 'negative': 0, 'neutral': 1}, {'name': 'Property', 'description': 'Property', 'total_mentioned': 12, 'positive': 11, 'negative': 0, 'neutral': 1}]"
Coconut Cove All-Suite Hotel,"Casual suites with private balconies & full kitchens, plus free parking & a heated outdoor pool.","{'latitude': 27.967059499999998, 'longitude': -82.8244909}",3,N/A,"[{'stars': 5, 'count': 263}, {'stars': 4, 'count': 137}, {'stars': 3, 'count': 56}, {'stars': 2, 'count': 22}, {'stars': 1, 'count': 67}]",545,"[{'name': 'Fitness', 'description': 'Fitness', 'total_mentioned': 114, 'positive': 87, 'negative': 21, 'neutral': 6}, {'name': 'Accessibility', 'description': 'Accessibility', 'total_mentioned': 32, 'positive': 6, 'negative': 21, 'neutral': 5}, {'name': 'Pool', 'description': 'Pool', 'total_mentioned': 77, 'positive': 65, 'negative': 10, 'neutral': 2}, {'name': 'Kitchen', 'description': 'Kitchen', 'total_mentioned': 50, 'positive': 32, 'negative': 10, 'neutral': 8}, {'name': 'Nature', 'description': 'Nature and outdoor activities', 'total_mentioned': 102, 'positive': 71, 'negative': 11, 'neutral': 20}, {'name': 'Service', 'description': 'Service', 'total_mentioned': 149, 'positive': 94, 'negative': 44, 'neutral': 11}]"
