Name,Description,Coordinates,Hotel Class,Link,Ratings,Reviews,Reviews Breakdown
Royal Regency Hotel,"Contemporary hotel offering a vibrant restaurant & a clubby cocktail bar, plus free breakfast.","{'latitude': 40.9553442, 'longitude': -73.8634817}",N/A,http://www.royalregencyhotelny.com/,"[{'stars': 5, 'count': 670}, {'stars': 4, 'count': 343}, {'stars': 3, 'count': 135}, {'stars': 2, 'count': 75}, {'stars': 1, 'count': 148}]",1371,"[{'name': 'Property', 'description': 'Property', 'total_mentioned': 376, 'positive': 254, 'negative': 100, 'neutral': 22}, {'name': 'Cleanliness', 'description': 'Cleanliness', 'total_mentioned': 188, 'positive': 125, 'negative': 53, 'neutral': 10}, {'name': 'Atmosphere', 'description': 'Atmosphere', 'total_mentioned': 60, 'positive': 52, 'negative': 3, 'neutral': 5}, {'name': 'Safety', 'description': 'Safety', 'total_mentioned': 12, 'positive': 3, 'negative': 9, 'neutral': 0}, {'name': 'TV', 'description': 'Room entertainment', 'total_mentioned': 21, 'positive': 6, 'negative': 14, 'neutral': 1}, {'name': 'Air Conditioning', 'description': 'Air conditioning', 'total_mentioned': 16, 'positive': 1, 'negative': 15, 'neutral': 0}]"
Residence Inn New Rochelle,"Upmarket all-suite hotel featuring free breakfast, plus an outdoor pool & a 24-hour gym.","{'latitude': 40.911662, 'longitude': -73.7806419}",3,https://www.marriott.com/en-us/hotels/hpnri-residence-inn-new-rochelle/overview/?scid=f2ae0541-1279-4f24-b197-a979c79310b0,"[{'stars': 5, 'count': 380}, {'stars': 4, 'count': 203}, {'stars': 3, 'count': 70}, {'stars': 2, 'count': 23}, {'stars': 1, 'count': 64}]",740,"[{'name': 'Kitchen', 'description': 'Kitchen', 'total_mentioned': 29, 'positive': 20, 'negative': 5, 'neutral': 4}, {'name': 'Family', 'description': 'Family friendly', 'total_mentioned': 30, 'positive': 21, 'negative': 6, 'neutral': 3}, {'name': 'Pets', 'description': 'Pets', 'total_mentioned': 8, 'positive': 2, 'negative': 6, 'neutral': 0}, {'name': 'Accessibility', 'description': 'Accessibility', 'total_mentioned': 21, 'positive': 8, 'negative': 12, 'neutral': 1}, {'name': 'Business', 'description': 'Business', 'total_mentioned': 19, 'positive': 9, 'negative': 4, 'neutral': 6}, {'name': 'Fitness', 'description': 'Fitness', 'total_mentioned': 17, 'positive': 8, 'negative': 7, 'neutral': 2}]"
Hotel SoJo,N/A,"{'latitude': 40.818951999999996, 'longitude': -73.9791309}",N/A,https://www.sojospaclub.com/hotel/,"[{'stars': 5, 'count': 20}, {'stars': 4, 'count': 4}, {'stars': 3, 'count': 1}, {'stars': 2, 'count': 1}, {'stars': 1, 'count': 4}]",30,"[{'name': 'Wellness', 'description': 'Wellness', 'total_mentioned': 7, 'positive': 6, 'negative': 1, 'neutral': 0}, {'name': 'Spa', 'description': 'Spa', 'total_mentioned': 7, 'positive': 6, 'negative': 1, 'neutral': 0}, {'name': 'Property', 'description': 'Property', 'total_mentioned': 5, 'positive': 4, 'negative': 0, 'neutral': 1}]"
SpringHill Suites Tuckahoe Westchester County,Refined quarters in a laid-back all-suite hotel featuring a bar & a 24-hour gym.,"{'latitude': 40.953296, 'longitude': -73.8206909}",N/A,https://www.marriott.com/en-us/hotels/lgash-springhill-suites-tuckahoe-westchester-county/overview/?scid=f2ae0541-1279-4f24-b197-a979c79310b0,"[{'stars': 5, 'count': 231}, {'stars': 4, 'count': 72}, {'stars': 3, 'count': 20}, {'stars': 2, 'count': 12}, {'stars': 1, 'count': 16}]",351,"[{'name': 'Property', 'description': 'Property', 'total_mentioned': 150, 'positive': 120, 'negative': 19, 'neutral': 11}, {'name': 'Service', 'description': 'Service', 'total_mentioned': 121, 'positive': 94, 'negative': 21, 'neutral': 6}, {'name': 'Cleanliness', 'description': 'Cleanliness', 'total_mentioned': 111, 'positive': 91, 'negative': 17, 'neutral': 3}, {'name': 'Bathroom', 'description': 'Bathroom and toiletries', 'total_mentioned': 27, 'positive': 5, 'negative': 15, 'neutral': 7}]"
