Name,Description,Coordinates,Hotel Class,Link,Ratings,Reviews,Reviews Breakdown
Four Points by Sheraton Suites Tampa Airport Westshore,"Casual quarters with kitchenettes in an informal hotel offering dining, a gym & a free area shuttle.","{'latitude': 27.951507499999998, 'longitude': -82.5185012}",3,https://www.marriott.com/en-us/hotels/tpafp-four-points-suites-tampa-airport-westshore/overview/?scid=f2ae0541-1279-4f24-b197-a979c79310b0,"[{'stars': 5, 'count': 1004}, {'stars': 4, 'count': 501}, {'stars': 3, 'count': 211}, {'stars': 2, 'count': 99}, {'stars': 1, 'count': 168}]",1983,"[{'name': 'Service', 'description': 'Service', 'total_mentioned': 531, 'positive': 328, 'negative': 175, 'neutral': 28}, {'name': 'Location', 'description': 'Location', 'total_mentioned': 226, 'positive': 168, 'negative': 29, 'neutral': 29}, {'name': 'Property', 'description': 'Property', 'total_mentioned': 704, 'positive': 506, 'negative': 139, 'neutral': 59}, {'name': 'Transit', 'description': 'Public transit', 'total_mentioned': 107, 'positive': 79, 'negative': 20, 'neutral': 8}, {'name': 'Room', 'description': 'Room amenities', 'total_mentioned': 162, 'positive': 60, 'negative': 85, 'neutral': 17}, {'name': 'Bathroom', 'description': 'Bathroom and toiletries', 'total_mentioned': 154, 'positive': 31, 'negative': 110, 'neutral': 13}]"
Safety Harbor Resort and Spa,"This 22-acre landmark resort features traditional lodging & a 50,000-sq-ft spa & fitness center.","{'latitude': 27.991013499999998, 'longitude': -82.6873143}",3,http://www.safetyharborspa.com/,"[{'stars': 5, 'count': 2618}, {'stars': 4, 'count': 868}, {'stars': 3, 'count': 376}, {'stars': 2, 'count': 190}, {'stars': 1, 'count': 284}]",4336,"[{'name': 'Wellness', 'description': 'Wellness', 'total_mentioned': 770, 'positive': 509, 'negative': 181, 'neutral': 80}, {'name': 'Spa', 'description': 'Spa', 'total_mentioned': 607, 'positive': 400, 'negative': 137, 'neutral': 70}, {'name': 'Fitness', 'description': 'Fitness', 'total_mentioned': 397, 'positive': 252, 'negative': 87, 'neutral': 58}, {'name': 'Dining', 'description': 'Food and Beverage', 'total_mentioned': 440, 'positive': 311, 'negative': 92, 'neutral': 37}, {'name': 'Breakfast', 'description': 'Breakfast', 'total_mentioned': 231, 'positive': 177, 'negative': 42, 'neutral': 12}, {'name': 'Couples', 'description': 'Couple friendly', 'total_mentioned': 154, 'positive': 110, 'negative': 20, 'neutral': 24}]"
SpringHill Suites Tampa North/I-75 Tampa Palms,"Informal all-suite hotel with an outdoor pool & a fitness center, plus free hot breakfast & Wi-Fi.","{'latitude': 28.1274058, 'longitude': -82.377622}",3,https://www.marriott.com/en-us/hotels/tpanp-springhill-suites-tampa-north-i-75-tampa-palms/overview/?scid=f2ae0541-1279-4f24-b197-a979c79310b0,"[{'stars': 5, 'count': 605}, {'stars': 4, 'count': 216}, {'stars': 3, 'count': 60}, {'stars': 2, 'count': 19}, {'stars': 1, 'count': 56}]",956,"[{'name': 'Breakfast', 'description': 'Breakfast', 'total_mentioned': 160, 'positive': 117, 'negative': 23, 'neutral': 20}, {'name': 'Service', 'description': 'Service', 'total_mentioned': 315, 'positive': 259, 'negative': 43, 'neutral': 13}, {'name': 'Restaurant', 'description': 'Restaurant', 'total_mentioned': 89, 'positive': 69, 'negative': 15, 'neutral': 5}, {'name': 'Property', 'description': 'Property', 'total_mentioned': 317, 'positive': 268, 'negative': 35, 'neutral': 14}, {'name': 'Cleanliness', 'description': 'Cleanliness', 'total_mentioned': 248, 'positive': 201, 'negative': 42, 'neutral': 5}, {'name': 'Bathroom', 'description': 'Bathroom and toiletries', 'total_mentioned': 80, 'positive': 32, 'negative': 39, 'neutral': 9}]"
Tampa Marriott Water Street,"Modern waterfront hotel with laid-back rooms, an outdoor pool & dining, plus meeting & event space.","{'latitude': 27.940718, 'longitude': -82.454534}",4,https://www.marriott.com/en-us/hotels/tpamc-tampa-marriott-water-street/overview/?scid=f2ae0541-1279-4f24-b197-a979c79310b0,"[{'stars': 5, 'count': 3770}, {'stars': 4, 'count': 1163}, {'stars': 3, 'count': 289}, {'stars': 2, 'count': 105}, {'stars': 1, 'count': 172}]",5499,"[{'name': 'Location', 'description': 'Location', 'total_mentioned': 713, 'positive': 642, 'negative': 27, 'neutral': 44}, {'name': 'Service', 'description': 'Service', 'total_mentioned': 1168, 'positive': 970, 'negative': 148, 'neutral': 50}, {'name': 'Bar', 'description': 'Bar or lounge', 'total_mentioned': 414, 'positive': 301, 'negative': 60, 'neutral': 53}, {'name': 'Room', 'description': 'Room amenities', 'total_mentioned': 480, 'positive': 346, 'negative': 92, 'neutral': 42}, {'name': 'Parking', 'description': 'Parking', 'total_mentioned': 255, 'positive': 77, 'negative': 135, 'neutral': 43}, {'name': 'Nature', 'description': 'Nature and outdoor activities', 'total_mentioned': 140, 'positive': 138, 'negative': 0, 'neutral': 2}]"
Tahitian Inn,"South Seas-themed quarters with free Wi-Fi, plus a spa & a heated outdoor pool with a tiki bar.","{'latitude': 27.939229899999997, 'longitude': -82.5064773}",3,http://www.tahitianinn.com/,"[{'stars': 5, 'count': 534}, {'stars': 4, 'count': 277}, {'stars': 3, 'count': 181}, {'stars': 2, 'count': 99}, {'stars': 1, 'count': 232}]",1323,"[{'name': 'Fitness', 'description': 'Fitness', 'total_mentioned': 207, 'positive': 132, 'negative': 55, 'neutral': 20}, {'name': 'Bar', 'description': 'Bar or lounge', 'total_mentioned': 181, 'positive': 125, 'negative': 38, 'neutral': 18}, {'name': 'Service', 'description': 'Service', 'total_mentioned': 334, 'positive': 218, 'negative': 93, 'neutral': 23}, {'name': 'Property', 'description': 'Property', 'total_mentioned': 478, 'positive': 239, 'negative': 187, 'neutral': 52}, {'name': 'Bathroom', 'description': 'Bathroom and toiletries', 'total_mentioned': 164, 'positive': 26, 'negative': 127, 'neutral': 11}, {'name': 'Dining', 'description': 'Food and Beverage', 'total_mentioned': 138, 'positive': 101, 'negative': 26, 'neutral': 11}]"
Chase Suite Hotel Tampa/Rocky Point,"Relaxed getaway offering contemporary studios & suites, plus a pool & happy hour with free drinks.","{'latitude': 27.9705394, 'longitude': -82.5618504}",3,https://www.chasehoteltampa.com/?utm_source=google&utm_medium=organic&utm_campaign=gbp_listing,"[{'stars': 5, 'count': 494}, {'stars': 4, 'count': 237}, {'stars': 3, 'count': 154}, {'stars': 2, 'count': 77}, {'stars': 1, 'count': 196}]",1158,"[{'name': 'Kitchen', 'description': 'Kitchen', 'total_mentioned': 129, 'positive': 61, 'negative': 54, 'neutral': 14}, {'name': 'Room', 'description': 'Room amenities', 'total_mentioned': 149, 'positive': 44, 'negative': 89, 'neutral': 16}, {'name': 'Service', 'description': 'Service', 'total_mentioned': 296, 'positive': 161, 'negative': 119, 'neutral': 16}, {'name': 'Location', 'description': 'Location', 'total_mentioned': 148, 'positive': 109, 'negative': 22, 'neutral': 17}, {'name': 'Breakfast', 'description': 'Breakfast', 'total_mentioned': 108, 'positive': 59, 'negative': 36, 'neutral': 13}, {'name': 'Property', 'description': 'Property', 'total_mentioned': 393, 'positive': 197, 'negative': 160, 'neutral': 36}]"
Grand Hyatt Tampa Bay,"Refined rooms with flat-screens, plus a nature preserve, 2 pools & an on-site Italian restaurant.","{'latitude': 27.965196199999998, 'longitude': -82.55008579999999}",4,https://www.hyatt.com/grand-hyatt/en-US/tparw-grand-hyatt-tampa-bay?src=corp_lclb_google_seo_tparw&%3Futm_source=google&utm_medium=organic&utm_campaign=lmr,"[{'stars': 5, 'count': 2596}, {'stars': 4, 'count': 670}, {'stars': 3, 'count': 168}, {'stars': 2, 'count': 76}, {'stars': 1, 'count': 126}]",3636,"[{'name': 'Nature', 'description': 'Nature and outdoor activities', 'total_mentioned': 204, 'positive': 177, 'negative': 14, 'neutral': 13}, {'name': 'Service', 'description': 'Service', 'total_mentioned': 873, 'positive': 732, 'negative': 102, 'neutral': 39}, {'name': 'Fitness', 'description': 'Fitness', 'total_mentioned': 222, 'positive': 137, 'negative': 59, 'neutral': 26}, {'name': 'Location', 'description': 'Location', 'total_mentioned': 343, 'positive': 266, 'negative': 45, 'neutral': 32}, {'name': 'Room', 'description': 'Room amenities', 'total_mentioned': 334, 'positive': 262, 'negative': 46, 'neutral': 26}, {'name': 'Property', 'description': 'Property', 'total_mentioned': 945, 'positive': 781, 'negative': 102, 'neutral': 62}]"
The Barrymore Hotel Tampa Riverwalk,"Classic rooms, an art gallery & an outdoor pool, plus a free local shuttle & a casual eatery/bar.","{'latitude': 27.952850299999998, 'longitude': -82.46382899999999}",3,https://www.barrymorehotel.com/,"[{'stars': 5, 'count': 882}, {'stars': 4, 'count': 514}, {'stars': 3, 'count': 286}, {'stars': 2, 'count': 119}, {'stars': 1, 'count': 148}]",1949,"[{'name': 'Location', 'description': 'Location', 'total_mentioned': 397, 'positive': 331, 'negative': 33, 'neutral': 33}, {'name': 'Service', 'description': 'Service', 'total_mentioned': 504, 'positive': 358, 'negative': 118, 'neutral': 28}, {'name': 'Bathroom', 'description': 'Bathroom and toiletries', 'total_mentioned': 191, 'positive': 39, 'negative': 126, 'neutral': 26}, {'name': 'Property', 'description': 'Property', 'total_mentioned': 562, 'positive': 343, 'negative': 170, 'neutral': 49}, {'name': 'Room', 'description': 'Room amenities', 'total_mentioned': 163, 'positive': 74, 'negative': 67, 'neutral': 22}, {'name': 'Cleanliness', 'description': 'Cleanliness', 'total_mentioned': 360, 'positive': 225, 'negative': 116, 'neutral': 19}]"
The Godfrey Hotel & Cabanas Tampa,"Breezy waterfront property with Wi-Fi, plus an outdoor pool, live music & al fresco dining.","{'latitude': 27.9663352, 'longitude': -82.5705871}",3,https://www.godfreyhoteltampa.com/?utm_source=local-directories&utm_medium=organic&utm_campaign=travelclick-localconnect,"[{'stars': 5, 'count': 1549}, {'stars': 4, 'count': 810}, {'stars': 3, 'count': 569}, {'stars': 2, 'count': 360}, {'stars': 1, 'count': 763}]",4051,"[{'name': 'Nature', 'description': 'Nature and outdoor activities', 'total_mentioned': 254, 'positive': 198, 'negative': 34, 'neutral': 22}, {'name': 'Room', 'description': 'Room amenities', 'total_mentioned': 737, 'positive': 312, 'negative': 350, 'neutral': 75}, {'name': 'Bathroom', 'description': 'Bathroom and toiletries', 'total_mentioned': 669, 'positive': 43, 'negative': 591, 'neutral': 35}, {'name': 'Service', 'description': 'Service', 'total_mentioned': 1167, 'positive': 552, 'negative': 510, 'neutral': 105}, {'name': 'Fitness', 'description': 'Fitness', 'total_mentioned': 445, 'positive': 221, 'negative': 177, 'neutral': 47}, {'name': 'Nightlife', 'description': 'Nightlife', 'total_mentioned': 222, 'positive': 79, 'negative': 101, 'neutral': 42}]"
JW Marriott Tampa Water Street,"Refined quarters in an upmarket hotel with a spa, a gym & a rooftop pool, plus restaurants & a bar.","{'latitude': 27.9407848, 'longitude': -82.4538954}",4,https://www.marriott.com/en-us/hotels/tpajd-jw-marriott-tampa-water-street/overview/?scid=f2ae0541-1279-4f24-b197-a979c79310b0,"[{'stars': 5, 'count': 873}, {'stars': 4, 'count': 117}, {'stars': 3, 'count': 28}, {'stars': 2, 'count': 14}, {'stars': 1, 'count': 53}]",1085,"[{'name': 'Wellness', 'description': 'Wellness', 'total_mentioned': 35, 'positive': 30, 'negative': 4, 'neutral': 1}, {'name': 'Bar', 'description': 'Bar or lounge', 'total_mentioned': 127, 'positive': 94, 'negative': 26, 'neutral': 7}, {'name': 'Spa', 'description': 'Spa', 'total_mentioned': 26, 'positive': 22, 'negative': 3, 'neutral': 1}, {'name': 'Service', 'description': 'Service', 'total_mentioned': 311, 'positive': 255, 'negative': 51, 'neutral': 5}, {'name': 'Location', 'description': 'Location', 'total_mentioned': 132, 'positive': 115, 'negative': 5, 'neutral': 12}, {'name': 'Fitness', 'description': 'Fitness', 'total_mentioned': 84, 'positive': 68, 'negative': 10, 'neutral': 6}]"
The Westin Tampa Waterside,"Straightforward waterfront hotel offering a restaurant, an outdoor pool & an exercise room.","{'latitude': 27.9382456, 'longitude': -82.4547668}",4,https://www.marriott.com/en-us/hotels/tpawh-the-westin-tampa-waterside/overview/?scid=f2ae0541-1279-4f24-b197-a979c79310b0,"[{'stars': 5, 'count': 1126}, {'stars': 4, 'count': 565}, {'stars': 3, 'count': 237}, {'stars': 2, 'count': 101}, {'stars': 1, 'count': 176}]",2205,"[{'name': 'Parking', 'description': 'Parking', 'total_mentioned': 223, 'positive': 71, 'negative': 128, 'neutral': 24}, {'name': 'Location', 'description': 'Location', 'total_mentioned': 344, 'positive': 294, 'negative': 26, 'neutral': 24}, {'name': 'Service', 'description': 'Service', 'total_mentioned': 624, 'positive': 450, 'negative': 146, 'neutral': 28}, {'name': 'Room', 'description': 'Room amenities', 'total_mentioned': 272, 'positive': 164, 'negative': 79, 'neutral': 29}, {'name': 'Property', 'description': 'Property', 'total_mentioned': 630, 'positive': 405, 'negative': 169, 'neutral': 56}, {'name': 'Nature', 'description': 'Nature and outdoor activities', 'total_mentioned': 62, 'positive': 56, 'negative': 2, 'neutral': 4}]"
The Westin Tampa Bay,"Modern hotel offering chic rooms, plus a private beach & a waterfront restaurant.","{'latitude': 27.9682419, 'longitude': -82.56562869999999}",4,https://www.marriott.com/en-us/hotels/tpawi-the-westin-tampa-bay/overview/?scid=f2ae0541-1279-4f24-b197-a979c79310b0,"[{'stars': 5, 'count': 1176}, {'stars': 4, 'count': 433}, {'stars': 3, 'count': 188}, {'stars': 2, 'count': 110}, {'stars': 1, 'count': 187}]",2094,"[{'name': 'Nature', 'description': 'Nature and outdoor activities', 'total_mentioned': 245, 'positive': 178, 'negative': 38, 'neutral': 29}, {'name': 'Service', 'description': 'Service', 'total_mentioned': 521, 'positive': 331, 'negative': 168, 'neutral': 22}, {'name': 'Room', 'description': 'Room amenities', 'total_mentioned': 292, 'positive': 160, 'negative': 106, 'neutral': 26}, {'name': 'Location', 'description': 'Location', 'total_mentioned': 239, 'positive': 188, 'negative': 31, 'neutral': 20}, {'name': 'Bar', 'description': 'Bar or lounge', 'total_mentioned': 126, 'positive': 75, 'negative': 35, 'neutral': 16}, {'name': 'Property', 'description': 'Property', 'total_mentioned': 527, 'positive': 366, 'negative': 134, 'neutral': 27}]"
Aloft Tampa Downtown,A contemporary selection offering modern rooms with a casual bar & a 24-hour convenience store.,"{'latitude': 27.9468025, 'longitude': -82.45989809999999}",3,https://www.marriott.com/en-us/hotels/tpatl-aloft-tampa-downtown/overview/?scid=f2ae0541-1279-4f24-b197-a979c79310b0,"[{'stars': 5, 'count': 787}, {'stars': 4, 'count': 375}, {'stars': 3, 'count': 145}, {'stars': 2, 'count': 77}, {'stars': 1, 'count': 133}]",1517,"[{'name': 'Bar', 'description': 'Bar or lounge', 'total_mentioned': 244, 'positive': 172, 'negative': 48, 'neutral': 24}, {'name': 'Location', 'description': 'Location', 'total_mentioned': 264, 'positive': 222, 'negative': 18, 'neutral': 24}, {'name': 'Parking', 'description': 'Parking', 'total_mentioned': 144, 'positive': 60, 'negative': 71, 'neutral': 13}, {'name': 'Service', 'description': 'Service', 'total_mentioned': 406, 'positive': 264, 'negative': 117, 'neutral': 25}, {'name': 'Room', 'description': 'Room amenities', 'total_mentioned': 150, 'positive': 85, 'negative': 54, 'neutral': 11}, {'name': 'Nature', 'description': 'Nature and outdoor activities', 'total_mentioned': 51, 'positive': 50, 'negative': 0, 'neutral': 1}]"
Sailport Waterfront Suites,"Suites with private balconies & kitchens in a waterfront venue, plus a pool & free airport shuttle.","{'latitude': 27.963661199999997, 'longitude': -82.5719014}",3,https://www.providentresorts.com/sailport-waterfront-suites/?utm_source=local&utm_campaign=gmb&utm_medium=organic,"[{'stars': 5, 'count': 1413}, {'stars': 4, 'count': 597}, {'stars': 3, 'count': 213}, {'stars': 2, 'count': 110}, {'stars': 1, 'count': 166}]",2499,"[{'name': 'Nature', 'description': 'Nature and outdoor activities', 'total_mentioned': 255, 'positive': 210, 'negative': 28, 'neutral': 17}, {'name': 'Room', 'description': 'Room amenities', 'total_mentioned': 493, 'positive': 351, 'negative': 97, 'neutral': 45}, {'name': 'Fitness', 'description': 'Fitness', 'total_mentioned': 308, 'positive': 224, 'negative': 51, 'neutral': 33}, {'name': 'Bar', 'description': 'Bar or lounge', 'total_mentioned': 213, 'positive': 170, 'negative': 27, 'neutral': 16}, {'name': 'Location', 'description': 'Location', 'total_mentioned': 290, 'positive': 245, 'negative': 29, 'neutral': 16}, {'name': 'Service', 'description': 'Service', 'total_mentioned': 481, 'positive': 310, 'negative': 146, 'neutral': 25}]"
Seminole Hard Rock Hotel & Casino Tampa,"Upmarket casino hotel featuring 3 outdoor pools & a spa, plus eclectic dining options.","{'latitude': 27.992880399999997, 'longitude': -82.37204849999999}",4,https://casino.hardrock.com/tampa?utm_campaign=shrss_casino_hard-rock-hotel-and-casino-tampa_websitelisting&utm_medium=referral&utm_source=gmb,"[{'stars': 5, 'count': 32922}, {'stars': 4, 'count': 10200}, {'stars': 3, 'count': 4843}, {'stars': 2, 'count': 1974}, {'stars': 1, 'count': 3046}]",52985,"[{'name': 'Dining', 'description': 'Food and Beverage', 'total_mentioned': 3199, 'positive': 2086, 'negative': 832, 'neutral': 281}, {'name': 'Bar', 'description': 'Bar or lounge', 'total_mentioned': 2143, 'positive': 1014, 'negative': 883, 'neutral': 246}, {'name': 'Breakfast', 'description': 'Breakfast', 'total_mentioned': 808, 'positive': 661, 'negative': 96, 'neutral': 51}, {'name': 'Parking', 'description': 'Parking', 'total_mentioned': 1138, 'positive': 527, 'negative': 470, 'neutral': 141}, {'name': 'Wellness', 'description': 'Wellness', 'total_mentioned': 131, 'positive': 93, 'negative': 25, 'neutral': 13}, {'name': 'Atmosphere', 'description': 'Atmosphere', 'total_mentioned': 1537, 'positive': 1431, 'negative': 55, 'neutral': 51}]"
"The Westshore Grand, A Tribute Portfolio Hotel, Tampa","Polished property featuring a bar & a refined steakhouse, plus a rooftop pool, a gym & a cafe.","{'latitude': 27.943555099999998, 'longitude': -82.52540359999999}",4,https://www.marriott.com/en-us/hotels/tpagr-the-westshore-grand-a-tribute-portfolio-hotel-tampa/overview/?scid=f2ae0541-1279-4f24-b197-a979c79310b0,"[{'stars': 5, 'count': 1194}, {'stars': 4, 'count': 528}, {'stars': 3, 'count': 190}, {'stars': 2, 'count': 84}, {'stars': 1, 'count': 137}]",2133,"[{'name': 'Location', 'description': 'Location', 'total_mentioned': 297, 'positive': 243, 'negative': 26, 'neutral': 28}, {'name': 'Parking', 'description': 'Parking', 'total_mentioned': 174, 'positive': 82, 'negative': 63, 'neutral': 29}, {'name': 'Service', 'description': 'Service', 'total_mentioned': 497, 'positive': 337, 'negative': 135, 'neutral': 25}, {'name': 'Transit', 'description': 'Public transit', 'total_mentioned': 129, 'positive': 77, 'negative': 23, 'neutral': 29}, {'name': 'Property', 'description': 'Property', 'total_mentioned': 669, 'positive': 508, 'negative': 108, 'neutral': 53}, {'name': 'Business', 'description': 'Business', 'total_mentioned': 115, 'positive': 68, 'negative': 23, 'neutral': 24}]"
"Le Méridien Tampa, The Courthouse","Contemporary quarters in an upscale property with a French bistro, a chic bar & an outdoor pool.","{'latitude': 27.9500359, 'longitude': -82.4574679}",4,https://www.marriott.com/en-us/hotels/tpamd-le-meridien-tampa-the-courthouse/overview/?scid=f2ae0541-1279-4f24-b197-a979c79310b0,"[{'stars': 5, 'count': 837}, {'stars': 4, 'count': 261}, {'stars': 3, 'count': 102}, {'stars': 2, 'count': 34}, {'stars': 1, 'count': 64}]",1298,"[{'name': 'Couples', 'description': 'Couple friendly', 'total_mentioned': 35, 'positive': 24, 'negative': 5, 'neutral': 6}, {'name': 'Service', 'description': 'Service', 'total_mentioned': 376, 'positive': 289, 'negative': 69, 'neutral': 18}, {'name': 'Bar', 'description': 'Bar or lounge', 'total_mentioned': 141, 'positive': 112, 'negative': 19, 'neutral': 10}, {'name': 'Property', 'description': 'Property', 'total_mentioned': 520, 'positive': 411, 'negative': 67, 'neutral': 42}, {'name': 'Parking', 'description': 'Parking', 'total_mentioned': 95, 'positive': 37, 'negative': 45, 'neutral': 13}, {'name': 'Location', 'description': 'Location', 'total_mentioned': 170, 'positive': 140, 'negative': 17, 'neutral': 13}]"
Marriott Tampa Westshore,"Informal hotel featuring a cafe, 2 restaurants & a gym, plus indoor & outdoor pools.","{'latitude': 27.9531323, 'longitude': -82.5231982}",3,https://www.marriott.com/en-us/hotels/tpawe-marriott-tampa-westshore/overview/?scid=f2ae0541-1279-4f24-b197-a979c79310b0,"[{'stars': 5, 'count': 1012}, {'stars': 4, 'count': 449}, {'stars': 3, 'count': 156}, {'stars': 2, 'count': 54}, {'stars': 1, 'count': 83}]",1754,"[{'name': 'Service', 'description': 'Service', 'total_mentioned': 495, 'positive': 413, 'negative': 63, 'neutral': 19}, {'name': 'Location', 'description': 'Location', 'total_mentioned': 235, 'positive': 191, 'negative': 20, 'neutral': 24}, {'name': 'Fitness', 'description': 'Fitness', 'total_mentioned': 162, 'positive': 132, 'negative': 19, 'neutral': 11}, {'name': 'Business', 'description': 'Business', 'total_mentioned': 111, 'positive': 69, 'negative': 15, 'neutral': 27}, {'name': 'Transit', 'description': 'Public transit', 'total_mentioned': 98, 'positive': 76, 'negative': 9, 'neutral': 13}, {'name': 'Property', 'description': 'Property', 'total_mentioned': 445, 'positive': 326, 'negative': 91, 'neutral': 28}]"
