Name,Description,Coordinates,Hotel Class,Link,Ratings,Reviews,Reviews Breakdown
Cambria Hotel West Orange,"Simple rooms & suites in a low-key hotel with a 24/7 gym & an indoor pool, plus a restaurant/bar.","{'latitude': 40.79602810000001, 'longitude': -74.2549813}",3,https://www.choicehotels.com/new-jersey/west-orange/cambria-hotels/nj313?mc=llgoxxpx,"[{'stars': 5, 'count': 407}, {'stars': 4, 'count': 119}, {'stars': 3, 'count': 67}, {'stars': 2, 'count': 35}, {'stars': 1, 'count': 67}]",695,"[{'name': 'Transit', 'description': 'Public transit', 'total_mentioned': 6, 'positive': 2, 'negative': 3, 'neutral': 1}, {'name': 'Nightlife', 'description': 'Nightlife', 'total_mentioned': 13, 'positive': 9, 'negative': 1, 'neutral': 3}, {'name': 'Gym', 'description': 'Gym', 'total_mentioned': 12, 'positive': 7, 'negative': 4, 'neutral': 1}, {'name': 'Pool', 'description': 'Pool', 'total_mentioned': 10, 'positive': 6, 'negative': 4, 'neutral': 0}, {'name': 'Service', 'description': 'Service', 'total_mentioned': 233, 'positive': 155, 'negative': 65, 'neutral': 13}, {'name': 'Property', 'description': 'Property', 'total_mentioned': 274, 'positive': 199, 'negative': 52, 'neutral': 23}]"
SpringHill Suites Newark Liberty International Airport,"Modern all-suite lodging with kitchenettes & an indoor pool, plus free breakfast & airport shuttle.","{'latitude': 40.7097391, 'longitude': -74.1698546}",3,https://www.marriott.com/en-us/hotels/ewrsa-springhill-suites-newark-liberty-international-airport/overview/?scid=f2ae0541-1279-4f24-b197-a979c79310b0,"[{'stars': 5, 'count': 947}, {'stars': 4, 'count': 623}, {'stars': 3, 'count': 327}, {'stars': 2, 'count': 99}, {'stars': 1, 'count': 165}]",2161,"[{'name': 'Breakfast', 'description': 'Breakfast', 'total_mentioned': 264, 'positive': 174, 'negative': 52, 'neutral': 38}, {'name': 'Service', 'description': 'Service', 'total_mentioned': 447, 'positive': 298, 'negative': 125, 'neutral': 24}, {'name': 'Transit', 'description': 'Public transit', 'total_mentioned': 239, 'positive': 153, 'negative': 38, 'neutral': 48}, {'name': 'Location', 'description': 'Location', 'total_mentioned': 316, 'positive': 183, 'negative': 67, 'neutral': 66}, {'name': 'Property', 'description': 'Property', 'total_mentioned': 533, 'positive': 363, 'negative': 123, 'neutral': 47}, {'name': 'Cleanliness', 'description': 'Cleanliness', 'total_mentioned': 326, 'positive': 234, 'negative': 70, 'neutral': 22}]"
Residence Inn West Orange,"Refined all-suite hotel offering a modern bar & an indoor pool, plus free breakfast & parking.","{'latitude': 40.8143232, 'longitude': -74.2446824}",3,https://www.marriott.com/en-us/hotels/ewrog-residence-inn-west-orange/overview/?scid=f2ae0541-1279-4f24-b197-a979c79310b0,"[{'stars': 5, 'count': 483}, {'stars': 4, 'count': 157}, {'stars': 3, 'count': 41}, {'stars': 2, 'count': 15}, {'stars': 1, 'count': 35}]",731,"[{'name': 'Hot Tub', 'description': 'Hot tub', 'total_mentioned': 14, 'positive': 12, 'negative': 1, 'neutral': 1}, {'name': 'Pets', 'description': 'Pets', 'total_mentioned': 13, 'positive': 8, 'negative': 3, 'neutral': 2}, {'name': 'Pool', 'description': 'Pool', 'total_mentioned': 17, 'positive': 12, 'negative': 3, 'neutral': 2}, {'name': 'Wi-Fi', 'description': 'Wi-Fi', 'total_mentioned': 7, 'positive': 4, 'negative': 2, 'neutral': 1}, {'name': 'Property', 'description': 'Property', 'total_mentioned': 225, 'positive': 191, 'negative': 27, 'neutral': 7}, {'name': 'Service', 'description': 'Service', 'total_mentioned': 195, 'positive': 154, 'negative': 34, 'neutral': 7}]"
The George,"Warmly decorated rooms, suites & studios in a polished hotel offering breakfast.","{'latitude': 40.8216885, 'longitude': -74.2220936}",4,http://thegeorgemontclair.com/,"[{'stars': 5, 'count': 95}, {'stars': 4, 'count': 15}, {'stars': 3, 'count': 5}, {'stars': 2, 'count': 3}, {'stars': 1, 'count': 7}]",125,"[{'name': 'Property', 'description': 'Property', 'total_mentioned': 63, 'positive': 52, 'negative': 8, 'neutral': 3}, {'name': 'Service', 'description': 'Service', 'total_mentioned': 38, 'positive': 32, 'negative': 4, 'neutral': 2}, {'name': 'Breakfast', 'description': 'Breakfast', 'total_mentioned': 19, 'positive': 16, 'negative': 2, 'neutral': 1}, {'name': 'Sleep', 'description': 'Sleep', 'total_mentioned': 15, 'positive': 9, 'negative': 5, 'neutral': 1}, {'name': 'Couples', 'description': 'Couple friendly', 'total_mentioned': 10, 'positive': 7, 'negative': 1, 'neutral': 2}, {'name': 'Bathroom', 'description': 'Bathroom and toiletries', 'total_mentioned': 6, 'positive': 3, 'negative': 3, 'neutral': 0}]"
"The MC Hotel, Autograph Collection",Polished quarters in a modern hotel offering a sleek restaurant & a rooftop bar with city views.,"{'latitude': 40.817299299999995, 'longitude': -74.2224098}",4,https://www.marriott.com/en-us/hotels/ewrak-the-mc-hotel-autograph-collection/overview/?scid=f2ae0541-1279-4f24-b197-a979c79310b0,"[{'stars': 5, 'count': 273}, {'stars': 4, 'count': 73}, {'stars': 3, 'count': 23}, {'stars': 2, 'count': 31}, {'stars': 1, 'count': 38}]",438,"[{'name': 'Nightlife', 'description': 'Nightlife', 'total_mentioned': 24, 'positive': 13, 'negative': 2, 'neutral': 9}, {'name': 'Accessibility', 'description': 'Accessibility', 'total_mentioned': 20, 'positive': 8, 'negative': 11, 'neutral': 1}, {'name': 'Business', 'description': 'Business', 'total_mentioned': 15, 'positive': 4, 'negative': 8, 'neutral': 3}, {'name': 'Safety', 'description': 'Safety', 'total_mentioned': 9, 'positive': 6, 'negative': 2, 'neutral': 1}, {'name': 'Fitness', 'description': 'Fitness', 'total_mentioned': 5, 'positive': 1, 'negative': 4, 'neutral': 0}, {'name': 'Pets', 'description': 'Pets', 'total_mentioned': 6, 'positive': 3, 'negative': 1, 'neutral': 2}]"
TRYP by Wyndham Newark Downtown,"Bright rooms, some with exercise bikes, in a trendy hotel with a free airport shuttle & a gastropub.","{'latitude': 40.7383178, 'longitude': -74.1679982}",3,https://www.wyndhamhotels.com/tryp/newark-new-jersey/tryp-by-wyndham-newark-downtown/overview?CID=LC:v6v3hkulmqj2jri:48278&iata=00093796,"[{'stars': 5, 'count': 742}, {'stars': 4, 'count': 330}, {'stars': 3, 'count': 133}, {'stars': 2, 'count': 78}, {'stars': 1, 'count': 141}]",1424,"[{'name': 'Service', 'description': 'Service', 'total_mentioned': 387, 'positive': 212, 'negative': 150, 'neutral': 25}, {'name': 'Property', 'description': 'Property', 'total_mentioned': 489, 'positive': 370, 'negative': 79, 'neutral': 40}, {'name': 'Location', 'description': 'Location', 'total_mentioned': 237, 'positive': 168, 'negative': 33, 'neutral': 36}, {'name': 'Transit', 'description': 'Public transit', 'total_mentioned': 152, 'positive': 92, 'negative': 40, 'neutral': 20}, {'name': 'Cleanliness', 'description': 'Cleanliness', 'total_mentioned': 299, 'positive': 228, 'negative': 53, 'neutral': 18}, {'name': 'Sleep', 'description': 'Sleep', 'total_mentioned': 182, 'positive': 86, 'negative': 73, 'neutral': 23}]"
Renaissance Meadowlands Hotel,"Polished choice offering a chic restaurant, plus a fitness center & a business center.","{'latitude': 40.8115035, 'longitude': -74.1040881}",3,https://www.marriott.com/en-us/hotels/ewrbr-renaissance-meadowlands-hotel/overview/?scid=f2ae0541-1279-4f24-b197-a979c79310b0,"[{'stars': 5, 'count': 594}, {'stars': 4, 'count': 262}, {'stars': 3, 'count': 90}, {'stars': 2, 'count': 33}, {'stars': 1, 'count': 56}]",1035,"[{'name': 'Dining', 'description': 'Food and Beverage', 'total_mentioned': 69, 'positive': 52, 'negative': 12, 'neutral': 5}, {'name': 'Atmosphere', 'description': 'Atmosphere', 'total_mentioned': 73, 'positive': 65, 'negative': 6, 'neutral': 2}, {'name': 'Couples', 'description': 'Couple friendly', 'total_mentioned': 28, 'positive': 17, 'negative': 4, 'neutral': 7}, {'name': 'Business', 'description': 'Business', 'total_mentioned': 36, 'positive': 23, 'negative': 6, 'neutral': 7}, {'name': 'Fitness', 'description': 'Fitness', 'total_mentioned': 28, 'positive': 16, 'negative': 10, 'neutral': 2}, {'name': 'Nightlife', 'description': 'Nightlife', 'total_mentioned': 25, 'positive': 8, 'negative': 9, 'neutral': 8}]"
Fairfield Inn & Suites Newark Liberty International Airport,"No-nonsense hotel with an indoor pool & a gym, plus free Wi-Fi, hot breakfast & an airport shuttle.","{'latitude': 40.7095038, 'longitude': -74.17091309999999}",3,https://www.marriott.com/en-us/hotels/ewrfs-fairfield-inn-and-suites-newark-liberty-international-airport/overview/?scid=f2ae0541-1279-4f24-b197-a979c79310b0,"[{'stars': 5, 'count': 562}, {'stars': 4, 'count': 384}, {'stars': 3, 'count': 193}, {'stars': 2, 'count': 55}, {'stars': 1, 'count': 150}]",1344,"[{'name': 'Service', 'description': 'Service', 'total_mentioned': 333, 'positive': 211, 'negative': 103, 'neutral': 19}, {'name': 'Breakfast', 'description': 'Breakfast', 'total_mentioned': 153, 'positive': 111, 'negative': 21, 'neutral': 21}, {'name': 'Transit', 'description': 'Public transit', 'total_mentioned': 180, 'positive': 113, 'negative': 38, 'neutral': 29}, {'name': 'Location', 'description': 'Location', 'total_mentioned': 195, 'positive': 121, 'negative': 40, 'neutral': 34}, {'name': 'Cleanliness', 'description': 'Cleanliness', 'total_mentioned': 239, 'positive': 160, 'negative': 66, 'neutral': 13}, {'name': 'Sleep', 'description': 'Sleep', 'total_mentioned': 152, 'positive': 59, 'negative': 78, 'neutral': 15}]"
