Name,Description,Coordinates,Hotel Class,Link,Ratings,Reviews,Reviews Breakdown
Days Inn & Suites by Wyndham Caseyville,N/A,"{'latitude': 38.6129508, 'longitude': -90.04877139999999}",2,https://www.wyndhamhotels.com/days-inn/caseyville-illinois/days-inn-and-suites-caseyville/overview?CID=LC:iqv0j1dklijly45:54534&iata=00093796,"[{'stars': 5, 'count': 85}, {'stars': 4, 'count': 58}, {'stars': 3, 'count': 63}, {'stars': 2, 'count': 64}, {'stars': 1, 'count': 302}]",572,"[{'name': 'Cleanliness', 'description': 'Cleanliness', 'total_mentioned': 200, 'positive': 14, 'negative': 181, 'neutral': 5}, {'name': 'Property', 'description': 'Property', 'total_mentioned': 186, 'positive': 32, 'negative': 147, 'neutral': 7}, {'name': 'Sleep', 'description': 'Sleep', 'total_mentioned': 130, 'positive': 11, 'negative': 110, 'neutral': 9}, {'name': 'Bathroom', 'description': 'Bathroom and toiletries', 'total_mentioned': 122, 'positive': 3, 'negative': 115, 'neutral': 4}, {'name': 'Pets', 'description': 'Pets', 'total_mentioned': 17, 'positive': 2, 'negative': 14, 'neutral': 1}, {'name': 'Safety', 'description': 'Safety', 'total_mentioned': 28, 'positive': 1, 'negative': 27, 'neutral': 0}]"
Shrine Guesthouse,N/A,"{'latitude': 38.5621357, 'longitude': -90.0924399}",3,N/A,"[{'stars': 5, 'count': 186}, {'stars': 4, 'count': 75}, {'stars': 3, 'count': 33}, {'stars': 2, 'count': 3}, {'stars': 1, 'count': 6}]",303,"[{'name': 'Property', 'description': 'Property', 'total_mentioned': 43, 'positive': 37, 'negative': 5, 'neutral': 1}, {'name': 'Service', 'description': 'Service', 'total_mentioned': 38, 'positive': 30, 'negative': 5, 'neutral': 3}, {'name': 'Dining', 'description': 'Food and Beverage', 'total_mentioned': 31, 'positive': 23, 'negative': 4, 'neutral': 4}]"
DraftKings at Casino Queen,N/A,"{'latitude': 38.625882, 'longitude': -90.174103}",3,https://draftkingsatcasinoqueen.com/?utm_source=2060digital&utm_medium=localseo&utm_campaign=gbp,"[{'stars': 5, 'count': 1693}, {'stars': 4, 'count': 896}, {'stars': 3, 'count': 618}, {'stars': 2, 'count': 294}, {'stars': 1, 'count': 438}]",3939,"[{'name': 'Nightlife', 'description': 'Nightlife', 'total_mentioned': 613, 'positive': 312, 'negative': 209, 'neutral': 92}, {'name': 'Dining', 'description': 'Food and Beverage', 'total_mentioned': 180, 'positive': 96, 'negative': 62, 'neutral': 22}, {'name': 'Bar', 'description': 'Bar or lounge', 'total_mentioned': 130, 'positive': 68, 'negative': 46, 'neutral': 16}, {'name': 'Parking', 'description': 'Parking', 'total_mentioned': 93, 'positive': 27, 'negative': 58, 'neutral': 8}, {'name': 'Safety', 'description': 'Safety', 'total_mentioned': 88, 'positive': 29, 'negative': 44, 'neutral': 15}, {'name': 'Bathroom', 'description': 'Bathroom and toiletries', 'total_mentioned': 76, 'positive': 10, 'negative': 60, 'neutral': 6}]"
St. Louis N.E. / I-270 / Granite City KOA Journey,N/A,"{'latitude': 38.760287999999996, 'longitude': -90.116113}",N/A,https://koa.com/campgrounds/st-louis-ne/?utm_source=google&utm_medium=organic&utm_campaign=gbp,"[{'stars': 5, 'count': 120}, {'stars': 4, 'count': 89}, {'stars': 3, 'count': 46}, {'stars': 2, 'count': 40}, {'stars': 1, 'count': 62}]",357,"[{'name': 'Cleanliness', 'description': 'Cleanliness', 'total_mentioned': 82, 'positive': 57, 'negative': 17, 'neutral': 8}, {'name': 'Property', 'description': 'Property', 'total_mentioned': 35, 'positive': 29, 'negative': 6, 'neutral': 0}, {'name': 'Nature', 'description': 'Nature and outdoor activities', 'total_mentioned': 11, 'positive': 7, 'negative': 3, 'neutral': 1}, {'name': 'Wi-Fi', 'description': 'Wi-Fi', 'total_mentioned': 18, 'positive': 5, 'negative': 12, 'neutral': 1}, {'name': 'Pets', 'description': 'Pets', 'total_mentioned': 24, 'positive': 5, 'negative': 15, 'neutral': 4}]"
Hyatt Regency St. Louis at The Arch,"Refined rooms, some with Arch views, in an upmarket hotel featuring fine dining & a gym.","{'latitude': 38.6262038, 'longitude': -90.18776969999999}",4,https://www.hyatt.com/hyatt-regency/en-US/stlrs-hyatt-regency-st-louis-at-the-arch?src=corp_lclb_google_seo_stlrs&%3Futm_source=google&utm_medium=organic&utm_campaign=lmr,"[{'stars': 5, 'count': 3934}, {'stars': 4, 'count': 1643}, {'stars': 3, 'count': 575}, {'stars': 2, 'count': 261}, {'stars': 1, 'count': 348}]",6761,"[{'name': 'Parking', 'description': 'Parking', 'total_mentioned': 668, 'positive': 136, 'negative': 412, 'neutral': 120}, {'name': 'Service', 'description': 'Service', 'total_mentioned': 1662, 'positive': 1267, 'negative': 304, 'neutral': 91}, {'name': 'Location', 'description': 'Location', 'total_mentioned': 1074, 'positive': 898, 'negative': 71, 'neutral': 105}, {'name': 'Property', 'description': 'Property', 'total_mentioned': 1924, 'positive': 1446, 'negative': 330, 'neutral': 148}, {'name': 'Cleanliness', 'description': 'Cleanliness', 'total_mentioned': 1023, 'positive': 706, 'negative': 278, 'neutral': 39}, {'name': 'Nature', 'description': 'Nature and outdoor activities', 'total_mentioned': 178, 'positive': 171, 'negative': 5, 'neutral': 2}]"
Lemp Mansion,N/A,"{'latitude': 38.5931742, 'longitude': -90.21587600000001}",3,http://www.lempmansion.com/,"[{'stars': 5, 'count': 1326}, {'stars': 4, 'count': 285}, {'stars': 3, 'count': 78}, {'stars': 2, 'count': 38}, {'stars': 1, 'count': 36}]",1763,"[{'name': 'Dining', 'description': 'Food and Beverage', 'total_mentioned': 346, 'positive': 286, 'negative': 38, 'neutral': 22}, {'name': 'Family', 'description': 'Family friendly', 'total_mentioned': 127, 'positive': 105, 'negative': 12, 'neutral': 10}, {'name': 'Couples', 'description': 'Couple friendly', 'total_mentioned': 47, 'positive': 41, 'negative': 2, 'neutral': 4}, {'name': 'Breakfast', 'description': 'Breakfast', 'total_mentioned': 145, 'positive': 131, 'negative': 5, 'neutral': 9}, {'name': 'Service', 'description': 'Service', 'total_mentioned': 304, 'positive': 258, 'negative': 37, 'neutral': 9}, {'name': 'Bar', 'description': 'Bar or lounge', 'total_mentioned': 73, 'positive': 43, 'negative': 20, 'neutral': 10}]"
"Hotel Indigo St. Louis - Downtown, an IHG Hotel","Modern quarters in a stylish hotel offering breakfast, plus a gym, a restaurant & a rooftop bar.","{'latitude': 38.627939999999995, 'longitude': -90.18932}",3,https://www.ihg.com/hotelindigo/hotels/us/en/st-louis/stlid/hoteldetail?cm_mmc=GoogleMaps-_-IN-_-US-_-STLID,"[{'stars': 5, 'count': 229}, {'stars': 4, 'count': 100}, {'stars': 3, 'count': 53}, {'stars': 2, 'count': 43}, {'stars': 1, 'count': 83}]",508,"[{'name': 'Parking', 'description': 'Parking', 'total_mentioned': 90, 'positive': 29, 'negative': 50, 'neutral': 11}, {'name': 'Service', 'description': 'Service', 'total_mentioned': 226, 'positive': 127, 'negative': 80, 'neutral': 19}, {'name': 'Cleanliness', 'description': 'Cleanliness', 'total_mentioned': 128, 'positive': 62, 'negative': 55, 'neutral': 11}, {'name': 'Property', 'description': 'Property', 'total_mentioned': 217, 'positive': 111, 'negative': 76, 'neutral': 30}, {'name': 'Sleep', 'description': 'Sleep', 'total_mentioned': 97, 'positive': 27, 'negative': 62, 'neutral': 8}, {'name': 'Bathroom', 'description': 'Bathroom and toiletries', 'total_mentioned': 78, 'positive': 12, 'negative': 60, 'neutral': 6}]"
"St. Louis Union Station Hotel, Curio Collection by Hilton","Upscale hotel in a converted 1894 train station, featuring a gastropub & a nightly 3D light show.","{'latitude': 38.6287193, 'longitude': -90.2075881}",4,https://www.hilton.com/en/hotels/stlcuqq-st-louis-union-station-hotel/?SEO_id=GMB-AMER-QQ-STLCUQQ&y_source=1_MTM3MjYxMy03MTUtbG9jYXRpb24ud2Vic2l0ZQ%3D%3D,"[{'stars': 5, 'count': 5448}, {'stars': 4, 'count': 2015}, {'stars': 3, 'count': 701}, {'stars': 2, 'count': 317}, {'stars': 1, 'count': 440}]",8921,"[{'name': 'Property', 'description': 'Property', 'total_mentioned': 2123, 'positive': 1584, 'negative': 376, 'neutral': 163}, {'name': 'Service', 'description': 'Service', 'total_mentioned': 1446, 'positive': 977, 'negative': 391, 'neutral': 78}, {'name': 'Transit', 'description': 'Public transit', 'total_mentioned': 310, 'positive': 206, 'negative': 40, 'neutral': 64}, {'name': 'Parking', 'description': 'Parking', 'total_mentioned': 390, 'positive': 118, 'negative': 218, 'neutral': 54}, {'name': 'Bar', 'description': 'Bar or lounge', 'total_mentioned': 420, 'positive': 293, 'negative': 70, 'neutral': 57}, {'name': 'Nightlife', 'description': 'Nightlife', 'total_mentioned': 349, 'positive': 262, 'negative': 47, 'neutral': 40}]"
The Last Hotel STL,"Upscale quarters, dining & a rooftop pool in a fashionable hotel set in a converted shoe factory.","{'latitude': 38.63270000000001, 'longitude': -90.2006746}",4,https://thelasthotelstl.com/,"[{'stars': 5, 'count': 523}, {'stars': 4, 'count': 142}, {'stars': 3, 'count': 70}, {'stars': 2, 'count': 60}, {'stars': 1, 'count': 95}]",890,"[{'name': 'Bar', 'description': 'Bar or lounge', 'total_mentioned': 194, 'positive': 114, 'negative': 57, 'neutral': 23}, {'name': 'Fitness', 'description': 'Fitness', 'total_mentioned': 174, 'positive': 106, 'negative': 50, 'neutral': 18}, {'name': 'Pool', 'description': 'Pool', 'total_mentioned': 124, 'positive': 82, 'negative': 29, 'neutral': 13}, {'name': 'Service', 'description': 'Service', 'total_mentioned': 365, 'positive': 240, 'negative': 88, 'neutral': 37}, {'name': 'Property', 'description': 'Property', 'total_mentioned': 369, 'positive': 256, 'negative': 87, 'neutral': 26}, {'name': 'Parking', 'description': 'Parking', 'total_mentioned': 104, 'positive': 45, 'negative': 42, 'neutral': 17}]"
HoteLumière at the Arch,"Airy suites in a casual casino hotel offering rooftop dining with skyline views, a spa & a pool.","{'latitude': 38.632059999999996, 'longitude': -90.1833765}",4,https://www.caesars.com/horseshoe-st-louis/hotel?utm_campaign=GMB&utm_source=google&utm_medium=local&utm_term=hotelumiere&utm_content=hotel,"[{'stars': 5, 'count': 363}, {'stars': 4, 'count': 194}, {'stars': 3, 'count': 141}, {'stars': 2, 'count': 71}, {'stars': 1, 'count': 144}]",913,"[{'name': 'Nightlife', 'description': 'Nightlife', 'total_mentioned': 119, 'positive': 47, 'negative': 48, 'neutral': 24}, {'name': 'Property', 'description': 'Property', 'total_mentioned': 263, 'positive': 119, 'negative': 123, 'neutral': 21}, {'name': 'Cleanliness', 'description': 'Cleanliness', 'total_mentioned': 155, 'positive': 43, 'negative': 101, 'neutral': 11}, {'name': 'Accessibility', 'description': 'Accessibility', 'total_mentioned': 60, 'positive': 5, 'negative': 53, 'neutral': 2}, {'name': 'Service', 'description': 'Service', 'total_mentioned': 193, 'positive': 68, 'negative': 110, 'neutral': 15}, {'name': 'Fitness', 'description': 'Fitness', 'total_mentioned': 55, 'positive': 9, 'negative': 45, 'neutral': 1}]"
"Magnolia Hotel St. Louis, a Tribute Portfolio Hotel","Grand hotel with elegant rooms & suites, plus a stylish bar & a restaurant","{'latitude': 38.6300076, 'longitude': -90.1921261}",4,https://www.marriott.com/en-us/hotels/stltr-magnolia-hotel-st-louis-a-tribute-portfolio-hotel/overview/?scid=f2ae0541-1279-4f24-b197-a979c79310b0,"[{'stars': 5, 'count': 708}, {'stars': 4, 'count': 286}, {'stars': 3, 'count': 118}, {'stars': 2, 'count': 46}, {'stars': 1, 'count': 53}]",1211,"[{'name': 'Property', 'description': 'Property', 'total_mentioned': 491, 'positive': 388, 'negative': 70, 'neutral': 33}, {'name': 'Service', 'description': 'Service', 'total_mentioned': 382, 'positive': 296, 'negative': 66, 'neutral': 20}, {'name': 'Parking', 'description': 'Parking', 'total_mentioned': 127, 'positive': 48, 'negative': 61, 'neutral': 18}, {'name': 'Bar', 'description': 'Bar or lounge', 'total_mentioned': 108, 'positive': 82, 'negative': 14, 'neutral': 12}, {'name': 'Cleanliness', 'description': 'Cleanliness', 'total_mentioned': 179, 'positive': 120, 'negative': 51, 'neutral': 8}, {'name': 'Location', 'description': 'Location', 'total_mentioned': 170, 'positive': 149, 'negative': 9, 'neutral': 12}]"
The Westin St. Louis,"Airy rooms & suites, some with stadium views, plus a warehouse-style restaurant, a spa & a gym.","{'latitude': 38.6237417, 'longitude': -90.1949104}",4,https://www.marriott.com/en-us/hotels/stlwi-the-westin-st-louis/overview/?scid=f2ae0541-1279-4f24-b197-a979c79310b0,"[{'stars': 5, 'count': 1262}, {'stars': 4, 'count': 448}, {'stars': 3, 'count': 155}, {'stars': 2, 'count': 104}, {'stars': 1, 'count': 135}]",2104,"[{'name': 'Property', 'description': 'Property', 'total_mentioned': 765, 'positive': 591, 'negative': 122, 'neutral': 52}, {'name': 'Service', 'description': 'Service', 'total_mentioned': 585, 'positive': 412, 'negative': 139, 'neutral': 34}, {'name': 'Location', 'description': 'Location', 'total_mentioned': 361, 'positive': 288, 'negative': 29, 'neutral': 44}, {'name': 'Parking', 'description': 'Parking', 'total_mentioned': 187, 'positive': 72, 'negative': 81, 'neutral': 34}, {'name': 'Cleanliness', 'description': 'Cleanliness', 'total_mentioned': 313, 'positive': 219, 'negative': 83, 'neutral': 11}, {'name': 'Bathroom', 'description': 'Bathroom and toiletries', 'total_mentioned': 216, 'positive': 121, 'negative': 74, 'neutral': 21}]"
Four Seasons Hotel St. Louis,"Airy rooms with floor-to-ceiling windows, plus a spa, an outdoor pool & a fine-dining restaurant.","{'latitude': 38.6337127, 'longitude': -90.1848297}",5,https://www.fourseasons.com/stlouis/?utm_source=google&utm_medium=organicsearch&utm_campaign=tor-stl-hre-mid-seo-na&utm_content=na-na&utm_term=na,"[{'stars': 5, 'count': 1525}, {'stars': 4, 'count': 367}, {'stars': 3, 'count': 100}, {'stars': 2, 'count': 37}, {'stars': 1, 'count': 70}]",2099,"[{'name': 'Wellness', 'description': 'Wellness', 'total_mentioned': 75, 'positive': 61, 'negative': 8, 'neutral': 6}, {'name': 'Spa', 'description': 'Spa', 'total_mentioned': 56, 'positive': 43, 'negative': 7, 'neutral': 6}, {'name': 'Service', 'description': 'Service', 'total_mentioned': 397, 'positive': 333, 'negative': 52, 'neutral': 12}, {'name': 'Nature', 'description': 'Nature and outdoor activities', 'total_mentioned': 47, 'positive': 47, 'negative': 0, 'neutral': 0}, {'name': 'Couples', 'description': 'Couple friendly', 'total_mentioned': 32, 'positive': 21, 'negative': 3, 'neutral': 8}, {'name': 'Property', 'description': 'Property', 'total_mentioned': 362, 'positive': 314, 'negative': 34, 'neutral': 14}]"
"Hotel Saint Louis, Autograph Collection","Refined quarters in an upmarket hotel offering a restaurant, a bar & a spa, plus a rooftop pool.","{'latitude': 38.6284969, 'longitude': -90.1916093}",4,https://www.marriott.com/en-us/hotels/stlak-hotel-saint-louis-autograph-collection/overview/?scid=f2ae0541-1279-4f24-b197-a979c79310b0,"[{'stars': 5, 'count': 588}, {'stars': 4, 'count': 106}, {'stars': 3, 'count': 44}, {'stars': 2, 'count': 31}, {'stars': 1, 'count': 50}]",819,"[{'name': 'Spa', 'description': 'Spa', 'total_mentioned': 24, 'positive': 20, 'negative': 3, 'neutral': 1}, {'name': 'Property', 'description': 'Property', 'total_mentioned': 341, 'positive': 286, 'negative': 35, 'neutral': 20}, {'name': 'Service', 'description': 'Service', 'total_mentioned': 289, 'positive': 209, 'negative': 62, 'neutral': 18}, {'name': 'Wellness', 'description': 'Wellness', 'total_mentioned': 24, 'positive': 20, 'negative': 2, 'neutral': 2}, {'name': 'Bar', 'description': 'Bar or lounge', 'total_mentioned': 104, 'positive': 68, 'negative': 22, 'neutral': 14}, {'name': 'Dining', 'description': 'Food and Beverage', 'total_mentioned': 101, 'positive': 62, 'negative': 30, 'neutral': 9}]"
