Name,Description,Coordinates,Hotel Class,Link,Ratings,Reviews,Reviews Breakdown
Wyndham Indianapolis Airport,"Polished lodging with an outdoor pool & Italian dining, plus a free airport shuttle & Wi-Fi.","{'latitude': 39.7293745, 'longitude': -86.2584777}",3,https://www.wyndhamhotels.com/wyndham/indianapolis-indiana/wyndham-indianapolis-airportt/overview?CID=LC:46q62bu8edfbx3y:33237&iata=00093796,"[{'stars': 5, 'count': 843}, {'stars': 4, 'count': 657}, {'stars': 3, 'count': 428}, {'stars': 2, 'count': 215}, {'stars': 1, 'count': 282}]",2425,"[{'name': 'Transit', 'description': 'Public transit', 'total_mentioned': 101, 'positive': 51, 'negative': 27, 'neutral': 23}, {'name': 'Couples', 'description': 'Couple friendly', 'total_mentioned': 50, 'positive': 17, 'negative': 10, 'neutral': 23}, {'name': 'Business', 'description': 'Business', 'total_mentioned': 140, 'positive': 69, 'negative': 42, 'neutral': 29}, {'name': 'Accessibility', 'description': 'Accessibility', 'total_mentioned': 111, 'positive': 6, 'negative': 96, 'neutral': 9}, {'name': 'Bar', 'description': 'Bar or lounge', 'total_mentioned': 94, 'positive': 54, 'negative': 26, 'neutral': 14}, {'name': 'Dining', 'description': 'Food and Beverage', 'total_mentioned': 138, 'positive': 64, 'negative': 60, 'neutral': 14}]"
Red Roof Inn Indianapolis South,"Humble budget hotel offering no-nonsense rooms, plus complimentary Wi-Fi & parking.","{'latitude': 39.7014905, 'longitude': -86.0801092}",2,https://www.redroof.com/property/in/indianapolis/RRI013?utm_source=GMB&utm_medium=Google&utm_campaign=GMB_Performance_RRI013,"[{'stars': 5, 'count': 329}, {'stars': 4, 'count': 241}, {'stars': 3, 'count': 202}, {'stars': 2, 'count': 98}, {'stars': 1, 'count': 190}]",1060,"[{'name': 'Pets', 'description': 'Pets', 'total_mentioned': 31, 'positive': 13, 'negative': 14, 'neutral': 4}, {'name': 'Cleanliness', 'description': 'Cleanliness', 'total_mentioned': 304, 'positive': 174, 'negative': 112, 'neutral': 18}, {'name': 'Service', 'description': 'Service', 'total_mentioned': 250, 'positive': 122, 'negative': 113, 'neutral': 15}, {'name': 'Sleep', 'description': 'Sleep', 'total_mentioned': 145, 'positive': 39, 'negative': 90, 'neutral': 16}, {'name': 'Air Conditioning', 'description': 'Air conditioning', 'total_mentioned': 26, 'positive': 8, 'negative': 17, 'neutral': 1}, {'name': 'Property', 'description': 'Property', 'total_mentioned': 275, 'positive': 168, 'negative': 84, 'neutral': 23}]"
Old Northside Bed & Breakfast,"Upscale quarters in an 1885 B&B with free perks including a snack bar, drinks & a movie library.","{'latitude': 39.785435899999996, 'longitude': -86.1525475}",3,http://oldnorthsideinn.com/,"[{'stars': 5, 'count': 99}, {'stars': 4, 'count': 10}, {'stars': 3, 'count': 3}, {'stars': 2, 'count': 2}, {'stars': 1, 'count': 4}]",118,"[{'name': 'Breakfast', 'description': 'Breakfast', 'total_mentioned': 38, 'positive': 37, 'negative': 1, 'neutral': 0}, {'name': 'Couples', 'description': 'Couple friendly', 'total_mentioned': 5, 'positive': 3, 'negative': 0, 'neutral': 2}, {'name': 'Restaurant', 'description': 'Restaurant', 'total_mentioned': 19, 'positive': 18, 'negative': 1, 'neutral': 0}, {'name': 'Location', 'description': 'Location', 'total_mentioned': 24, 'positive': 23, 'negative': 0, 'neutral': 1}, {'name': 'Bar', 'description': 'Bar or lounge', 'total_mentioned': 7, 'positive': 5, 'negative': 0, 'neutral': 2}, {'name': 'Sleep', 'description': 'Sleep', 'total_mentioned': 31, 'positive': 28, 'negative': 2, 'neutral': 1}]"
Bottleworks Hotel,"Swanky boutique hotel in a former bottling plant featuring a spa, pan-Asian dining & a cocktail bar.","{'latitude': 39.7796936, 'longitude': -86.1432952}",4,https://www.bottleworkshotel.com/,"[{'stars': 5, 'count': 490}, {'stars': 4, 'count': 37}, {'stars': 3, 'count': 11}, {'stars': 2, 'count': 3}, {'stars': 1, 'count': 5}]",546,"[{'name': 'Couples', 'description': 'Couple friendly', 'total_mentioned': 17, 'positive': 13, 'negative': 0, 'neutral': 4}, {'name': 'Bar', 'description': 'Bar or lounge', 'total_mentioned': 48, 'positive': 41, 'negative': 2, 'neutral': 5}, {'name': 'Wellness', 'description': 'Wellness', 'total_mentioned': 7, 'positive': 5, 'negative': 1, 'neutral': 1}, {'name': 'Dining', 'description': 'Food and Beverage', 'total_mentioned': 47, 'positive': 41, 'negative': 1, 'neutral': 5}, {'name': 'Property', 'description': 'Property', 'total_mentioned': 231, 'positive': 218, 'negative': 5, 'neutral': 8}, {'name': 'Pets', 'description': 'Pets', 'total_mentioned': 9, 'positive': 6, 'negative': 1, 'neutral': 2}]"
The Alexander,"Modern quarters in an upscale hotel with custom artwork, massage therapists, a bar & dining options.","{'latitude': 39.7618122, 'longitude': -86.1544677}",4,https://www.marriott.com/en-us/hotels/indax-the-alexander/overview/?scid=f2ae0541-1279-4f24-b197-a979c79310b0,"[{'stars': 5, 'count': 1311}, {'stars': 4, 'count': 438}, {'stars': 3, 'count': 128}, {'stars': 2, 'count': 63}, {'stars': 1, 'count': 86}]",2026,"[{'name': 'Bar', 'description': 'Bar or lounge', 'total_mentioned': 193, 'positive': 144, 'negative': 32, 'neutral': 17}, {'name': 'Couples', 'description': 'Couple friendly', 'total_mentioned': 34, 'positive': 25, 'negative': 4, 'neutral': 5}, {'name': 'Parking', 'description': 'Parking', 'total_mentioned': 142, 'positive': 68, 'negative': 52, 'neutral': 22}, {'name': 'Dining', 'description': 'Food and Beverage', 'total_mentioned': 171, 'positive': 132, 'negative': 25, 'neutral': 14}, {'name': 'Business', 'description': 'Business', 'total_mentioned': 83, 'positive': 55, 'negative': 10, 'neutral': 18}, {'name': 'Location', 'description': 'Location', 'total_mentioned': 218, 'positive': 178, 'negative': 16, 'neutral': 24}]"
JW Marriott Indianapolis,"Upmarket hotel with an Italian restaurant & a sports bar, plus a fitness center.","{'latitude': 39.7663443, 'longitude': -86.1683735}",4,https://www.marriott.com/en-us/hotels/indjw-jw-marriott-indianapolis/overview/?scid=f2ae0541-1279-4f24-b197-a979c79310b0,"[{'stars': 5, 'count': 5027}, {'stars': 4, 'count': 1483}, {'stars': 3, 'count': 344}, {'stars': 2, 'count': 119}, {'stars': 1, 'count': 192}]",7165,"[{'name': 'Nature', 'description': 'Nature and outdoor activities', 'total_mentioned': 120, 'positive': 116, 'negative': 2, 'neutral': 2}, {'name': 'Business', 'description': 'Business', 'total_mentioned': 510, 'positive': 346, 'negative': 58, 'neutral': 106}, {'name': 'Bar', 'description': 'Bar or lounge', 'total_mentioned': 406, 'positive': 300, 'negative': 60, 'neutral': 46}, {'name': 'Parking', 'description': 'Parking', 'total_mentioned': 364, 'positive': 129, 'negative': 177, 'neutral': 58}, {'name': 'Dining', 'description': 'Food and Beverage', 'total_mentioned': 413, 'positive': 301, 'negative': 68, 'neutral': 44}, {'name': 'Couples', 'description': 'Couple friendly', 'total_mentioned': 82, 'positive': 49, 'negative': 5, 'neutral': 28}]"
Red Roof Inn Indianapolis - Greenwood,Streamlined rooms & suites in a casual budget hotel with a seasonal outdoor pool & free Wi-Fi.,"{'latitude': 39.613023399999996, 'longitude': -86.0766721}",2,https://www.redroof.com/property/in/greenwood/RRI650?utm_source=GMB&utm_medium=Google&utm_campaign=GMB_Performance_RRI650,"[{'stars': 5, 'count': 229}, {'stars': 4, 'count': 159}, {'stars': 3, 'count': 107}, {'stars': 2, 'count': 83}, {'stars': 1, 'count': 155}]",733,"[{'name': 'Parking', 'description': 'Parking', 'total_mentioned': 9, 'positive': 1, 'negative': 6, 'neutral': 2}, {'name': 'Hot Tub', 'description': 'Hot tub', 'total_mentioned': 10, 'positive': 6, 'negative': 1, 'neutral': 3}, {'name': 'Pets', 'description': 'Pets', 'total_mentioned': 20, 'positive': 6, 'negative': 8, 'neutral': 6}, {'name': 'Air Conditioning', 'description': 'Air conditioning', 'total_mentioned': 9, 'positive': 4, 'negative': 4, 'neutral': 1}, {'name': 'Wellness', 'description': 'Wellness', 'total_mentioned': 5, 'positive': 2, 'negative': 1, 'neutral': 2}, {'name': 'Breakfast', 'description': 'Breakfast', 'total_mentioned': 23, 'positive': 4, 'negative': 16, 'neutral': 3}]"
Looking Glass Inn,"Individually styled rooms, some with Jacuzzis, at an inn offering free breakfast.","{'latitude': 39.785019399999996, 'longitude': -86.1506074}",3,http://www.thelookingglassinn.com/,"[{'stars': 5, 'count': 82}, {'stars': 4, 'count': 16}, {'stars': 3, 'count': 9}, {'stars': 2, 'count': 4}, {'stars': 1, 'count': 7}]",118,"[{'name': 'Couples', 'description': 'Couple friendly', 'total_mentioned': 8, 'positive': 7, 'negative': 0, 'neutral': 1}, {'name': 'Breakfast', 'description': 'Breakfast', 'total_mentioned': 29, 'positive': 16, 'negative': 7, 'neutral': 6}, {'name': 'Hot Tub', 'description': 'Hot tub', 'total_mentioned': 7, 'positive': 4, 'negative': 3, 'neutral': 0}, {'name': 'Restaurant', 'description': 'Restaurant', 'total_mentioned': 20, 'positive': 10, 'negative': 6, 'neutral': 4}, {'name': 'Location', 'description': 'Location', 'total_mentioned': 16, 'positive': 15, 'negative': 1, 'neutral': 0}, {'name': 'Sleep', 'description': 'Sleep', 'total_mentioned': 30, 'positive': 16, 'negative': 9, 'neutral': 5}]"
Omni Severin Hotel,"Upscale rooms & suites with city views, plus a pool, a rustic restaurant & a chic sports bar.","{'latitude': 39.7638014, 'longitude': -86.1595832}",4,https://www.omnihotels.com/hotels/indianapolis-severin?utm_source=gmblisting&utm_medium=organic,"[{'stars': 5, 'count': 1793}, {'stars': 4, 'count': 790}, {'stars': 3, 'count': 294}, {'stars': 2, 'count': 154}, {'stars': 1, 'count': 176}]",3207,"[{'name': 'Couples', 'description': 'Couple friendly', 'total_mentioned': 70, 'positive': 53, 'negative': 4, 'neutral': 13}, {'name': 'Parking', 'description': 'Parking', 'total_mentioned': 210, 'positive': 72, 'negative': 110, 'neutral': 28}, {'name': 'Bar', 'description': 'Bar or lounge', 'total_mentioned': 189, 'positive': 136, 'negative': 28, 'neutral': 25}, {'name': 'Location', 'description': 'Location', 'total_mentioned': 530, 'positive': 449, 'negative': 39, 'neutral': 42}, {'name': 'Service', 'description': 'Service', 'total_mentioned': 995, 'positive': 826, 'negative': 124, 'neutral': 45}, {'name': 'Dining', 'description': 'Food and Beverage', 'total_mentioned': 176, 'positive': 122, 'negative': 37, 'neutral': 17}]"
Stone Soup Inn,Stylish rooms & suites with antiques in a charming 19th-century home offering free refreshments.,"{'latitude': 39.784571199999995, 'longitude': -86.14970269999999}",3,http://www.stonesoupinn.com/,"[{'stars': 5, 'count': 152}, {'stars': 4, 'count': 36}, {'stars': 3, 'count': 7}, {'stars': 2, 'count': 7}, {'stars': 1, 'count': 16}]",218,"[{'name': 'Couples', 'description': 'Couple friendly', 'total_mentioned': 13, 'positive': 10, 'negative': 2, 'neutral': 1}, {'name': 'Breakfast', 'description': 'Breakfast', 'total_mentioned': 48, 'positive': 37, 'negative': 6, 'neutral': 5}, {'name': 'Hot Tub', 'description': 'Hot tub', 'total_mentioned': 7, 'positive': 3, 'negative': 2, 'neutral': 2}, {'name': 'Restaurant', 'description': 'Restaurant', 'total_mentioned': 24, 'positive': 16, 'negative': 6, 'neutral': 2}, {'name': 'Location', 'description': 'Location', 'total_mentioned': 40, 'positive': 38, 'negative': 2, 'neutral': 0}, {'name': 'Service', 'description': 'Service', 'total_mentioned': 85, 'positive': 76, 'negative': 7, 'neutral': 2}]"
Conrad Indianapolis,"This refined 23-story hotel offers meeting space & a modern spa, plus a wine bar & art gallery.","{'latitude': 39.767596999999995, 'longitude': -86.15935499999999}",5,https://www.hilton.com/en/hotels/indcici-conrad-indianapolis/?SEO_id=GMB-AMER-CN-INDCICI&y_source=1_MTEzMzIxNC03MTUtbG9jYXRpb24ud2Vic2l0ZQ%3D%3D,"[{'stars': 5, 'count': 1201}, {'stars': 4, 'count': 222}, {'stars': 3, 'count': 70}, {'stars': 2, 'count': 38}, {'stars': 1, 'count': 57}]",1588,"[{'name': 'Spa', 'description': 'Spa', 'total_mentioned': 55, 'positive': 44, 'negative': 4, 'neutral': 7}, {'name': 'Wellness', 'description': 'Wellness', 'total_mentioned': 66, 'positive': 55, 'negative': 3, 'neutral': 8}, {'name': 'Couples', 'description': 'Couple friendly', 'total_mentioned': 51, 'positive': 39, 'negative': 2, 'neutral': 10}, {'name': 'Parking', 'description': 'Parking', 'total_mentioned': 103, 'positive': 58, 'negative': 32, 'neutral': 13}, {'name': 'Bar', 'description': 'Bar or lounge', 'total_mentioned': 75, 'positive': 54, 'negative': 13, 'neutral': 8}, {'name': 'Service', 'description': 'Service', 'total_mentioned': 524, 'positive': 455, 'negative': 51, 'neutral': 18}]"
Red Roof Inn & Suites Indianapolis Airport,Straightforward rooms & suites with microwaves & minifridges in an unpretentious hotel.,"{'latitude': 39.7270626, 'longitude': -86.24919720000001}",2,https://www.redroof.com/property/in/indianapolis/RRI840?utm_source=GMB&utm_medium=Google&utm_campaign=GMB_Performance_RRI840,"[{'stars': 5, 'count': 313}, {'stars': 4, 'count': 208}, {'stars': 3, 'count': 183}, {'stars': 2, 'count': 122}, {'stars': 1, 'count': 358}]",1184,"[{'name': 'Transit', 'description': 'Public transit', 'total_mentioned': 35, 'positive': 22, 'negative': 8, 'neutral': 5}, {'name': 'Pets', 'description': 'Pets', 'total_mentioned': 35, 'positive': 14, 'negative': 19, 'neutral': 2}, {'name': 'Cleanliness', 'description': 'Cleanliness', 'total_mentioned': 271, 'positive': 101, 'negative': 158, 'neutral': 12}, {'name': 'Breakfast', 'description': 'Breakfast', 'total_mentioned': 79, 'positive': 22, 'negative': 47, 'neutral': 10}, {'name': 'Service', 'description': 'Service', 'total_mentioned': 324, 'positive': 161, 'negative': 151, 'neutral': 12}, {'name': 'Fitness', 'description': 'Fitness', 'total_mentioned': 40, 'positive': 6, 'negative': 32, 'neutral': 2}]"
TownePlace Suites Indianapolis Downtown,Understated units with kitchenettes in a relaxed all-suite hotel featuring a gym & breakfast.,"{'latitude': 39.758055999999996, 'longitude': -86.15957379999999}",N/A,https://www.marriott.com/en-us/hotels/indtd-towneplace-suites-indianapolis-downtown/overview/?scid=f2ae0541-1279-4f24-b197-a979c79310b0,"[{'stars': 5, 'count': 173}, {'stars': 4, 'count': 37}, {'stars': 3, 'count': 19}, {'stars': 2, 'count': 7}, {'stars': 1, 'count': 12}]",248,"[{'name': 'Parking', 'description': 'Parking', 'total_mentioned': 35, 'positive': 16, 'negative': 13, 'neutral': 6}, {'name': 'Pets', 'description': 'Pets', 'total_mentioned': 5, 'positive': 1, 'negative': 2, 'neutral': 2}, {'name': 'Location', 'description': 'Location', 'total_mentioned': 59, 'positive': 42, 'negative': 4, 'neutral': 13}, {'name': 'Breakfast', 'description': 'Breakfast', 'total_mentioned': 39, 'positive': 28, 'negative': 6, 'neutral': 5}, {'name': 'Restaurant', 'description': 'Restaurant', 'total_mentioned': 23, 'positive': 13, 'negative': 5, 'neutral': 5}, {'name': 'Service', 'description': 'Service', 'total_mentioned': 83, 'positive': 68, 'negative': 12, 'neutral': 3}]"
Le Méridien Indianapolis,N/A,"{'latitude': 39.7651022, 'longitude': -86.15982020000001}",4,https://www.marriott.com/en-us/hotels/indmd-le-meridien-indianapolis/overview/?scid=f2ae0541-1279-4f24-b197-a979c79310b0,"[{'stars': 5, 'count': 448}, {'stars': 4, 'count': 149}, {'stars': 3, 'count': 47}, {'stars': 2, 'count': 24}, {'stars': 1, 'count': 22}]",690,"[{'name': 'Bar', 'description': 'Bar or lounge', 'total_mentioned': 65, 'positive': 53, 'negative': 6, 'neutral': 6}, {'name': 'Dining', 'description': 'Food and Beverage', 'total_mentioned': 77, 'positive': 60, 'negative': 9, 'neutral': 8}, {'name': 'Location', 'description': 'Location', 'total_mentioned': 105, 'positive': 90, 'negative': 10, 'neutral': 5}, {'name': 'Parking', 'description': 'Parking', 'total_mentioned': 30, 'positive': 19, 'negative': 9, 'neutral': 2}, {'name': 'Service', 'description': 'Service', 'total_mentioned': 206, 'positive': 175, 'negative': 24, 'neutral': 7}, {'name': 'Property', 'description': 'Property', 'total_mentioned': 232, 'positive': 184, 'negative': 31, 'neutral': 17}]"
Hilton Indianapolis Hotel & Suites,"Contemporary hotel with an on-site spa & salon, plus an indoor pool, 2 restaurants & event spaces.","{'latitude': 39.7689576, 'longitude': -86.1601024}",4,https://www.hilton.com/en/hotels/inddnhf-hilton-indianapolis-hotel-and-suites/?SEO_id=GMB-AMER-HH-INDDNHF&y_source=1_MTIyMDc3OS03MTUtbG9jYXRpb24ud2Vic2l0ZQ%3D%3D,"[{'stars': 5, 'count': 1348}, {'stars': 4, 'count': 577}, {'stars': 3, 'count': 195}, {'stars': 2, 'count': 59}, {'stars': 1, 'count': 77}]",2256,"[{'name': 'Parking', 'description': 'Parking', 'total_mentioned': 132, 'positive': 67, 'negative': 53, 'neutral': 12}, {'name': 'Location', 'description': 'Location', 'total_mentioned': 306, 'positive': 278, 'negative': 9, 'neutral': 19}, {'name': 'Service', 'description': 'Service', 'total_mentioned': 518, 'positive': 408, 'negative': 84, 'neutral': 26}, {'name': 'Fitness', 'description': 'Fitness', 'total_mentioned': 83, 'positive': 44, 'negative': 29, 'neutral': 10}, {'name': 'Dining', 'description': 'Food and Beverage', 'total_mentioned': 99, 'positive': 67, 'negative': 20, 'neutral': 12}, {'name': 'Business', 'description': 'Business', 'total_mentioned': 68, 'positive': 40, 'negative': 12, 'neutral': 16}]"
Hyatt Regency Indianapolis,"Upmarket conference hotel with a revolving rooftop restaurant & bar, plus a pool & a gym.","{'latitude': 39.7663758, 'longitude': -86.160856}",4,https://www.hyatt.com/hyatt-regency/en-US/indri-hyatt-regency-indianapolis?src=corp_lclb_google_seo_indri&%3Futm_source=google&utm_medium=organic&utm_campaign=lmr,"[{'stars': 5, 'count': 1871}, {'stars': 4, 'count': 856}, {'stars': 3, 'count': 247}, {'stars': 2, 'count': 92}, {'stars': 1, 'count': 138}]",3204,"[{'name': 'Bar', 'description': 'Bar or lounge', 'total_mentioned': 173, 'positive': 117, 'negative': 31, 'neutral': 25}, {'name': 'Parking', 'description': 'Parking', 'total_mentioned': 174, 'positive': 59, 'negative': 87, 'neutral': 28}, {'name': 'Dining', 'description': 'Food and Beverage', 'total_mentioned': 222, 'positive': 148, 'negative': 44, 'neutral': 30}, {'name': 'Location', 'description': 'Location', 'total_mentioned': 429, 'positive': 373, 'negative': 21, 'neutral': 35}, {'name': 'Business', 'description': 'Business', 'total_mentioned': 146, 'positive': 86, 'negative': 26, 'neutral': 34}, {'name': 'Nature', 'description': 'Nature and outdoor activities', 'total_mentioned': 24, 'positive': 23, 'negative': 0, 'neutral': 1}]"
