Name,Description,Coordinates,Hotel Class,Link,Ratings,Reviews,Reviews Breakdown
Indianapolis KOA Holiday,N/A,"{'latitude': 39.812698999999995, 'longitude': -85.9130131}",N/A,https://koa.com/campgrounds/indianapolis/?utm_source=google&utm_medium=organic&utm_campaign=gbp,"[{'stars': 5, 'count': 660}, {'stars': 4, 'count': 192}, {'stars': 3, 'count': 63}, {'stars': 2, 'count': 28}, {'stars': 1, 'count': 83}]",1026,"[{'name': 'Service', 'description': 'Service', 'total_mentioned': 375, 'positive': 303, 'negative': 58, 'neutral': 14}, {'name': 'Cleanliness', 'description': 'Cleanliness', 'total_mentioned': 210, 'positive': 179, 'negative': 15, 'neutral': 16}, {'name': 'Family', 'description': 'Family friendly', 'total_mentioned': 169, 'positive': 135, 'negative': 23, 'neutral': 11}, {'name': 'Safety', 'description': 'Safety', 'total_mentioned': 17, 'positive': 6, 'negative': 10, 'neutral': 1}]"
Heartland Resort,N/A,"{'latitude': 39.825761799999995, 'longitude': -85.8323918}",N/A,http://www.heartlandresort.com/,"[{'stars': 5, 'count': 268}, {'stars': 4, 'count': 106}, {'stars': 3, 'count': 49}, {'stars': 2, 'count': 27}, {'stars': 1, 'count': 48}]",498,"[{'name': 'Property', 'description': 'Property', 'total_mentioned': 52, 'positive': 44, 'negative': 6, 'neutral': 2}, {'name': 'Service', 'description': 'Service', 'total_mentioned': 65, 'positive': 44, 'negative': 16, 'neutral': 5}, {'name': 'Family', 'description': 'Family friendly', 'total_mentioned': 42, 'positive': 33, 'negative': 7, 'neutral': 2}, {'name': 'Room', 'description': 'Room amenities', 'total_mentioned': 13, 'positive': 3, 'negative': 8, 'neutral': 2}, {'name': 'Wi-Fi', 'description': 'Wi-Fi', 'total_mentioned': 10, 'positive': 1, 'negative': 8, 'neutral': 1}, {'name': 'Bathroom', 'description': 'Bathroom and toiletries', 'total_mentioned': 19, 'positive': 2, 'negative': 14, 'neutral': 3}]"
S&H Campground,N/A,"{'latitude': 39.797764, 'longitude': -85.85069639999999}",N/A,https://www.sandhcampground.com/?utm_source=google&utm_medium=organic&utm_campaign=gmb,"[{'stars': 5, 'count': 329}, {'stars': 4, 'count': 128}, {'stars': 3, 'count': 60}, {'stars': 2, 'count': 43}, {'stars': 1, 'count': 187}]",747,"[{'name': 'Family', 'description': 'Family friendly', 'total_mentioned': 147, 'positive': 109, 'negative': 29, 'neutral': 9}, {'name': 'Property', 'description': 'Property', 'total_mentioned': 91, 'positive': 53, 'negative': 33, 'neutral': 5}, {'name': 'Nightlife', 'description': 'Nightlife', 'total_mentioned': 41, 'positive': 33, 'negative': 7, 'neutral': 1}, {'name': 'Kitchen', 'description': 'Kitchen', 'total_mentioned': 11, 'positive': 2, 'negative': 7, 'neutral': 2}, {'name': 'Business', 'description': 'Business', 'total_mentioned': 12, 'positive': 2, 'negative': 9, 'neutral': 1}, {'name': 'Parking', 'description': 'Parking', 'total_mentioned': 11, 'positive': 1, 'negative': 10, 'neutral': 0}]"
Yogi Bear's Jellystone Park,N/A,"{'latitude': 39.8472529, 'longitude': -85.5552146}",N/A,https://www.jellystoneindy.com/,"[{'stars': 5, 'count': 274}, {'stars': 4, 'count': 89}, {'stars': 3, 'count': 22}, {'stars': 2, 'count': 14}, {'stars': 1, 'count': 23}]",422,"[{'name': 'Family', 'description': 'Family friendly', 'total_mentioned': 108, 'positive': 97, 'negative': 7, 'neutral': 4}, {'name': 'Service', 'description': 'Service', 'total_mentioned': 103, 'positive': 88, 'negative': 13, 'neutral': 2}, {'name': 'Cleanliness', 'description': 'Cleanliness', 'total_mentioned': 53, 'positive': 48, 'negative': 3, 'neutral': 2}]"
