Name,Description,Coordinates,Latitude,Longitude,Hotel Class,Link,Ratings,Reviews,Reviews Breakdown,Address
Royal Inn - Indianapolis,,"{'latitude': 39.8225626, 'longitude': -86.2713931}",39.8225626,-86.2713931,1,,"[{'stars': 5, 'count': 348}, {'stars': 4, 'count': 69}, {'stars': 3, 'count': 89}, {'stars': 2, 'count': 68}, {'stars': 1, 'count': 272}]",846,"[{'name': 'Pets', 'description': 'Pets', 'total_mentioned': 10, 'positive': 0, 'negative': 9, 'neutral': 1}, {'name': 'Cleanliness', 'description': 'Cleanliness', 'total_mentioned': 190, 'positive': 67, 'negative': 116, 'neutral': 7}, {'name': 'Service', 'description': 'Service', 'total_mentioned': 178, 'positive': 99, 'negative': 73, 'neutral': 6}, {'name': 'Wellness', 'description': 'Wellness', 'total_mentioned': 6, 'positive': 0, 'negative': 6, 'neutral': 0}, {'name': 'Property', 'description': 'Property', 'total_mentioned': 238, 'positive': 119, 'negative': 100, 'neutral': 19}, {'name': 'Sleep', 'description': 'Sleep', 'total_mentioned': 89, 'positive': 6, 'negative': 75, 'neutral': 8}]","West 38th Street, Indianapolis, Marion County, Indiana, 46254, United States"
Red Roof Inn & Suites Indianapolis Airport,Straightforward rooms & suites with microwaves & minifridges in an unpretentious hotel.,"{'latitude': 39.7270626, 'longitude': -86.24919720000001}",39.7270626,-86.24919720000001,2,https://www.redroof.com/property/in/indianapolis/RRI840?utm_source=GMB&utm_medium=Google&utm_campaign=GMB_Performance_RRI840,"[{'stars': 5, 'count': 313}, {'stars': 4, 'count': 208}, {'stars': 3, 'count': 183}, {'stars': 2, 'count': 122}, {'stars': 1, 'count': 358}]",1184,"[{'name': 'Transit', 'description': 'Public transit', 'total_mentioned': 35, 'positive': 22, 'negative': 8, 'neutral': 5}, {'name': 'Pets', 'description': 'Pets', 'total_mentioned': 35, 'positive': 14, 'negative': 19, 'neutral': 2}, {'name': 'Cleanliness', 'description': 'Cleanliness', 'total_mentioned': 271, 'positive': 101, 'negative': 158, 'neutral': 12}, {'name': 'Breakfast', 'description': 'Breakfast', 'total_mentioned': 79, 'positive': 22, 'negative': 47, 'neutral': 10}, {'name': 'Service', 'description': 'Service', 'total_mentioned': 324, 'positive': 161, 'negative': 151, 'neutral': 12}, {'name': 'Fitness', 'description': 'Fitness', 'total_mentioned': 40, 'positive': 6, 'negative': 32, 'neutral': 2}]","Quality Inn & Suites Airport, 2631, South Lynhurst Drive, Indianapolis, Marion County, Indiana, 46241, United States"
Sybaris Indianapolis,"Luxe lodging offering refined suites with private pools, steam rooms & fireplaces, plus free Wi-Fi.","{'latitude': 39.911426999999996, 'longitude': -86.25727850000001}",39.911427,-86.25727850000001,2,http://www.sybaris.com/,"[{'stars': 5, 'count': 1468}, {'stars': 4, 'count': 186}, {'stars': 3, 'count': 61}, {'stars': 2, 'count': 25}, {'stars': 1, 'count': 33}]",1773,"[{'name': 'Couples', 'description': 'Couple friendly', 'total_mentioned': 252, 'positive': 237, 'negative': 7, 'neutral': 8}, {'name': 'Wellness', 'description': 'Wellness', 'total_mentioned': 132, 'positive': 101, 'negative': 19, 'neutral': 12}, {'name': 'Spa', 'description': 'Spa', 'total_mentioned': 68, 'positive': 50, 'negative': 11, 'neutral': 7}, {'name': 'Fitness', 'description': 'Fitness', 'total_mentioned': 259, 'positive': 215, 'negative': 30, 'neutral': 14}, {'name': 'Hot Tub', 'description': 'Hot tub', 'total_mentioned': 72, 'positive': 50, 'negative': 16, 'neutral': 6}, {'name': 'Pool', 'description': 'Pool', 'total_mentioned': 124, 'positive': 109, 'negative': 11, 'neutral': 4}]","5466, West 86th Street, Indianapolis, Marion County, Indiana, 46268, United States"
Red Roof Inn Indianapolis North - College Park,"Straightforward budget hotel offering colorful rooms, plus complimentary Wi-Fi & parking.","{'latitude': 39.9250087, 'longitude': -86.22724769999999}",39.9250087,-86.22724769999999,2,https://www.redroof.com/property/in/indianapolis/RRI041?utm_source=GMB&utm_medium=Google&utm_campaign=GMB_Performance_RRI041,"[{'stars': 5, 'count': 177}, {'stars': 4, 'count': 131}, {'stars': 3, 'count': 93}, {'stars': 2, 'count': 73}, {'stars': 1, 'count': 192}]",666,"[{'name': 'Cleanliness', 'description': 'Cleanliness', 'total_mentioned': 216, 'positive': 65, 'negative': 141, 'neutral': 10}, {'name': 'Bathroom', 'description': 'Bathroom and toiletries', 'total_mentioned': 113, 'positive': 9, 'negative': 89, 'neutral': 15}, {'name': 'Pets', 'description': 'Pets', 'total_mentioned': 19, 'positive': 5, 'negative': 11, 'neutral': 3}, {'name': 'Sleep', 'description': 'Sleep', 'total_mentioned': 142, 'positive': 16, 'negative': 112, 'neutral': 14}, {'name': 'Wellness', 'description': 'Wellness', 'total_mentioned': 6, 'positive': 1, 'negative': 5, 'neutral': 0}, {'name': 'Service', 'description': 'Service', 'total_mentioned': 158, 'positive': 83, 'negative': 63, 'neutral': 12}]","Red Roof Inn Indianapolis North - College Park, Valparaiso Court, Indianapolis, Marion County, Indiana, 46268, United States"
Red Roof Inn Indianapolis - Castleton,"Warm, down-to-earth rooms in a budget hotel offering complimentary parking & Wi-Fi.","{'latitude': 39.9024959, 'longitude': -86.0465645}",39.9024959,-86.0465645,2,https://www.redroof.com/property/in/indianapolis/RRI827?utm_source=GMB&utm_medium=Google&utm_campaign=GMB_Performance_RRI827,"[{'stars': 5, 'count': 187}, {'stars': 4, 'count': 126}, {'stars': 3, 'count': 133}, {'stars': 2, 'count': 88}, {'stars': 1, 'count': 209}]",743,"[{'name': 'Pets', 'description': 'Pets', 'total_mentioned': 17, 'positive': 3, 'negative': 9, 'neutral': 5}, {'name': 'Cleanliness', 'description': 'Cleanliness', 'total_mentioned': 213, 'positive': 88, 'negative': 102, 'neutral': 23}, {'name': 'Bathroom', 'description': 'Bathroom and toiletries', 'total_mentioned': 105, 'positive': 11, 'negative': 86, 'neutral': 8}, {'name': 'Sleep', 'description': 'Sleep', 'total_mentioned': 120, 'positive': 21, 'negative': 88, 'neutral': 11}, {'name': 'Service', 'description': 'Service', 'total_mentioned': 167, 'positive': 75, 'negative': 80, 'neutral': 12}, {'name': 'Property', 'description': 'Property', 'total_mentioned': 214, 'positive': 87, 'negative': 107, 'neutral': 20}]","I 69, Castleton, Vertland, Indianapolis, Marion County, Indiana, 46250, United States"
Red Roof Inn Indianapolis East,Straightforward rooms with microwaves in a laid-back budget hotel offering free parking & Wi-Fi.,"{'latitude': 39.797191399999996, 'longitude': -86.0385462}",39.7971914,-86.0385462,2,https://www.redroof.com/property/in/indianapolis/RRI602?utm_source=GMB&utm_medium=Google&utm_campaign=GMB_Performance_RRI602,"[{'stars': 5, 'count': 87}, {'stars': 4, 'count': 66}, {'stars': 3, 'count': 50}, {'stars': 2, 'count': 22}, {'stars': 1, 'count': 70}]",295,"[{'name': 'Pets', 'description': 'Pets', 'total_mentioned': 14, 'positive': 5, 'negative': 8, 'neutral': 1}, {'name': 'Cleanliness', 'description': 'Cleanliness', 'total_mentioned': 88, 'positive': 49, 'negative': 34, 'neutral': 5}, {'name': 'Bathroom', 'description': 'Bathroom and toiletries', 'total_mentioned': 31, 'positive': 3, 'negative': 24, 'neutral': 4}, {'name': 'Sleep', 'description': 'Sleep', 'total_mentioned': 48, 'positive': 15, 'negative': 29, 'neutral': 4}, {'name': 'Service', 'description': 'Service', 'total_mentioned': 68, 'positive': 30, 'negative': 37, 'neutral': 1}, {'name': 'Wi-Fi', 'description': 'Wi-Fi', 'total_mentioned': 8, 'positive': 4, 'negative': 4, 'neutral': 0}]","7314, East 21st Street, Indianapolis, Marion County, Indiana, 46219, United States"
TownePlace Suites Indianapolis Keystone,"Unassuming all-suite hotel offering an exercise room & an outdoor pool, plus free breakfast & Wi-Fi.","{'latitude': 39.9102694, 'longitude': -86.1083929}",39.9102694,-86.1083929,2,https://www.marriott.com/en-us/hotels/indtk-towneplace-suites-indianapolis-keystone/overview/?scid=f2ae0541-1279-4f24-b197-a979c79310b0,"[{'stars': 5, 'count': 152}, {'stars': 4, 'count': 108}, {'stars': 3, 'count': 58}, {'stars': 2, 'count': 26}, {'stars': 1, 'count': 47}]",391,"[{'name': 'Pets', 'description': 'Pets', 'total_mentioned': 15, 'positive': 10, 'negative': 4, 'neutral': 1}, {'name': 'Kitchen', 'description': 'Kitchen', 'total_mentioned': 40, 'positive': 20, 'negative': 16, 'neutral': 4}, {'name': 'Breakfast', 'description': 'Breakfast', 'total_mentioned': 43, 'positive': 22, 'negative': 16, 'neutral': 5}, {'name': 'Location', 'description': 'Location', 'total_mentioned': 51, 'positive': 46, 'negative': 2, 'neutral': 3}, {'name': 'Cleanliness', 'description': 'Cleanliness', 'total_mentioned': 103, 'positive': 58, 'negative': 41, 'neutral': 4}, {'name': 'Service', 'description': 'Service', 'total_mentioned': 123, 'positive': 90, 'negative': 29, 'neutral': 4}]","Seabridge Way, Lakes by the Crossing, Indianapolis, Marion County, Indiana, 46240, United States"
Red Roof Inn Indianapolis South,"Humble budget hotel offering no-nonsense rooms, plus complimentary Wi-Fi & parking.","{'latitude': 39.7014905, 'longitude': -86.0801092}",39.7014905,-86.0801092,2,https://www.redroof.com/property/in/indianapolis/RRI013?utm_source=GMB&utm_medium=Google&utm_campaign=GMB_Performance_RRI013,"[{'stars': 5, 'count': 329}, {'stars': 4, 'count': 241}, {'stars': 3, 'count': 202}, {'stars': 2, 'count': 98}, {'stars': 1, 'count': 190}]",1060,"[{'name': 'Pets', 'description': 'Pets', 'total_mentioned': 31, 'positive': 13, 'negative': 14, 'neutral': 4}, {'name': 'Cleanliness', 'description': 'Cleanliness', 'total_mentioned': 304, 'positive': 174, 'negative': 112, 'neutral': 18}, {'name': 'Service', 'description': 'Service', 'total_mentioned': 250, 'positive': 122, 'negative': 113, 'neutral': 15}, {'name': 'Sleep', 'description': 'Sleep', 'total_mentioned': 145, 'positive': 39, 'negative': 90, 'neutral': 16}, {'name': 'Air Conditioning', 'description': 'Air conditioning', 'total_mentioned': 26, 'positive': 8, 'negative': 17, 'neutral': 1}, {'name': 'Property', 'description': 'Property', 'total_mentioned': 275, 'positive': 168, 'negative': 84, 'neutral': 23}]","5221, Victory Drive, Indianapolis, Marion County, Indiana, 46203, United States"
Red Roof Inn Indianapolis - Greenwood,Streamlined rooms & suites in a casual budget hotel with a seasonal outdoor pool & free Wi-Fi.,"{'latitude': 39.613023399999996, 'longitude': -86.0766721}",39.6130234,-86.0766721,2,https://www.redroof.com/property/in/greenwood/RRI650?utm_source=GMB&utm_medium=Google&utm_campaign=GMB_Performance_RRI650,"[{'stars': 5, 'count': 229}, {'stars': 4, 'count': 159}, {'stars': 3, 'count': 107}, {'stars': 2, 'count': 83}, {'stars': 1, 'count': 155}]",733,"[{'name': 'Parking', 'description': 'Parking', 'total_mentioned': 9, 'positive': 1, 'negative': 6, 'neutral': 2}, {'name': 'Hot Tub', 'description': 'Hot tub', 'total_mentioned': 10, 'positive': 6, 'negative': 1, 'neutral': 3}, {'name': 'Pets', 'description': 'Pets', 'total_mentioned': 20, 'positive': 6, 'negative': 8, 'neutral': 6}, {'name': 'Air Conditioning', 'description': 'Air conditioning', 'total_mentioned': 9, 'positive': 4, 'negative': 4, 'neutral': 1}, {'name': 'Wellness', 'description': 'Wellness', 'total_mentioned': 5, 'positive': 2, 'negative': 1, 'neutral': 2}, {'name': 'Breakfast', 'description': 'Breakfast', 'total_mentioned': 23, 'positive': 4, 'negative': 16, 'neutral': 3}]","Red Roof Inn Indianapolis - Greenwood, 110, Sheek Road, Greenwood, Johnson County, Indiana, 46143, United States"
Lake Norman Motel,"Modest rooms in a down-to-earth lakefront motel with a boat ramp, a lively restaurant & a bar.","{'latitude': 35.569984, 'longitude': -80.990619}",35.569984,-80.990619,2,https://www.landingatthelake.com/,"[{'stars': 5, 'count': 192}, {'stars': 4, 'count': 77}, {'stars': 3, 'count': 40}, {'stars': 2, 'count': 11}, {'stars': 1, 'count': 11}]",331,"[{'name': 'Property', 'description': 'Property', 'total_mentioned': 59, 'positive': 53, 'negative': 4, 'neutral': 2}, {'name': 'Service', 'description': 'Service', 'total_mentioned': 46, 'positive': 41, 'negative': 4, 'neutral': 1}, {'name': 'Dining', 'description': 'Food and Beverage', 'total_mentioned': 57, 'positive': 44, 'negative': 7, 'neutral': 6}]","The Landing Restaurant, 4491, Slanting Bridge Road, Sherrills Ford, Catawba County, North Carolina, 28673, United States"
Carolina Inn & Suites of Lake Norman,"Straightforward hotel offering simple rooms, plus free continental breakfast & an outdoor pool.","{'latitude': 35.595869199999996, 'longitude': -80.8634345}",35.5958692,-80.8634345,2,,"[{'stars': 5, 'count': 45}, {'stars': 4, 'count': 35}, {'stars': 3, 'count': 20}, {'stars': 2, 'count': 14}, {'stars': 1, 'count': 22}]",136,"[{'name': 'Safety', 'description': 'Safety', 'total_mentioned': 9, 'positive': 4, 'negative': 5, 'neutral': 0}, {'name': 'Restaurant', 'description': 'Restaurant', 'total_mentioned': 12, 'positive': 7, 'negative': 4, 'neutral': 1}, {'name': 'Kitchen', 'description': 'Kitchen', 'total_mentioned': 5, 'positive': 2, 'negative': 3, 'neutral': 0}, {'name': 'Breakfast', 'description': 'Breakfast', 'total_mentioned': 15, 'positive': 7, 'negative': 5, 'neutral': 3}, {'name': 'Atmosphere', 'description': 'Atmosphere', 'total_mentioned': 5, 'positive': 5, 'negative': 0, 'neutral': 0}, {'name': 'Fitness', 'description': 'Fitness', 'total_mentioned': 5, 'positive': 2, 'negative': 2, 'neutral': 1}]","Carolina Inn & Suites, 124, Regency Center Drive, Mooresville, Iredell County, North Carolina, 28117, United States"
TownePlace Suites Indianapolis Park 100,"Casual studios & suites in a straightforward hotel offering a fitness room, plus free breakfast.","{'latitude': 39.8823714, 'longitude': -86.26286750000001}",39.8823714,-86.26286750000001,3,https://www.marriott.com/en-us/hotels/indts-towneplace-suites-indianapolis-park-100/overview/?scid=f2ae0541-1279-4f24-b197-a979c79310b0,"[{'stars': 5, 'count': 216}, {'stars': 4, 'count': 102}, {'stars': 3, 'count': 60}, {'stars': 2, 'count': 21}, {'stars': 1, 'count': 35}]",434,"[{'name': 'Breakfast', 'description': 'Breakfast', 'total_mentioned': 50, 'positive': 33, 'negative': 5, 'neutral': 12}, {'name': 'Kitchen', 'description': 'Kitchen', 'total_mentioned': 44, 'positive': 23, 'negative': 14, 'neutral': 7}, {'name': 'Cleanliness', 'description': 'Cleanliness', 'total_mentioned': 118, 'positive': 76, 'negative': 36, 'neutral': 6}, {'name': 'Pets', 'description': 'Pets', 'total_mentioned': 10, 'positive': 7, 'negative': 2, 'neutral': 1}, {'name': 'Service', 'description': 'Service', 'total_mentioned': 135, 'positive': 108, 'negative': 24, 'neutral': 3}, {'name': 'Restaurant', 'description': 'Restaurant', 'total_mentioned': 21, 'positive': 16, 'negative': 0, 'neutral': 5}]","TownePlace Suites Indianapolis Park 100, 5802, West 71st Street, Legendary Hills, Indianapolis, Marion County, Indiana, 46278, United States"
Wyndham Indianapolis Airport,"Polished lodging with an outdoor pool & Italian dining, plus a free airport shuttle & Wi-Fi.","{'latitude': 39.7293745, 'longitude': -86.2584777}",39.7293745,-86.2584777,3,https://www.wyndhamhotels.com/wyndham/indianapolis-indiana/wyndham-indianapolis-airportt/overview?CID=LC:46q62bu8edfbx3y:33237&iata=00093796,"[{'stars': 5, 'count': 843}, {'stars': 4, 'count': 657}, {'stars': 3, 'count': 428}, {'stars': 2, 'count': 215}, {'stars': 1, 'count': 282}]",2425,"[{'name': 'Transit', 'description': 'Public transit', 'total_mentioned': 101, 'positive': 51, 'negative': 27, 'neutral': 23}, {'name': 'Couples', 'description': 'Couple friendly', 'total_mentioned': 50, 'positive': 17, 'negative': 10, 'neutral': 23}, {'name': 'Business', 'description': 'Business', 'total_mentioned': 140, 'positive': 69, 'negative': 42, 'neutral': 29}, {'name': 'Accessibility', 'description': 'Accessibility', 'total_mentioned': 111, 'positive': 6, 'negative': 96, 'neutral': 9}, {'name': 'Bar', 'description': 'Bar or lounge', 'total_mentioned': 94, 'positive': 54, 'negative': 26, 'neutral': 14}, {'name': 'Dining', 'description': 'Food and Beverage', 'total_mentioned': 138, 'positive': 64, 'negative': 60, 'neutral': 14}]","Wyndham Indianapolis West, 2544, Executive Drive, Indianapolis, Marion County, Indiana, 46241, United States"
Courtyard Indianapolis Northwest,"Straightforward hotel with contemporary rooms & a patio fire pit, plus an indoor pool & free WiFi.","{'latitude': 39.8837958, 'longitude': -86.2677513}",39.8837958,-86.2677513,3,https://www.marriott.com/en-us/hotels/indnw-courtyard-indianapolis-northwest/overview/?scid=f2ae0541-1279-4f24-b197-a979c79310b0,"[{'stars': 5, 'count': 232}, {'stars': 4, 'count': 124}, {'stars': 3, 'count': 53}, {'stars': 2, 'count': 25}, {'stars': 1, 'count': 26}]",460,"[{'name': 'Service', 'description': 'Service', 'total_mentioned': 126, 'positive': 89, 'negative': 31, 'neutral': 6}, {'name': 'Fitness', 'description': 'Fitness', 'total_mentioned': 21, 'positive': 12, 'negative': 5, 'neutral': 4}, {'name': 'Breakfast', 'description': 'Breakfast', 'total_mentioned': 31, 'positive': 7, 'negative': 16, 'neutral': 8}, {'name': 'Cleanliness', 'description': 'Cleanliness', 'total_mentioned': 100, 'positive': 79, 'negative': 16, 'neutral': 5}, {'name': 'Location', 'description': 'Location', 'total_mentioned': 40, 'positive': 26, 'negative': 8, 'neutral': 6}, {'name': 'Restaurant', 'description': 'Restaurant', 'total_mentioned': 20, 'positive': 2, 'negative': 12, 'neutral': 6}]","Courtyard Indianapolis Northwest, 7226, Woodland Drive, Legendary Hills, Indianapolis, Marion County, Indiana, 46278, United States"
Old Northside Bed & Breakfast,"Upscale quarters in an 1885 B&B with free perks including a snack bar, drinks & a movie library.","{'latitude': 39.785435899999996, 'longitude': -86.1525475}",39.7854359,-86.1525475,3,http://oldnorthsideinn.com/,"[{'stars': 5, 'count': 99}, {'stars': 4, 'count': 10}, {'stars': 3, 'count': 3}, {'stars': 2, 'count': 2}, {'stars': 1, 'count': 4}]",118,"[{'name': 'Breakfast', 'description': 'Breakfast', 'total_mentioned': 38, 'positive': 37, 'negative': 1, 'neutral': 0}, {'name': 'Couples', 'description': 'Couple friendly', 'total_mentioned': 5, 'positive': 3, 'negative': 0, 'neutral': 2}, {'name': 'Restaurant', 'description': 'Restaurant', 'total_mentioned': 19, 'positive': 18, 'negative': 1, 'neutral': 0}, {'name': 'Location', 'description': 'Location', 'total_mentioned': 24, 'positive': 23, 'negative': 0, 'neutral': 1}, {'name': 'Bar', 'description': 'Bar or lounge', 'total_mentioned': 7, 'positive': 5, 'negative': 0, 'neutral': 2}, {'name': 'Sleep', 'description': 'Sleep', 'total_mentioned': 31, 'positive': 28, 'negative': 2, 'neutral': 1}]","East 14th Street, Old Northside, Indianapolis, Marion County, Indiana, 46202, United States"
Courtyard Indianapolis West-Speedway,"Straightforward rooms in a relaxed hotel offering an indoor pool, a gym & a casual restaurant/bar.","{'latitude': 39.7992062, 'longitude': -86.2703746}",39.7992062,-86.2703746,3,https://www.marriott.com/en-us/hotels/indcv-courtyard-indianapolis-west-speedway/overview/?scid=f2ae0541-1279-4f24-b197-a979c79310b0,"[{'stars': 5, 'count': 231}, {'stars': 4, 'count': 70}, {'stars': 3, 'count': 11}, {'stars': 2, 'count': 12}, {'stars': 1, 'count': 23}]",347,"[{'name': 'Service', 'description': 'Service', 'total_mentioned': 111, 'positive': 93, 'negative': 14, 'neutral': 4}, {'name': 'Property', 'description': 'Property', 'total_mentioned': 115, 'positive': 99, 'negative': 14, 'neutral': 2}, {'name': 'Cleanliness', 'description': 'Cleanliness', 'total_mentioned': 84, 'positive': 70, 'negative': 11, 'neutral': 3}, {'name': 'Bar', 'description': 'Bar or lounge', 'total_mentioned': 15, 'positive': 7, 'negative': 4, 'neutral': 4}, {'name': 'Location', 'description': 'Location', 'total_mentioned': 36, 'positive': 27, 'negative': 6, 'neutral': 3}, {'name': 'Restaurant', 'description': 'Restaurant', 'total_mentioned': 10, 'positive': 1, 'negative': 8, 'neutral': 1}]","Courtyard Indianapolis West-Speedway, 6315, Crawfordsville Road, Speedway, Marion County, Indiana, 46224, United States"
Looking Glass Inn,"Individually styled rooms, some with Jacuzzis, at an inn offering free breakfast.","{'latitude': 39.785019399999996, 'longitude': -86.1506074}",39.7850194,-86.1506074,3,http://www.thelookingglassinn.com/,"[{'stars': 5, 'count': 82}, {'stars': 4, 'count': 16}, {'stars': 3, 'count': 9}, {'stars': 2, 'count': 4}, {'stars': 1, 'count': 7}]",118,"[{'name': 'Couples', 'description': 'Couple friendly', 'total_mentioned': 8, 'positive': 7, 'negative': 0, 'neutral': 1}, {'name': 'Breakfast', 'description': 'Breakfast', 'total_mentioned': 29, 'positive': 16, 'negative': 7, 'neutral': 6}, {'name': 'Hot Tub', 'description': 'Hot tub', 'total_mentioned': 7, 'positive': 4, 'negative': 3, 'neutral': 0}, {'name': 'Restaurant', 'description': 'Restaurant', 'total_mentioned': 20, 'positive': 10, 'negative': 6, 'neutral': 4}, {'name': 'Location', 'description': 'Location', 'total_mentioned': 16, 'positive': 15, 'negative': 1, 'neutral': 0}, {'name': 'Sleep', 'description': 'Sleep', 'total_mentioned': 30, 'positive': 16, 'negative': 9, 'neutral': 5}]","1319, North New Jersey Street, Old Northside, Indianapolis, Marion County, Indiana, 46202, United States"
Hyatt House Indianapolis / Downtown,"Straightforward quarters in an informal hotel offering an indoor pool, a restaurant & a gym.","{'latitude': 39.764643799999995, 'longitude': -86.15648589999999}",39.7646438,-86.15648589999999,3,https://www.hyatt.com/hyatt-house/en-US/indxi-hyatt-house-indianapolis-downtown?src=corp_lclb_google_seo_indxi&%3Futm_source=google&utm_medium=organic&utm_campaign=lmr,"[{'stars': 5, 'count': 194}, {'stars': 4, 'count': 50}, {'stars': 3, 'count': 17}, {'stars': 2, 'count': 18}, {'stars': 1, 'count': 25}]",304,"[{'name': 'Parking', 'description': 'Parking', 'total_mentioned': 40, 'positive': 14, 'negative': 18, 'neutral': 8}, {'name': 'Breakfast', 'description': 'Breakfast', 'total_mentioned': 47, 'positive': 38, 'negative': 6, 'neutral': 3}, {'name': 'Restaurant', 'description': 'Restaurant', 'total_mentioned': 35, 'positive': 30, 'negative': 3, 'neutral': 2}, {'name': 'Location', 'description': 'Location', 'total_mentioned': 64, 'positive': 50, 'negative': 5, 'neutral': 9}, {'name': 'Nightlife', 'description': 'Nightlife', 'total_mentioned': 12, 'positive': 5, 'negative': 4, 'neutral': 3}, {'name': 'Fitness', 'description': 'Fitness', 'total_mentioned': 18, 'positive': 8, 'negative': 7, 'neutral': 3}]","Hyatt House Indianapolis / Downtown, 130, South Pennsylvania Street, Indianapolis, Marion County, Indiana, 46204, United States"
Stone Soup Inn,Stylish rooms & suites with antiques in a charming 19th-century home offering free refreshments.,"{'latitude': 39.784571199999995, 'longitude': -86.14970269999999}",39.7845712,-86.14970269999999,3,http://www.stonesoupinn.com/,"[{'stars': 5, 'count': 152}, {'stars': 4, 'count': 36}, {'stars': 3, 'count': 7}, {'stars': 2, 'count': 7}, {'stars': 1, 'count': 16}]",218,"[{'name': 'Couples', 'description': 'Couple friendly', 'total_mentioned': 13, 'positive': 10, 'negative': 2, 'neutral': 1}, {'name': 'Breakfast', 'description': 'Breakfast', 'total_mentioned': 48, 'positive': 37, 'negative': 6, 'neutral': 5}, {'name': 'Hot Tub', 'description': 'Hot tub', 'total_mentioned': 7, 'positive': 3, 'negative': 2, 'neutral': 2}, {'name': 'Restaurant', 'description': 'Restaurant', 'total_mentioned': 24, 'positive': 16, 'negative': 6, 'neutral': 2}, {'name': 'Location', 'description': 'Location', 'total_mentioned': 40, 'positive': 38, 'negative': 2, 'neutral': 0}, {'name': 'Service', 'description': 'Service', 'total_mentioned': 85, 'positive': 76, 'negative': 7, 'neutral': 2}]","410, East 13th Street, Old Northside, Indianapolis, Marion County, Indiana, 46202, United States"
Fairfield Inn & Suites Indianapolis Northwest,"Simple hotel with an indoor pool & fitness facilities, plus free Wi-Fi & hot breakfast.","{'latitude': 39.9100493, 'longitude': -86.2647477}",39.9100493,-86.2647477,3,https://www.marriott.com/en-us/hotels/indfn-fairfield-inn-and-suites-indianapolis-northwest/overview/?scid=f2ae0541-1279-4f24-b197-a979c79310b0,"[{'stars': 5, 'count': 263}, {'stars': 4, 'count': 127}, {'stars': 3, 'count': 53}, {'stars': 2, 'count': 20}, {'stars': 1, 'count': 31}]",494,"[{'name': 'Breakfast', 'description': 'Breakfast', 'total_mentioned': 77, 'positive': 53, 'negative': 13, 'neutral': 11}, {'name': 'Restaurant', 'description': 'Restaurant', 'total_mentioned': 39, 'positive': 28, 'negative': 5, 'neutral': 6}, {'name': 'Service', 'description': 'Service', 'total_mentioned': 168, 'positive': 132, 'negative': 27, 'neutral': 9}, {'name': 'Fitness', 'description': 'Fitness', 'total_mentioned': 29, 'positive': 17, 'negative': 9, 'neutral': 3}, {'name': 'Cleanliness', 'description': 'Cleanliness', 'total_mentioned': 127, 'positive': 102, 'negative': 16, 'neutral': 9}, {'name': 'Pool', 'description': 'Pool', 'total_mentioned': 18, 'positive': 14, 'negative': 3, 'neutral': 1}]","Fairfield Inn & Suites Indianapolis Northwest, 5905, West 86th Street, Indianapolis, Marion County, Indiana, 46278, United States"
Hotel Broad Ripple,"Relaxed hotel with airy, individually decorated rooms, some with balconies, plus a bar/lounge.","{'latitude': 39.8742571, 'longitude': -86.14173070000001}",39.8742571,-86.14173070000001,3,https://www.hotelbroadripple.com/,"[{'stars': 5, 'count': 102}, {'stars': 4, 'count': 9}, {'stars': 3, 'count': 0}, {'stars': 2, 'count': 2}, {'stars': 1, 'count': 0}]",113,"[{'name': 'Bar', 'description': 'Bar or lounge', 'total_mentioned': 15, 'positive': 14, 'negative': 0, 'neutral': 1}, {'name': 'Location', 'description': 'Location', 'total_mentioned': 40, 'positive': 40, 'negative': 0, 'neutral': 0}, {'name': 'Property', 'description': 'Property', 'total_mentioned': 55, 'positive': 54, 'negative': 1, 'neutral': 0}, {'name': 'Atmosphere', 'description': 'Atmosphere', 'total_mentioned': 13, 'positive': 13, 'negative': 0, 'neutral': 0}, {'name': 'Service', 'description': 'Service', 'total_mentioned': 41, 'positive': 41, 'negative': 0, 'neutral': 0}, {'name': 'Room', 'description': 'Room amenities', 'total_mentioned': 14, 'positive': 13, 'negative': 1, 'neutral': 0}]","Hotel Broad Ripple, 6520, East Westfield Boulevard, Broad Ripple, Wellington, Indianapolis, Marion County, Indiana, 46220, United States"
Courtyard Indianapolis Fishers,"Streamlined rooms & suites in a relaxed hotel featuring a bistro, a fitness center & an indoor pool.","{'latitude': 39.955552499999996, 'longitude': -85.9986244}",39.9555525,-85.9986244,3,https://www.marriott.com/en-us/hotels/indcf-courtyard-indianapolis-fishers/overview/?scid=f2ae0541-1279-4f24-b197-a979c79310b0,"[{'stars': 5, 'count': 125}, {'stars': 4, 'count': 18}, {'stars': 3, 'count': 10}, {'stars': 2, 'count': 2}, {'stars': 1, 'count': 12}]",167,"[{'name': 'Bar', 'description': 'Bar or lounge', 'total_mentioned': 13, 'positive': 9, 'negative': 1, 'neutral': 3}, {'name': 'Parking', 'description': 'Parking', 'total_mentioned': 5, 'positive': 5, 'negative': 0, 'neutral': 0}, {'name': 'Business', 'description': 'Business', 'total_mentioned': 5, 'positive': 3, 'negative': 1, 'neutral': 1}, {'name': 'Dining', 'description': 'Food and Beverage', 'total_mentioned': 7, 'positive': 4, 'negative': 2, 'neutral': 1}, {'name': 'Sleep', 'description': 'Sleep', 'total_mentioned': 16, 'positive': 4, 'negative': 7, 'neutral': 5}, {'name': 'Restaurant', 'description': 'Restaurant', 'total_mentioned': 5, 'positive': 4, 'negative': 0, 'neutral': 1}]","Courtyard, 11550, Whistle Drive, Fishers, Hamilton County, Indiana, 46037, United States"
Delta Hotels Indianapolis East,Relaxed rooms with free Wi-Fi in an informal hotel offering an Italian cafe & a gym.,"{'latitude': 39.7974198, 'longitude': -86.0393351}",39.7974198,-86.0393351,3,https://www.marriott.com/en-us/hotels/inded-delta-hotels-indianapolis-east/overview/?scid=f2ae0541-1279-4f24-b197-a979c79310b0,"[{'stars': 5, 'count': 183}, {'stars': 4, 'count': 115}, {'stars': 3, 'count': 56}, {'stars': 2, 'count': 42}, {'stars': 1, 'count': 72}]",468,"[{'name': 'Bar', 'description': 'Bar or lounge', 'total_mentioned': 27, 'positive': 16, 'negative': 10, 'neutral': 1}, {'name': 'Breakfast', 'description': 'Breakfast', 'total_mentioned': 39, 'positive': 9, 'negative': 21, 'neutral': 9}, {'name': 'Cleanliness', 'description': 'Cleanliness', 'total_mentioned': 118, 'positive': 73, 'negative': 39, 'neutral': 6}, {'name': 'Parking', 'description': 'Parking', 'total_mentioned': 24, 'positive': 3, 'negative': 17, 'neutral': 4}, {'name': 'Bathroom', 'description': 'Bathroom and toiletries', 'total_mentioned': 60, 'positive': 19, 'negative': 36, 'neutral': 5}, {'name': 'Service', 'description': 'Service', 'total_mentioned': 126, 'positive': 70, 'negative': 48, 'neutral': 8}]","7304, East 21st Street, Indianapolis, Marion County, Indiana, 46219, United States"
Chipeta Lodge,"Plush, adobe-style quarters, plus a restaurant, a rooftop bar, an outdoor pool & a spa.","{'latitude': 38.148707, 'longitude': -107.7560178}",38.148707,-107.7560178,3,https://www.chipetalodge.com/,"[{'stars': 5, 'count': 252}, {'stars': 4, 'count': 58}, {'stars': 3, 'count': 25}, {'stars': 2, 'count': 27}, {'stars': 1, 'count': 49}]",411,"[{'name': 'Hot Tub', 'description': 'Hot tub', 'total_mentioned': 72, 'positive': 49, 'negative': 19, 'neutral': 4}, {'name': 'Couples', 'description': 'Couple friendly', 'total_mentioned': 32, 'positive': 20, 'negative': 5, 'neutral': 7}, {'name': 'Wellness', 'description': 'Wellness', 'total_mentioned': 61, 'positive': 42, 'negative': 14, 'neutral': 5}, {'name': 'Fitness', 'description': 'Fitness', 'total_mentioned': 60, 'positive': 44, 'negative': 13, 'neutral': 3}, {'name': 'Spa', 'description': 'Spa', 'total_mentioned': 50, 'positive': 35, 'negative': 11, 'neutral': 4}, {'name': 'Room', 'description': 'Room amenities', 'total_mentioned': 96, 'positive': 51, 'negative': 36, 'neutral': 9}]","Four Corners Cafe, 304, South Lena Street, Ridgway, Ouray County, Colorado, 81432, United States"
Hotel Metropole,"Upscale waterfront hotel offering airy quarters, plus breakfast, a spa & a dining complex.","{'latitude': 33.344585599999995, 'longitude': -118.32708159999999}",33.344585599999995,-118.3270816,3,http://www.hotel-metropole.com/,"[{'stars': 5, 'count': 262}, {'stars': 4, 'count': 98}, {'stars': 3, 'count': 24}, {'stars': 2, 'count': 10}, {'stars': 1, 'count': 11}]",405,"[{'name': 'Wellness', 'description': 'Wellness', 'total_mentioned': 11, 'positive': 7, 'negative': 4, 'neutral': 0}, {'name': 'Hot Tub', 'description': 'Hot tub', 'total_mentioned': 15, 'positive': 9, 'negative': 4, 'neutral': 2}, {'name': 'Spa', 'description': 'Spa', 'total_mentioned': 10, 'positive': 8, 'negative': 2, 'neutral': 0}, {'name': 'Breakfast', 'description': 'Breakfast', 'total_mentioned': 46, 'positive': 30, 'negative': 12, 'neutral': 4}, {'name': 'Restaurant', 'description': 'Restaurant', 'total_mentioned': 31, 'positive': 20, 'negative': 7, 'neutral': 4}, {'name': 'Bathroom', 'description': 'Bathroom and toiletries', 'total_mentioned': 42, 'positive': 18, 'negative': 19, 'neutral': 5}]","205, Crescent Avenue, Pebbly Beach, Avalon, Los Angeles County, California, 90704, United States"
Boulder Brook on Fall River,"Airy, adults-only suites in a riverside resort offering an outdoor hot tub, BBQ grills & fishing.","{'latitude': 40.3867912, 'longitude': -105.55727379999999}",40.3867912,-105.5572738,3,http://www.boulderbrook.com/,"[{'stars': 5, 'count': 158}, {'stars': 4, 'count': 22}, {'stars': 3, 'count': 1}, {'stars': 2, 'count': 3}, {'stars': 1, 'count': 4}]",188,"[{'name': 'Wellness', 'description': 'Wellness', 'total_mentioned': 12, 'positive': 10, 'negative': 0, 'neutral': 2}, {'name': 'Spa', 'description': 'Spa', 'total_mentioned': 7, 'positive': 6, 'negative': 0, 'neutral': 1}, {'name': 'Couples', 'description': 'Couple friendly', 'total_mentioned': 14, 'positive': 14, 'negative': 0, 'neutral': 0}, {'name': 'TV', 'description': 'Room entertainment', 'total_mentioned': 7, 'positive': 4, 'negative': 1, 'neutral': 2}, {'name': 'Property', 'description': 'Property', 'total_mentioned': 70, 'positive': 66, 'negative': 2, 'neutral': 2}, {'name': 'Hot Tub', 'description': 'Hot tub', 'total_mentioned': 13, 'positive': 12, 'negative': 1, 'neutral': 0}]","1937, Fall River Road, Estes Park, Larimer County, Colorado, 80517, United States"
Canyon Lakeview Resort,"Subdued rooms & quirky cabins with cathedral ceilings on a rustic, lakeside resort with a boat ramp.","{'latitude': 29.893662099999997, 'longitude': -98.2684232}",29.8936621,-98.2684232,3,https://canyonlakeviewresort.com/,"[{'stars': 5, 'count': 152}, {'stars': 4, 'count': 44}, {'stars': 3, 'count': 20}, {'stars': 2, 'count': 9}, {'stars': 1, 'count': 29}]",254,"[{'name': 'Fitness', 'description': 'Fitness', 'total_mentioned': 44, 'positive': 20, 'negative': 20, 'neutral': 4}, {'name': 'Property', 'description': 'Property', 'total_mentioned': 106, 'positive': 77, 'negative': 24, 'neutral': 5}, {'name': 'Room', 'description': 'Room amenities', 'total_mentioned': 56, 'positive': 35, 'negative': 15, 'neutral': 6}, {'name': 'Bathroom', 'description': 'Bathroom and toiletries', 'total_mentioned': 35, 'positive': 9, 'negative': 20, 'neutral': 6}, {'name': 'Sleep', 'description': 'Sleep', 'total_mentioned': 42, 'positive': 13, 'negative': 22, 'neutral': 7}, {'name': 'Cleanliness', 'description': 'Cleanliness', 'total_mentioned': 68, 'positive': 38, 'negative': 27, 'neutral': 3}]","Canyon Lakeview Resort, Ledgerock Drive, Comal County, Texas, 79133, United States"
The Armstrong Hotel,"Boutique hotel with mix of vintage & modern decor, offering freebies like Wi-Fi & cruiser bikes.","{'latitude': 40.584468099999995, 'longitude': -105.0773466}",40.5844681,-105.0773466,3,https://thearmstronghotel.com/,"[{'stars': 5, 'count': 704}, {'stars': 4, 'count': 155}, {'stars': 3, 'count': 32}, {'stars': 2, 'count': 20}, {'stars': 1, 'count': 20}]",931,"[{'name': 'Service', 'description': 'Service', 'total_mentioned': 336, 'positive': 309, 'negative': 24, 'neutral': 3}, {'name': 'Property', 'description': 'Property', 'total_mentioned': 400, 'positive': 356, 'negative': 26, 'neutral': 18}, {'name': 'Bar', 'description': 'Bar or lounge', 'total_mentioned': 83, 'positive': 79, 'negative': 1, 'neutral': 3}, {'name': 'Location', 'description': 'Location', 'total_mentioned': 251, 'positive': 238, 'negative': 5, 'neutral': 8}, {'name': 'Couples', 'description': 'Couple friendly', 'total_mentioned': 20, 'positive': 9, 'negative': 2, 'neutral': 9}, {'name': 'Nightlife', 'description': 'Nightlife', 'total_mentioned': 25, 'positive': 18, 'negative': 2, 'neutral': 5}]","HuHot Mongolian Grill, 259, South College Avenue, Fort Collins, Larimer County, Colorado, 80524, United States"
Zion Mountain Ranch,"Rural ranch with its own buffalo herd, offering high-end cabins & lodges, plus an upscale grill.","{'latitude': 37.246947, 'longitude': -112.803297}",37.246947,-112.803297,3,https://www.zmr.com/,"[{'stars': 5, 'count': 677}, {'stars': 4, 'count': 132}, {'stars': 3, 'count': 49}, {'stars': 2, 'count': 29}, {'stars': 1, 'count': 42}]",929,"[{'name': 'Property', 'description': 'Property', 'total_mentioned': 254, 'positive': 213, 'negative': 30, 'neutral': 11}, {'name': 'Nature', 'description': 'Nature and outdoor activities', 'total_mentioned': 118, 'positive': 107, 'negative': 2, 'neutral': 9}, {'name': 'Dining', 'description': 'Food and Beverage', 'total_mentioned': 164, 'positive': 124, 'negative': 27, 'neutral': 13}, {'name': 'Air Conditioning', 'description': 'Air conditioning', 'total_mentioned': 10, 'positive': 2, 'negative': 7, 'neutral': 1}, {'name': 'Bathroom', 'description': 'Bathroom and toiletries', 'total_mentioned': 68, 'positive': 21, 'negative': 37, 'neutral': 10}]","Zion Mountain Ranch, UT 9, Kane County, Utah, United States"
"Inn by the Sea, La Jolla, California","Relaxed rooms, some with ocean views, in a casual hotel featuring an outdoor pool & breakfast.","{'latitude': 32.845318899999995, 'longitude': -117.2754714}",32.845318899999995,-117.2754714,3,http://www.innbytheseaatlajolla.com/,"[{'stars': 5, 'count': 498}, {'stars': 4, 'count': 224}, {'stars': 3, 'count': 76}, {'stars': 2, 'count': 29}, {'stars': 1, 'count': 29}]",856,"[{'name': 'Nature', 'description': 'Nature and outdoor activities', 'total_mentioned': 106, 'positive': 86, 'negative': 8, 'neutral': 12}, {'name': 'Location', 'description': 'Location', 'total_mentioned': 288, 'positive': 253, 'negative': 16, 'neutral': 19}, {'name': 'Fitness', 'description': 'Fitness', 'total_mentioned': 84, 'positive': 74, 'negative': 6, 'neutral': 4}, {'name': 'Service', 'description': 'Service', 'total_mentioned': 271, 'positive': 222, 'negative': 39, 'neutral': 10}, {'name': 'Couples', 'description': 'Couple friendly', 'total_mentioned': 23, 'positive': 16, 'negative': 0, 'neutral': 7}, {'name': 'Property', 'description': 'Property', 'total_mentioned': 279, 'positive': 226, 'negative': 36, 'neutral': 17}]","Village of La Jolla, La Jolla, San Diego, San Diego County, California, 92037, United States"
Laguna Surf Lodge by SCP Hotels,"Casual, beachfront hotel offering relaxed rooms, plus an indoor saltwater pool & free breakfast.","{'latitude': 33.536464699999996, 'longitude': -117.77890629999999}",33.5364647,-117.7789063,3,https://scphotel.com/laguna/,"[{'stars': 5, 'count': 287}, {'stars': 4, 'count': 115}, {'stars': 3, 'count': 30}, {'stars': 2, 'count': 24}, {'stars': 1, 'count': 49}]",505,"[{'name': 'Air Conditioning', 'description': 'Air conditioning', 'total_mentioned': 22, 'positive': 3, 'negative': 18, 'neutral': 1}, {'name': 'Fitness', 'description': 'Fitness', 'total_mentioned': 34, 'positive': 19, 'negative': 10, 'neutral': 5}, {'name': 'Hot Tub', 'description': 'Hot tub', 'total_mentioned': 13, 'positive': 7, 'negative': 4, 'neutral': 2}, {'name': 'Bathroom', 'description': 'Bathroom and toiletries', 'total_mentioned': 54, 'positive': 22, 'negative': 26, 'neutral': 6}, {'name': 'Room', 'description': 'Room amenities', 'total_mentioned': 139, 'positive': 80, 'negative': 42, 'neutral': 17}, {'name': 'TV', 'description': 'Room entertainment', 'total_mentioned': 13, 'positive': 3, 'negative': 10, 'neutral': 0}]","Coast-Saint Anns, Pacific Coast Highway, Laguna Beach, Orange County, California, 92651, United States"
Fairfield Inn & Suites Indianapolis Noblesville,"Relaxed hotel offering an indoor pool & a fitness center, plus complimentary breakfast & Wi-Fi.","{'latitude': 40.0487197, 'longitude': -85.9919724}",40.0487197,-85.9919724,3,https://www.marriott.com/en-us/hotels/indnb-fairfield-inn-and-suites-indianapolis-noblesville/overview/?scid=f2ae0541-1279-4f24-b197-a979c79310b0,"[{'stars': 5, 'count': 109}, {'stars': 4, 'count': 75}, {'stars': 3, 'count': 41}, {'stars': 2, 'count': 13}, {'stars': 1, 'count': 85}]",323,"[{'name': 'Air Conditioning', 'description': 'Air conditioning', 'total_mentioned': 8, 'positive': 1, 'negative': 7, 'neutral': 0}, {'name': 'Hot Tub', 'description': 'Hot tub', 'total_mentioned': 7, 'positive': 2, 'negative': 5, 'neutral': 0}, {'name': 'Safety', 'description': 'Safety', 'total_mentioned': 7, 'positive': 0, 'negative': 7, 'neutral': 0}, {'name': 'Kitchen', 'description': 'Kitchen', 'total_mentioned': 8, 'positive': 0, 'negative': 8, 'neutral': 0}, {'name': 'Parking', 'description': 'Parking', 'total_mentioned': 7, 'positive': 3, 'negative': 3, 'neutral': 1}, {'name': 'Nightlife', 'description': 'Nightlife', 'total_mentioned': 8, 'positive': 2, 'negative': 5, 'neutral': 1}]","Fairfield Inn & Suites Indianapolis Noblesville, 17960, Foundation Drive, Noblesville, Hamilton County, Indiana, 46060, United States"
Aloft Mooresville,"Contemporary rooms in a laid-back hotel featuring a trendy bar/eatery, plus a gym & an indoor pool.","{'latitude': 35.5294824, 'longitude': -80.8665347}",35.5294824,-80.8665347,3,https://www.marriott.com/en-us/hotels/cltll-aloft-mooresville/overview/?scid=f2ae0541-1279-4f24-b197-a979c79310b0,"[{'stars': 5, 'count': 179}, {'stars': 4, 'count': 36}, {'stars': 3, 'count': 22}, {'stars': 2, 'count': 12}, {'stars': 1, 'count': 26}]",275,"[{'name': 'Pets', 'description': 'Pets', 'total_mentioned': 37, 'positive': 24, 'negative': 7, 'neutral': 6}, {'name': 'Bar', 'description': 'Bar or lounge', 'total_mentioned': 58, 'positive': 43, 'negative': 7, 'neutral': 8}, {'name': 'Couples', 'description': 'Couple friendly', 'total_mentioned': 8, 'positive': 6, 'negative': 0, 'neutral': 2}, {'name': 'Nightlife', 'description': 'Nightlife', 'total_mentioned': 6, 'positive': 3, 'negative': 2, 'neutral': 1}, {'name': 'Dining', 'description': 'Food and Beverage', 'total_mentioned': 32, 'positive': 21, 'negative': 5, 'neutral': 6}, {'name': 'Business', 'description': 'Business', 'total_mentioned': 8, 'positive': 2, 'negative': 4, 'neutral': 2}]","Aloft Mooresville, 109, Alcove Road, Langtree, Mooresville, Iredell County, North Carolina, 28117, United States"
TownePlace Suites Charlotte Mooresville,"Relaxed all-suite hotel offering free Wi-Fi & breakfast, plus an outdoor pool & a 24-hour gym.","{'latitude': 35.5564689, 'longitude': -80.8566687}",35.5564689,-80.8566687,3,https://www.marriott.com/en-us/hotels/clttm-towneplace-suites-charlotte-mooresville/overview/?scid=f2ae0541-1279-4f24-b197-a979c79310b0,"[{'stars': 5, 'count': 246}, {'stars': 4, 'count': 137}, {'stars': 3, 'count': 35}, {'stars': 2, 'count': 14}, {'stars': 1, 'count': 22}]",454,"[{'name': 'Pets', 'description': 'Pets', 'total_mentioned': 15, 'positive': 11, 'negative': 0, 'neutral': 4}, {'name': 'Hot Tub', 'description': 'Hot tub', 'total_mentioned': 6, 'positive': 2, 'negative': 1, 'neutral': 3}, {'name': 'Kitchen', 'description': 'Kitchen', 'total_mentioned': 39, 'positive': 21, 'negative': 13, 'neutral': 5}, {'name': 'Pool', 'description': 'Pool', 'total_mentioned': 16, 'positive': 6, 'negative': 8, 'neutral': 2}, {'name': 'Breakfast', 'description': 'Breakfast', 'total_mentioned': 67, 'positive': 41, 'negative': 19, 'neutral': 7}, {'name': 'Restaurant', 'description': 'Restaurant', 'total_mentioned': 32, 'positive': 19, 'negative': 9, 'neutral': 4}]","139, Gateway Boulevard, Mooresville, Iredell County, North Carolina, 28117, United States"
SpringHill Suites Charlotte Lake Norman/Mooresville,"Unassuming all-suite hotel offering free Wi-FI, hot breakfast & parking, plus an indoor pool.","{'latitude': 35.5549673, 'longitude': -80.8560705}",35.5549673,-80.8560705,3,https://www.marriott.com/en-us/hotels/cltmo-springhill-suites-charlotte-lake-norman-mooresville/overview/?scid=f2ae0541-1279-4f24-b197-a979c79310b0,"[{'stars': 5, 'count': 297}, {'stars': 4, 'count': 126}, {'stars': 3, 'count': 34}, {'stars': 2, 'count': 10}, {'stars': 1, 'count': 29}]",496,"[{'name': 'Hot Tub', 'description': 'Hot tub', 'total_mentioned': 11, 'positive': 4, 'negative': 6, 'neutral': 1}, {'name': 'Business', 'description': 'Business', 'total_mentioned': 22, 'positive': 13, 'negative': 5, 'neutral': 4}, {'name': 'Couples', 'description': 'Couple friendly', 'total_mentioned': 5, 'positive': 3, 'negative': 2, 'neutral': 0}, {'name': 'Nightlife', 'description': 'Nightlife', 'total_mentioned': 6, 'positive': 1, 'negative': 4, 'neutral': 1}, {'name': 'Accessibility', 'description': 'Accessibility', 'total_mentioned': 13, 'positive': 6, 'negative': 5, 'neutral': 2}, {'name': 'Bar', 'description': 'Bar or lounge', 'total_mentioned': 11, 'positive': 7, 'negative': 2, 'neutral': 2}]","SpringHill Suites Charlotte Lake Norman/Mooresville, 121, Gateway Boulevard, Mooresville, Iredell County, North Carolina, 28117, United States"
JW Marriott Indianapolis,"Upmarket hotel with an Italian restaurant & a sports bar, plus a fitness center.","{'latitude': 39.7663443, 'longitude': -86.1683735}",39.7663443,-86.1683735,4,https://www.marriott.com/en-us/hotels/indjw-jw-marriott-indianapolis/overview/?scid=f2ae0541-1279-4f24-b197-a979c79310b0,"[{'stars': 5, 'count': 5027}, {'stars': 4, 'count': 1483}, {'stars': 3, 'count': 344}, {'stars': 2, 'count': 119}, {'stars': 1, 'count': 192}]",7165,"[{'name': 'Nature', 'description': 'Nature and outdoor activities', 'total_mentioned': 120, 'positive': 116, 'negative': 2, 'neutral': 2}, {'name': 'Business', 'description': 'Business', 'total_mentioned': 510, 'positive': 346, 'negative': 58, 'neutral': 106}, {'name': 'Bar', 'description': 'Bar or lounge', 'total_mentioned': 406, 'positive': 300, 'negative': 60, 'neutral': 46}, {'name': 'Parking', 'description': 'Parking', 'total_mentioned': 364, 'positive': 129, 'negative': 177, 'neutral': 58}, {'name': 'Dining', 'description': 'Food and Beverage', 'total_mentioned': 413, 'positive': 301, 'negative': 68, 'neutral': 44}, {'name': 'Couples', 'description': 'Couple friendly', 'total_mentioned': 82, 'positive': 49, 'negative': 5, 'neutral': 28}]","Marriott IndyPlace, 10, South West Street, Indianapolis, Marion County, Indiana, 46204, United States"
The Alexander,"Modern quarters in an upscale hotel with custom artwork, massage therapists, a bar & dining options.","{'latitude': 39.7618122, 'longitude': -86.1544677}",39.7618122,-86.1544677,4,https://www.marriott.com/en-us/hotels/indax-the-alexander/overview/?scid=f2ae0541-1279-4f24-b197-a979c79310b0,"[{'stars': 5, 'count': 1311}, {'stars': 4, 'count': 438}, {'stars': 3, 'count': 128}, {'stars': 2, 'count': 63}, {'stars': 1, 'count': 86}]",2026,"[{'name': 'Bar', 'description': 'Bar or lounge', 'total_mentioned': 193, 'positive': 144, 'negative': 32, 'neutral': 17}, {'name': 'Couples', 'description': 'Couple friendly', 'total_mentioned': 34, 'positive': 25, 'negative': 4, 'neutral': 5}, {'name': 'Parking', 'description': 'Parking', 'total_mentioned': 142, 'positive': 68, 'negative': 52, 'neutral': 22}, {'name': 'Dining', 'description': 'Food and Beverage', 'total_mentioned': 171, 'positive': 132, 'negative': 25, 'neutral': 14}, {'name': 'Business', 'description': 'Business', 'total_mentioned': 83, 'positive': 55, 'negative': 10, 'neutral': 18}, {'name': 'Location', 'description': 'Location', 'total_mentioned': 218, 'positive': 178, 'negative': 16, 'neutral': 24}]","The Alexander, 333, South Delaware Street, Fletcher Place, Indianapolis, Marion, Indiana, 46204, United States"
Omni Severin Hotel,"Upscale rooms & suites with city views, plus a pool, a rustic restaurant & a chic sports bar.","{'latitude': 39.7638014, 'longitude': -86.1595832}",39.7638014,-86.1595832,4,https://www.omnihotels.com/hotels/indianapolis-severin?utm_source=gmblisting&utm_medium=organic,"[{'stars': 5, 'count': 1793}, {'stars': 4, 'count': 790}, {'stars': 3, 'count': 294}, {'stars': 2, 'count': 154}, {'stars': 1, 'count': 176}]",3207,"[{'name': 'Couples', 'description': 'Couple friendly', 'total_mentioned': 70, 'positive': 53, 'negative': 4, 'neutral': 13}, {'name': 'Parking', 'description': 'Parking', 'total_mentioned': 210, 'positive': 72, 'negative': 110, 'neutral': 28}, {'name': 'Bar', 'description': 'Bar or lounge', 'total_mentioned': 189, 'positive': 136, 'negative': 28, 'neutral': 25}, {'name': 'Location', 'description': 'Location', 'total_mentioned': 530, 'positive': 449, 'negative': 39, 'neutral': 42}, {'name': 'Service', 'description': 'Service', 'total_mentioned': 995, 'positive': 826, 'negative': 124, 'neutral': 45}, {'name': 'Dining', 'description': 'Food and Beverage', 'total_mentioned': 176, 'positive': 122, 'negative': 37, 'neutral': 17}]","Omni Severin Hotel, 40, West Jackson Place, Indianapolis, Marion, Indiana, 46225, United States"
Bottleworks Hotel,"Swanky boutique hotel in a former bottling plant featuring a spa, pan-Asian dining & a cocktail bar.","{'latitude': 39.7796936, 'longitude': -86.1432952}",39.7796936,-86.1432952,4,https://www.bottleworkshotel.com/,"[{'stars': 5, 'count': 490}, {'stars': 4, 'count': 37}, {'stars': 3, 'count': 11}, {'stars': 2, 'count': 3}, {'stars': 1, 'count': 5}]",546,"[{'name': 'Couples', 'description': 'Couple friendly', 'total_mentioned': 17, 'positive': 13, 'negative': 0, 'neutral': 4}, {'name': 'Bar', 'description': 'Bar or lounge', 'total_mentioned': 48, 'positive': 41, 'negative': 2, 'neutral': 5}, {'name': 'Wellness', 'description': 'Wellness', 'total_mentioned': 7, 'positive': 5, 'negative': 1, 'neutral': 1}, {'name': 'Dining', 'description': 'Food and Beverage', 'total_mentioned': 47, 'positive': 41, 'negative': 1, 'neutral': 5}, {'name': 'Property', 'description': 'Property', 'total_mentioned': 231, 'positive': 218, 'negative': 5, 'neutral': 8}, {'name': 'Pets', 'description': 'Pets', 'total_mentioned': 9, 'positive': 6, 'negative': 1, 'neutral': 2}]","Bottleworks Hotel, Indianapolis Cultural Trail, Massachusetts Avenue Commercial District, Indianapolis, Marion County, Indiana, 46204, United States"
Hilton Indianapolis Hotel & Suites,"Contemporary hotel with an on-site spa & salon, plus an indoor pool, 2 restaurants & event spaces.","{'latitude': 39.7689576, 'longitude': -86.1601024}",39.7689576,-86.1601024,4,https://www.hilton.com/en/hotels/inddnhf-hilton-indianapolis-hotel-and-suites/?SEO_id=GMB-AMER-HH-INDDNHF&y_source=1_MTIyMDc3OS03MTUtbG9jYXRpb24ud2Vic2l0ZQ%3D%3D,"[{'stars': 5, 'count': 1348}, {'stars': 4, 'count': 577}, {'stars': 3, 'count': 195}, {'stars': 2, 'count': 59}, {'stars': 1, 'count': 77}]",2256,"[{'name': 'Parking', 'description': 'Parking', 'total_mentioned': 132, 'positive': 67, 'negative': 53, 'neutral': 12}, {'name': 'Location', 'description': 'Location', 'total_mentioned': 306, 'positive': 278, 'negative': 9, 'neutral': 19}, {'name': 'Service', 'description': 'Service', 'total_mentioned': 518, 'positive': 408, 'negative': 84, 'neutral': 26}, {'name': 'Fitness', 'description': 'Fitness', 'total_mentioned': 83, 'positive': 44, 'negative': 29, 'neutral': 10}, {'name': 'Dining', 'description': 'Food and Beverage', 'total_mentioned': 99, 'positive': 67, 'negative': 20, 'neutral': 12}, {'name': 'Business', 'description': 'Business', 'total_mentioned': 68, 'positive': 40, 'negative': 12, 'neutral': 16}]","Hilton Indianapolis Hotel & Suites, 120, West Market Street, Indianapolis, Marion, Indiana, 46204, United States"
Hyatt Regency Indianapolis,"Upmarket conference hotel with a revolving rooftop restaurant & bar, plus a pool & a gym.","{'latitude': 39.7663758, 'longitude': -86.160856}",39.7663758,-86.160856,4,https://www.hyatt.com/hyatt-regency/en-US/indri-hyatt-regency-indianapolis?src=corp_lclb_google_seo_indri&%3Futm_source=google&utm_medium=organic&utm_campaign=lmr,"[{'stars': 5, 'count': 1871}, {'stars': 4, 'count': 856}, {'stars': 3, 'count': 247}, {'stars': 2, 'count': 92}, {'stars': 1, 'count': 138}]",3204,"[{'name': 'Bar', 'description': 'Bar or lounge', 'total_mentioned': 173, 'positive': 117, 'negative': 31, 'neutral': 25}, {'name': 'Parking', 'description': 'Parking', 'total_mentioned': 174, 'positive': 59, 'negative': 87, 'neutral': 28}, {'name': 'Dining', 'description': 'Food and Beverage', 'total_mentioned': 222, 'positive': 148, 'negative': 44, 'neutral': 30}, {'name': 'Location', 'description': 'Location', 'total_mentioned': 429, 'positive': 373, 'negative': 21, 'neutral': 35}, {'name': 'Business', 'description': 'Business', 'total_mentioned': 146, 'positive': 86, 'negative': 26, 'neutral': 34}, {'name': 'Nature', 'description': 'Nature and outdoor activities', 'total_mentioned': 24, 'positive': 23, 'negative': 0, 'neutral': 1}]","Hyatt Regency Indianapolis, 101, West Washington Street, Indianapolis, Marion, Indiana, 46204, United States"
Ironworks Hotel Indy,"Industrial-chic quarters in a trendy hotel offering 3 restaurant/bars, plus a gym & free parking.","{'latitude': 39.911991199999996, 'longitude': -86.11812479999999}",39.9119912,-86.11812479999999,4,https://ironworkshotelindy.com/,"[{'stars': 5, 'count': 941}, {'stars': 4, 'count': 111}, {'stars': 3, 'count': 16}, {'stars': 2, 'count': 7}, {'stars': 1, 'count': 20}]",1095,"[{'name': 'Couples', 'description': 'Couple friendly', 'total_mentioned': 32, 'positive': 28, 'negative': 1, 'neutral': 3}, {'name': 'Pets', 'description': 'Pets', 'total_mentioned': 36, 'positive': 28, 'negative': 2, 'neutral': 6}, {'name': 'Bar', 'description': 'Bar or lounge', 'total_mentioned': 57, 'positive': 45, 'negative': 9, 'neutral': 3}, {'name': 'Wellness', 'description': 'Wellness', 'total_mentioned': 12, 'positive': 9, 'negative': 2, 'neutral': 1}, {'name': 'Dining', 'description': 'Food and Beverage', 'total_mentioned': 79, 'positive': 70, 'negative': 6, 'neutral': 3}, {'name': 'Atmosphere', 'description': 'Atmosphere', 'total_mentioned': 129, 'positive': 127, 'negative': 1, 'neutral': 1}]","Ironworks Hotel, Haverstick Road, Indianapolis, Marion County, Indiana, 46240, United States"
"Hotel Carmichael, Autograph Collection","Genteel hotel along the Monon Trail with a French restaurant, a bar & a live entertainment venue.","{'latitude': 39.970100699999996, 'longitude': -86.12917999999999}",39.9701007,-86.12917999999999,4,https://www.marriott.com/en-us/hotels/indak-hotel-carmichael-autograph-collection/overview/?scid=f2ae0541-1279-4f24-b197-a979c79310b0,"[{'stars': 5, 'count': 290}, {'stars': 4, 'count': 40}, {'stars': 3, 'count': 17}, {'stars': 2, 'count': 11}, {'stars': 1, 'count': 12}]",370,"[{'name': 'Couples', 'description': 'Couple friendly', 'total_mentioned': 21, 'positive': 14, 'negative': 4, 'neutral': 3}, {'name': 'Nightlife', 'description': 'Nightlife', 'total_mentioned': 25, 'positive': 20, 'negative': 2, 'neutral': 3}, {'name': 'TV', 'description': 'Room entertainment', 'total_mentioned': 10, 'positive': 3, 'negative': 4, 'neutral': 3}, {'name': 'Parking', 'description': 'Parking', 'total_mentioned': 29, 'positive': 14, 'negative': 12, 'neutral': 3}, {'name': 'Business', 'description': 'Business', 'total_mentioned': 9, 'positive': 6, 'negative': 0, 'neutral': 3}, {'name': 'Property', 'description': 'Property', 'total_mentioned': 142, 'positive': 125, 'negative': 10, 'neutral': 7}]","City Center Drive, Newark Village, Carmel, Hamilton County, Indiana, 46032, United States"
Renaissance Indianapolis North Hotel,"Sophisticated property with American dining, plus an indoor pool & a fitness center.","{'latitude': 39.9646755, 'longitude': -86.15627889999999}",39.9646755,-86.15627889999999,4,https://www.marriott.com/en-us/hotels/indbr-renaissance-indianapolis-north-hotel/overview/?scid=f2ae0541-1279-4f24-b197-a979c79310b0,"[{'stars': 5, 'count': 855}, {'stars': 4, 'count': 332}, {'stars': 3, 'count': 78}, {'stars': 2, 'count': 23}, {'stars': 1, 'count': 41}]",1329,"[{'name': 'Couples', 'description': 'Couple friendly', 'total_mentioned': 22, 'positive': 10, 'negative': 5, 'neutral': 7}, {'name': 'Business', 'description': 'Business', 'total_mentioned': 140, 'positive': 100, 'negative': 11, 'neutral': 29}, {'name': 'Gym', 'description': 'Gym', 'total_mentioned': 17, 'positive': 15, 'negative': 2, 'neutral': 0}, {'name': 'TV', 'description': 'Room entertainment', 'total_mentioned': 20, 'positive': 11, 'negative': 5, 'neutral': 4}, {'name': 'Air Conditioning', 'description': 'Air conditioning', 'total_mentioned': 8, 'positive': 1, 'negative': 6, 'neutral': 1}, {'name': 'Wi-Fi', 'description': 'Wi-Fi', 'total_mentioned': 20, 'positive': 7, 'negative': 8, 'neutral': 5}]","Renaissance Indianapolis North Hotel, 11925, North Meridian Street, Carmel, Hamilton County, Indiana, 46032, United States"
Le MÃ©ridien Indianapolis,,"{'latitude': 39.7651022, 'longitude': -86.15982020000001}",39.7651022,-86.15982020000001,4,https://www.marriott.com/en-us/hotels/indmd-le-meridien-indianapolis/overview/?scid=f2ae0541-1279-4f24-b197-a979c79310b0,"[{'stars': 5, 'count': 448}, {'stars': 4, 'count': 149}, {'stars': 3, 'count': 47}, {'stars': 2, 'count': 24}, {'stars': 1, 'count': 22}]",690,"[{'name': 'Bar', 'description': 'Bar or lounge', 'total_mentioned': 65, 'positive': 53, 'negative': 6, 'neutral': 6}, {'name': 'Dining', 'description': 'Food and Beverage', 'total_mentioned': 77, 'positive': 60, 'negative': 9, 'neutral': 8}, {'name': 'Location', 'description': 'Location', 'total_mentioned': 105, 'positive': 90, 'negative': 10, 'neutral': 5}, {'name': 'Parking', 'description': 'Parking', 'total_mentioned': 30, 'positive': 19, 'negative': 9, 'neutral': 2}, {'name': 'Service', 'description': 'Service', 'total_mentioned': 206, 'positive': 175, 'negative': 24, 'neutral': 7}, {'name': 'Property', 'description': 'Property', 'total_mentioned': 232, 'positive': 184, 'negative': 31, 'neutral': 17}]","Circle Center Mall, 49, West Maryland Street, Indianapolis, Marion, Indiana, 46204, United States"
Las Rocas Resort and Spa,"Informal resort overlooking the ocean offering an infinity pool & a spa, plus a restaurant.","{'latitude': 32.26256780000001, 'longitude': -116.9957256}",32.26256780000001,-116.9957256,4,http://www.lasrocas.com/,"[{'stars': 5, 'count': 417}, {'stars': 4, 'count': 129}, {'stars': 3, 'count': 53}, {'stars': 2, 'count': 25}, {'stars': 1, 'count': 62}]",686,"[{'name': 'Service', 'description': 'Service', 'total_mentioned': 133, 'positive': 104, 'negative': 22, 'neutral': 7}, {'name': 'Property', 'description': 'Property', 'total_mentioned': 141, 'positive': 103, 'negative': 26, 'neutral': 12}, {'name': 'Breakfast', 'description': 'Breakfast', 'total_mentioned': 73, 'positive': 58, 'negative': 8, 'neutral': 7}, {'name': 'Safety', 'description': 'Safety', 'total_mentioned': 15, 'positive': 5, 'negative': 10, 'neutral': 0}, {'name': 'Wi-Fi', 'description': 'Wi-Fi', 'total_mentioned': 16, 'positive': 2, 'negative': 13, 'neutral': 1}, {'name': 'Air Conditioning', 'description': 'Air conditioning', 'total_mentioned': 14, 'positive': 0, 'negative': 14, 'neutral': 0}]","Las Rocas Resort and Spa, Carretera Tijuana-Ensenada, Terrazas del Mar, Popotla, Municipio de Playas de Rosarito, Baja California, 22716, México"
Beaumont Hotel & Spa,"Opulent rooms & suites in an 1886 boutique hotel offering free Wi-Fi, plus spa services.","{'latitude': 38.021923799999996, 'longitude': -107.67129369999999}",38.0219238,-107.6712937,4,https://www.beaumonthotel.com/,"[{'stars': 5, 'count': 293}, {'stars': 4, 'count': 19}, {'stars': 3, 'count': 9}, {'stars': 2, 'count': 3}, {'stars': 1, 'count': 14}]",338,"[{'name': 'Wellness', 'description': 'Wellness', 'total_mentioned': 38, 'positive': 35, 'negative': 2, 'neutral': 1}, {'name': 'Spa', 'description': 'Spa', 'total_mentioned': 30, 'positive': 27, 'negative': 3, 'neutral': 0}, {'name': 'Couples', 'description': 'Couple friendly', 'total_mentioned': 32, 'positive': 29, 'negative': 0, 'neutral': 3}, {'name': 'Bar', 'description': 'Bar or lounge', 'total_mentioned': 20, 'positive': 17, 'negative': 2, 'neutral': 1}, {'name': 'Property', 'description': 'Property', 'total_mentioned': 189, 'positive': 177, 'negative': 5, 'neutral': 7}, {'name': 'Service', 'description': 'Service', 'total_mentioned': 158, 'positive': 144, 'negative': 10, 'neutral': 4}]","505, Main Street, Ouray, Ouray County, Colorado, 81427, United States"
Shangri-La Resort,"Upscale golf resort with 3 courses & a marina, plus a restaurant, condos with fireplaces & a pool.","{'latitude': 36.559933099999995, 'longitude': -94.8389626}",36.5599331,-94.8389626,4,http://www.shangrilaok.com/,"[{'stars': 5, 'count': 740}, {'stars': 4, 'count': 152}, {'stars': 3, 'count': 49}, {'stars': 2, 'count': 22}, {'stars': 1, 'count': 41}]",1004,"[{'name': 'Property', 'description': 'Property', 'total_mentioned': 183, 'positive': 158, 'negative': 18, 'neutral': 7}, {'name': 'Fitness', 'description': 'Fitness', 'total_mentioned': 160, 'positive': 136, 'negative': 12, 'neutral': 12}, {'name': 'Service', 'description': 'Service', 'total_mentioned': 172, 'positive': 114, 'negative': 42, 'neutral': 16}, {'name': 'Bathroom', 'description': 'Bathroom and toiletries', 'total_mentioned': 26, 'positive': 9, 'negative': 16, 'neutral': 1}]","Shangri-La Resort, 57301, Charles Davis Memorial Highway, Bernice, Delaware County, Oklahoma, 74331, United States"
Rustic Inn Creekside Resort & Spa at Jackson Hole,"Cozy accommodations in an elegant resort with a restaurant, a spa & an outdoor heated pool.","{'latitude': 43.4864384, 'longitude': -110.76263}",43.4864384,-110.76263,4,https://www.rusticinnatjh.com/,"[{'stars': 5, 'count': 700}, {'stars': 4, 'count': 155}, {'stars': 3, 'count': 58}, {'stars': 2, 'count': 43}, {'stars': 1, 'count': 60}]",1016,"[{'name': 'Wellness', 'description': 'Wellness', 'total_mentioned': 75, 'positive': 42, 'negative': 25, 'neutral': 8}, {'name': 'Spa', 'description': 'Spa', 'total_mentioned': 57, 'positive': 32, 'negative': 21, 'neutral': 4}, {'name': 'Breakfast', 'description': 'Breakfast', 'total_mentioned': 203, 'positive': 170, 'negative': 24, 'neutral': 9}, {'name': 'Restaurant', 'description': 'Restaurant', 'total_mentioned': 126, 'positive': 110, 'negative': 10, 'neutral': 6}, {'name': 'Bar', 'description': 'Bar or lounge', 'total_mentioned': 75, 'positive': 57, 'negative': 6, 'neutral': 12}, {'name': 'Couples', 'description': 'Couple friendly', 'total_mentioned': 26, 'positive': 17, 'negative': 2, 'neutral': 7}]","Rustic Inn Creekside Resort and Spa at Jackson Hole, 475, North Cache Street, Jackson, Teton County, Wyoming, 83001, United States"
Carter Estate Winery and Resort,Upscale suites in a vineyard setting featuring an outdoor pool & farm-to-table cuisine.,"{'latitude': 33.5331465, 'longitude': -117.05870650000001}",33.5331465,-117.0587065,4,https://www.carterestatewinery.com/,"[{'stars': 5, 'count': 211}, {'stars': 4, 'count': 44}, {'stars': 3, 'count': 18}, {'stars': 2, 'count': 11}, {'stars': 1, 'count': 25}]",309,"[{'name': 'Property', 'description': 'Property', 'total_mentioned': 100, 'positive': 79, 'negative': 11, 'neutral': 10}, {'name': 'Bar', 'description': 'Bar or lounge', 'total_mentioned': 56, 'positive': 48, 'negative': 6, 'neutral': 2}, {'name': 'Dining', 'description': 'Food and Beverage', 'total_mentioned': 55, 'positive': 44, 'negative': 6, 'neutral': 5}]","Riverside County, California, United States"
Glenwood Hot Springs Lodge,"Modern rooms in a storied lodge featuring a hot spring-fed pool, a spa & complimentary breakfast.","{'latitude': 39.550376899999996, 'longitude': -107.3229217}",39.5503769,-107.3229217,4,https://www.hotspringspool.com/lodge?utm_source=google&utm_medium=organic&utm_campaign=gmb_local_search,"[{'stars': 5, 'count': 1174}, {'stars': 4, 'count': 401}, {'stars': 3, 'count': 121}, {'stars': 2, 'count': 59}, {'stars': 1, 'count': 68}]",1823,"[{'name': 'Fitness', 'description': 'Fitness', 'total_mentioned': 406, 'positive': 286, 'negative': 68, 'neutral': 52}, {'name': 'Wellness', 'description': 'Wellness', 'total_mentioned': 59, 'positive': 38, 'negative': 16, 'neutral': 5}, {'name': 'Pool', 'description': 'Pool', 'total_mentioned': 208, 'positive': 171, 'negative': 19, 'neutral': 18}, {'name': 'Spa', 'description': 'Spa', 'total_mentioned': 40, 'positive': 23, 'negative': 14, 'neutral': 3}, {'name': 'Breakfast', 'description': 'Breakfast', 'total_mentioned': 285, 'positive': 214, 'negative': 39, 'neutral': 32}, {'name': 'Couples', 'description': 'Couple friendly', 'total_mentioned': 18, 'positive': 11, 'negative': 5, 'neutral': 2}]","Glenwood Hot Springs Lodge, 415, East 6th Street, Glenwood Springs, Garfield County, Colorado, 81601, United States"
Conrad Indianapolis,"This refined 23-story hotel offers meeting space & a modern spa, plus a wine bar & art gallery.","{'latitude': 39.767596999999995, 'longitude': -86.15935499999999}",39.767597,-86.15935499999999,5,https://www.hilton.com/en/hotels/indcici-conrad-indianapolis/?SEO_id=GMB-AMER-CN-INDCICI&y_source=1_MTEzMzIxNC03MTUtbG9jYXRpb24ud2Vic2l0ZQ%3D%3D,"[{'stars': 5, 'count': 1201}, {'stars': 4, 'count': 222}, {'stars': 3, 'count': 70}, {'stars': 2, 'count': 38}, {'stars': 1, 'count': 57}]",1588,"[{'name': 'Spa', 'description': 'Spa', 'total_mentioned': 55, 'positive': 44, 'negative': 4, 'neutral': 7}, {'name': 'Wellness', 'description': 'Wellness', 'total_mentioned': 66, 'positive': 55, 'negative': 3, 'neutral': 8}, {'name': 'Couples', 'description': 'Couple friendly', 'total_mentioned': 51, 'positive': 39, 'negative': 2, 'neutral': 10}, {'name': 'Parking', 'description': 'Parking', 'total_mentioned': 103, 'positive': 58, 'negative': 32, 'neutral': 13}, {'name': 'Bar', 'description': 'Bar or lounge', 'total_mentioned': 75, 'positive': 54, 'negative': 13, 'neutral': 8}, {'name': 'Service', 'description': 'Service', 'total_mentioned': 524, 'positive': 455, 'negative': 51, 'neutral': 18}]","Conrad Indianapolis, 30, West Washington Street, Indianapolis, Marion, Indiana, 46204, United States"
