Name,Description,Coordinates,Hotel Class,Link,Ratings,Reviews,Reviews Breakdown
TownePlace Suites Indianapolis Park 100,"Casual studios & suites in a straightforward hotel offering a fitness room, plus free breakfast.","{'latitude': 39.8823714, 'longitude': -86.26286750000001}",3,https://www.marriott.com/en-us/hotels/indts-towneplace-suites-indianapolis-park-100/overview/?scid=f2ae0541-1279-4f24-b197-a979c79310b0,"[{'stars': 5, 'count': 216}, {'stars': 4, 'count': 102}, {'stars': 3, 'count': 60}, {'stars': 2, 'count': 21}, {'stars': 1, 'count': 35}]",434,"[{'name': 'Breakfast', 'description': 'Breakfast', 'total_mentioned': 50, 'positive': 33, 'negative': 5, 'neutral': 12}, {'name': 'Kitchen', 'description': 'Kitchen', 'total_mentioned': 44, 'positive': 23, 'negative': 14, 'neutral': 7}, {'name': 'Cleanliness', 'description': 'Cleanliness', 'total_mentioned': 118, 'positive': 76, 'negative': 36, 'neutral': 6}, {'name': 'Pets', 'description': 'Pets', 'total_mentioned': 10, 'positive': 7, 'negative': 2, 'neutral': 1}, {'name': 'Service', 'description': 'Service', 'total_mentioned': 135, 'positive': 108, 'negative': 24, 'neutral': 3}, {'name': 'Restaurant', 'description': 'Restaurant', 'total_mentioned': 21, 'positive': 16, 'negative': 0, 'neutral': 5}]"
Wyndham Indianapolis Airport,"Polished lodging with an outdoor pool & Italian dining, plus a free airport shuttle & Wi-Fi.","{'latitude': 39.7293745, 'longitude': -86.2584777}",3,https://www.wyndhamhotels.com/wyndham/indianapolis-indiana/wyndham-indianapolis-airportt/overview?CID=LC:46q62bu8edfbx3y:33237&iata=00093796,"[{'stars': 5, 'count': 843}, {'stars': 4, 'count': 657}, {'stars': 3, 'count': 428}, {'stars': 2, 'count': 215}, {'stars': 1, 'count': 282}]",2425,"[{'name': 'Transit', 'description': 'Public transit', 'total_mentioned': 101, 'positive': 51, 'negative': 27, 'neutral': 23}, {'name': 'Couples', 'description': 'Couple friendly', 'total_mentioned': 50, 'positive': 17, 'negative': 10, 'neutral': 23}, {'name': 'Business', 'description': 'Business', 'total_mentioned': 140, 'positive': 69, 'negative': 42, 'neutral': 29}, {'name': 'Accessibility', 'description': 'Accessibility', 'total_mentioned': 111, 'positive': 6, 'negative': 96, 'neutral': 9}, {'name': 'Bar', 'description': 'Bar or lounge', 'total_mentioned': 94, 'positive': 54, 'negative': 26, 'neutral': 14}, {'name': 'Dining', 'description': 'Food and Beverage', 'total_mentioned': 138, 'positive': 64, 'negative': 60, 'neutral': 14}]"
Courtyard Indianapolis Northwest,"Straightforward hotel with contemporary rooms & a patio fire pit, plus an indoor pool & free WiFi.","{'latitude': 39.8837958, 'longitude': -86.2677513}",3,https://www.marriott.com/en-us/hotels/indnw-courtyard-indianapolis-northwest/overview/?scid=f2ae0541-1279-4f24-b197-a979c79310b0,"[{'stars': 5, 'count': 232}, {'stars': 4, 'count': 124}, {'stars': 3, 'count': 53}, {'stars': 2, 'count': 25}, {'stars': 1, 'count': 26}]",460,"[{'name': 'Service', 'description': 'Service', 'total_mentioned': 126, 'positive': 89, 'negative': 31, 'neutral': 6}, {'name': 'Fitness', 'description': 'Fitness', 'total_mentioned': 21, 'positive': 12, 'negative': 5, 'neutral': 4}, {'name': 'Breakfast', 'description': 'Breakfast', 'total_mentioned': 31, 'positive': 7, 'negative': 16, 'neutral': 8}, {'name': 'Cleanliness', 'description': 'Cleanliness', 'total_mentioned': 100, 'positive': 79, 'negative': 16, 'neutral': 5}, {'name': 'Location', 'description': 'Location', 'total_mentioned': 40, 'positive': 26, 'negative': 8, 'neutral': 6}, {'name': 'Restaurant', 'description': 'Restaurant', 'total_mentioned': 20, 'positive': 2, 'negative': 12, 'neutral': 6}]"
Sybaris Indianapolis,"Luxe lodging offering refined suites with private pools, steam rooms & fireplaces, plus free Wi-Fi.","{'latitude': 39.911426999999996, 'longitude': -86.25727850000001}",2,http://www.sybaris.com/,"[{'stars': 5, 'count': 1468}, {'stars': 4, 'count': 186}, {'stars': 3, 'count': 61}, {'stars': 2, 'count': 25}, {'stars': 1, 'count': 33}]",1773,"[{'name': 'Couples', 'description': 'Couple friendly', 'total_mentioned': 252, 'positive': 237, 'negative': 7, 'neutral': 8}, {'name': 'Wellness', 'description': 'Wellness', 'total_mentioned': 132, 'positive': 101, 'negative': 19, 'neutral': 12}, {'name': 'Spa', 'description': 'Spa', 'total_mentioned': 68, 'positive': 50, 'negative': 11, 'neutral': 7}, {'name': 'Fitness', 'description': 'Fitness', 'total_mentioned': 259, 'positive': 215, 'negative': 30, 'neutral': 14}, {'name': 'Hot Tub', 'description': 'Hot tub', 'total_mentioned': 72, 'positive': 50, 'negative': 16, 'neutral': 6}, {'name': 'Pool', 'description': 'Pool', 'total_mentioned': 124, 'positive': 109, 'negative': 11, 'neutral': 4}]"
Red Roof Inn & Suites Indianapolis Airport,Straightforward rooms & suites with microwaves & minifridges in an unpretentious hotel.,"{'latitude': 39.7270626, 'longitude': -86.24919720000001}",2,https://www.redroof.com/property/in/indianapolis/RRI840?utm_source=GMB&utm_medium=Google&utm_campaign=GMB_Performance_RRI840,"[{'stars': 5, 'count': 313}, {'stars': 4, 'count': 208}, {'stars': 3, 'count': 183}, {'stars': 2, 'count': 122}, {'stars': 1, 'count': 358}]",1184,"[{'name': 'Transit', 'description': 'Public transit', 'total_mentioned': 35, 'positive': 22, 'negative': 8, 'neutral': 5}, {'name': 'Pets', 'description': 'Pets', 'total_mentioned': 35, 'positive': 14, 'negative': 19, 'neutral': 2}, {'name': 'Cleanliness', 'description': 'Cleanliness', 'total_mentioned': 271, 'positive': 101, 'negative': 158, 'neutral': 12}, {'name': 'Breakfast', 'description': 'Breakfast', 'total_mentioned': 79, 'positive': 22, 'negative': 47, 'neutral': 10}, {'name': 'Service', 'description': 'Service', 'total_mentioned': 324, 'positive': 161, 'negative': 151, 'neutral': 12}, {'name': 'Fitness', 'description': 'Fitness', 'total_mentioned': 40, 'positive': 6, 'negative': 32, 'neutral': 2}]"
Fairfield Inn & Suites Indianapolis Northwest,"Simple hotel with an indoor pool & fitness facilities, plus free Wi-Fi & hot breakfast.","{'latitude': 39.9100493, 'longitude': -86.2647477}",3,https://www.marriott.com/en-us/hotels/indfn-fairfield-inn-and-suites-indianapolis-northwest/overview/?scid=f2ae0541-1279-4f24-b197-a979c79310b0,"[{'stars': 5, 'count': 263}, {'stars': 4, 'count': 127}, {'stars': 3, 'count': 53}, {'stars': 2, 'count': 20}, {'stars': 1, 'count': 31}]",494,"[{'name': 'Breakfast', 'description': 'Breakfast', 'total_mentioned': 77, 'positive': 53, 'negative': 13, 'neutral': 11}, {'name': 'Restaurant', 'description': 'Restaurant', 'total_mentioned': 39, 'positive': 28, 'negative': 5, 'neutral': 6}, {'name': 'Service', 'description': 'Service', 'total_mentioned': 168, 'positive': 132, 'negative': 27, 'neutral': 9}, {'name': 'Fitness', 'description': 'Fitness', 'total_mentioned': 29, 'positive': 17, 'negative': 9, 'neutral': 3}, {'name': 'Cleanliness', 'description': 'Cleanliness', 'total_mentioned': 127, 'positive': 102, 'negative': 16, 'neutral': 9}, {'name': 'Pool', 'description': 'Pool', 'total_mentioned': 18, 'positive': 14, 'negative': 3, 'neutral': 1}]"
Royal Inn - Indianapolis,N/A,"{'latitude': 39.8225626, 'longitude': -86.2713931}",1,N/A,"[{'stars': 5, 'count': 348}, {'stars': 4, 'count': 69}, {'stars': 3, 'count': 89}, {'stars': 2, 'count': 68}, {'stars': 1, 'count': 272}]",846,"[{'name': 'Pets', 'description': 'Pets', 'total_mentioned': 10, 'positive': 0, 'negative': 9, 'neutral': 1}, {'name': 'Cleanliness', 'description': 'Cleanliness', 'total_mentioned': 190, 'positive': 67, 'negative': 116, 'neutral': 7}, {'name': 'Service', 'description': 'Service', 'total_mentioned': 178, 'positive': 99, 'negative': 73, 'neutral': 6}, {'name': 'Wellness', 'description': 'Wellness', 'total_mentioned': 6, 'positive': 0, 'negative': 6, 'neutral': 0}, {'name': 'Property', 'description': 'Property', 'total_mentioned': 238, 'positive': 119, 'negative': 100, 'neutral': 19}, {'name': 'Sleep', 'description': 'Sleep', 'total_mentioned': 89, 'positive': 6, 'negative': 75, 'neutral': 8}]"
Red Roof Inn Indianapolis North - College Park,"Straightforward budget hotel offering colorful rooms, plus complimentary Wi-Fi & parking.","{'latitude': 39.9250087, 'longitude': -86.22724769999999}",2,https://www.redroof.com/property/in/indianapolis/RRI041?utm_source=GMB&utm_medium=Google&utm_campaign=GMB_Performance_RRI041,"[{'stars': 5, 'count': 177}, {'stars': 4, 'count': 131}, {'stars': 3, 'count': 93}, {'stars': 2, 'count': 73}, {'stars': 1, 'count': 192}]",666,"[{'name': 'Cleanliness', 'description': 'Cleanliness', 'total_mentioned': 216, 'positive': 65, 'negative': 141, 'neutral': 10}, {'name': 'Bathroom', 'description': 'Bathroom and toiletries', 'total_mentioned': 113, 'positive': 9, 'negative': 89, 'neutral': 15}, {'name': 'Pets', 'description': 'Pets', 'total_mentioned': 19, 'positive': 5, 'negative': 11, 'neutral': 3}, {'name': 'Sleep', 'description': 'Sleep', 'total_mentioned': 142, 'positive': 16, 'negative': 112, 'neutral': 14}, {'name': 'Wellness', 'description': 'Wellness', 'total_mentioned': 6, 'positive': 1, 'negative': 5, 'neutral': 0}, {'name': 'Service', 'description': 'Service', 'total_mentioned': 158, 'positive': 83, 'negative': 63, 'neutral': 12}]"
