Name,Description,Coordinates,Hotel Class,Link,Ratings,Reviews,Reviews Breakdown
Red Roof Inn Indianapolis South,"Humble budget hotel offering no-nonsense rooms, plus complimentary Wi-Fi & parking.","{'latitude': 39.7014905, 'longitude': -86.0801092}",2,https://www.redroof.com/property/in/indianapolis/RRI013?utm_source=GMB&utm_medium=Google&utm_campaign=GMB_Performance_RRI013,"[{'stars': 5, 'count': 329}, {'stars': 4, 'count': 241}, {'stars': 3, 'count': 202}, {'stars': 2, 'count': 98}, {'stars': 1, 'count': 190}]",1060,"[{'name': 'Pets', 'description': 'Pets', 'total_mentioned': 31, 'positive': 13, 'negative': 14, 'neutral': 4}, {'name': 'Cleanliness', 'description': 'Cleanliness', 'total_mentioned': 304, 'positive': 174, 'negative': 112, 'neutral': 18}, {'name': 'Service', 'description': 'Service', 'total_mentioned': 250, 'positive': 122, 'negative': 113, 'neutral': 15}, {'name': 'Sleep', 'description': 'Sleep', 'total_mentioned': 145, 'positive': 39, 'negative': 90, 'neutral': 16}, {'name': 'Air Conditioning', 'description': 'Air conditioning', 'total_mentioned': 26, 'positive': 8, 'negative': 17, 'neutral': 1}, {'name': 'Property', 'description': 'Property', 'total_mentioned': 275, 'positive': 168, 'negative': 84, 'neutral': 23}]"
Indianapolis KOA Holiday,N/A,"{'latitude': 39.812698999999995, 'longitude': -85.9130131}",N/A,https://koa.com/campgrounds/indianapolis/?utm_source=google&utm_medium=organic&utm_campaign=gbp,"[{'stars': 5, 'count': 660}, {'stars': 4, 'count': 192}, {'stars': 3, 'count': 63}, {'stars': 2, 'count': 28}, {'stars': 1, 'count': 83}]",1026,"[{'name': 'Service', 'description': 'Service', 'total_mentioned': 375, 'positive': 303, 'negative': 58, 'neutral': 14}, {'name': 'Cleanliness', 'description': 'Cleanliness', 'total_mentioned': 210, 'positive': 179, 'negative': 15, 'neutral': 16}, {'name': 'Family', 'description': 'Family friendly', 'total_mentioned': 169, 'positive': 135, 'negative': 23, 'neutral': 11}, {'name': 'Safety', 'description': 'Safety', 'total_mentioned': 17, 'positive': 6, 'negative': 10, 'neutral': 1}]"
Red Roof Inn Indianapolis - Castleton,"Warm, down-to-earth rooms in a budget hotel offering complimentary parking & Wi-Fi.","{'latitude': 39.9024959, 'longitude': -86.0465645}",2,https://www.redroof.com/property/in/indianapolis/RRI827?utm_source=GMB&utm_medium=Google&utm_campaign=GMB_Performance_RRI827,"[{'stars': 5, 'count': 187}, {'stars': 4, 'count': 126}, {'stars': 3, 'count': 133}, {'stars': 2, 'count': 88}, {'stars': 1, 'count': 209}]",743,"[{'name': 'Pets', 'description': 'Pets', 'total_mentioned': 17, 'positive': 3, 'negative': 9, 'neutral': 5}, {'name': 'Cleanliness', 'description': 'Cleanliness', 'total_mentioned': 213, 'positive': 88, 'negative': 102, 'neutral': 23}, {'name': 'Bathroom', 'description': 'Bathroom and toiletries', 'total_mentioned': 105, 'positive': 11, 'negative': 86, 'neutral': 8}, {'name': 'Sleep', 'description': 'Sleep', 'total_mentioned': 120, 'positive': 21, 'negative': 88, 'neutral': 11}, {'name': 'Service', 'description': 'Service', 'total_mentioned': 167, 'positive': 75, 'negative': 80, 'neutral': 12}, {'name': 'Property', 'description': 'Property', 'total_mentioned': 214, 'positive': 87, 'negative': 107, 'neutral': 20}]"
Heartland Resort,N/A,"{'latitude': 39.825761799999995, 'longitude': -85.8323918}",N/A,http://www.heartlandresort.com/,"[{'stars': 5, 'count': 268}, {'stars': 4, 'count': 106}, {'stars': 3, 'count': 49}, {'stars': 2, 'count': 27}, {'stars': 1, 'count': 48}]",498,"[{'name': 'Property', 'description': 'Property', 'total_mentioned': 52, 'positive': 44, 'negative': 6, 'neutral': 2}, {'name': 'Service', 'description': 'Service', 'total_mentioned': 65, 'positive': 44, 'negative': 16, 'neutral': 5}, {'name': 'Family', 'description': 'Family friendly', 'total_mentioned': 42, 'positive': 33, 'negative': 7, 'neutral': 2}, {'name': 'Room', 'description': 'Room amenities', 'total_mentioned': 13, 'positive': 3, 'negative': 8, 'neutral': 2}, {'name': 'Wi-Fi', 'description': 'Wi-Fi', 'total_mentioned': 10, 'positive': 1, 'negative': 8, 'neutral': 1}, {'name': 'Bathroom', 'description': 'Bathroom and toiletries', 'total_mentioned': 19, 'positive': 2, 'negative': 14, 'neutral': 3}]"
Red Roof Inn Indianapolis East,Straightforward rooms with microwaves in a laid-back budget hotel offering free parking & Wi-Fi.,"{'latitude': 39.797191399999996, 'longitude': -86.0385462}",2,https://www.redroof.com/property/in/indianapolis/RRI602?utm_source=GMB&utm_medium=Google&utm_campaign=GMB_Performance_RRI602,"[{'stars': 5, 'count': 87}, {'stars': 4, 'count': 66}, {'stars': 3, 'count': 50}, {'stars': 2, 'count': 22}, {'stars': 1, 'count': 70}]",295,"[{'name': 'Pets', 'description': 'Pets', 'total_mentioned': 14, 'positive': 5, 'negative': 8, 'neutral': 1}, {'name': 'Cleanliness', 'description': 'Cleanliness', 'total_mentioned': 88, 'positive': 49, 'negative': 34, 'neutral': 5}, {'name': 'Bathroom', 'description': 'Bathroom and toiletries', 'total_mentioned': 31, 'positive': 3, 'negative': 24, 'neutral': 4}, {'name': 'Sleep', 'description': 'Sleep', 'total_mentioned': 48, 'positive': 15, 'negative': 29, 'neutral': 4}, {'name': 'Service', 'description': 'Service', 'total_mentioned': 68, 'positive': 30, 'negative': 37, 'neutral': 1}, {'name': 'Wi-Fi', 'description': 'Wi-Fi', 'total_mentioned': 8, 'positive': 4, 'negative': 4, 'neutral': 0}]"
Red Roof Inn Indianapolis - Greenwood,Streamlined rooms & suites in a casual budget hotel with a seasonal outdoor pool & free Wi-Fi.,"{'latitude': 39.613023399999996, 'longitude': -86.0766721}",2,https://www.redroof.com/property/in/greenwood/RRI650?utm_source=GMB&utm_medium=Google&utm_campaign=GMB_Performance_RRI650,"[{'stars': 5, 'count': 229}, {'stars': 4, 'count': 159}, {'stars': 3, 'count': 107}, {'stars': 2, 'count': 83}, {'stars': 1, 'count': 155}]",733,"[{'name': 'Parking', 'description': 'Parking', 'total_mentioned': 9, 'positive': 1, 'negative': 6, 'neutral': 2}, {'name': 'Hot Tub', 'description': 'Hot tub', 'total_mentioned': 10, 'positive': 6, 'negative': 1, 'neutral': 3}, {'name': 'Pets', 'description': 'Pets', 'total_mentioned': 20, 'positive': 6, 'negative': 8, 'neutral': 6}, {'name': 'Air Conditioning', 'description': 'Air conditioning', 'total_mentioned': 9, 'positive': 4, 'negative': 4, 'neutral': 1}, {'name': 'Wellness', 'description': 'Wellness', 'total_mentioned': 5, 'positive': 2, 'negative': 1, 'neutral': 2}, {'name': 'Breakfast', 'description': 'Breakfast', 'total_mentioned': 23, 'positive': 4, 'negative': 16, 'neutral': 3}]"
S&H Campground,N/A,"{'latitude': 39.797764, 'longitude': -85.85069639999999}",N/A,https://www.sandhcampground.com/?utm_source=google&utm_medium=organic&utm_campaign=gmb,"[{'stars': 5, 'count': 329}, {'stars': 4, 'count': 128}, {'stars': 3, 'count': 60}, {'stars': 2, 'count': 43}, {'stars': 1, 'count': 187}]",747,"[{'name': 'Family', 'description': 'Family friendly', 'total_mentioned': 147, 'positive': 109, 'negative': 29, 'neutral': 9}, {'name': 'Property', 'description': 'Property', 'total_mentioned': 91, 'positive': 53, 'negative': 33, 'neutral': 5}, {'name': 'Nightlife', 'description': 'Nightlife', 'total_mentioned': 41, 'positive': 33, 'negative': 7, 'neutral': 1}, {'name': 'Kitchen', 'description': 'Kitchen', 'total_mentioned': 11, 'positive': 2, 'negative': 7, 'neutral': 2}, {'name': 'Business', 'description': 'Business', 'total_mentioned': 12, 'positive': 2, 'negative': 9, 'neutral': 1}, {'name': 'Parking', 'description': 'Parking', 'total_mentioned': 11, 'positive': 1, 'negative': 10, 'neutral': 0}]"
TownePlace Suites Indianapolis Keystone,"Unassuming all-suite hotel offering an exercise room & an outdoor pool, plus free breakfast & Wi-Fi.","{'latitude': 39.9102694, 'longitude': -86.1083929}",2,https://www.marriott.com/en-us/hotels/indtk-towneplace-suites-indianapolis-keystone/overview/?scid=f2ae0541-1279-4f24-b197-a979c79310b0,"[{'stars': 5, 'count': 152}, {'stars': 4, 'count': 108}, {'stars': 3, 'count': 58}, {'stars': 2, 'count': 26}, {'stars': 1, 'count': 47}]",391,"[{'name': 'Pets', 'description': 'Pets', 'total_mentioned': 15, 'positive': 10, 'negative': 4, 'neutral': 1}, {'name': 'Kitchen', 'description': 'Kitchen', 'total_mentioned': 40, 'positive': 20, 'negative': 16, 'neutral': 4}, {'name': 'Breakfast', 'description': 'Breakfast', 'total_mentioned': 43, 'positive': 22, 'negative': 16, 'neutral': 5}, {'name': 'Location', 'description': 'Location', 'total_mentioned': 51, 'positive': 46, 'negative': 2, 'neutral': 3}, {'name': 'Cleanliness', 'description': 'Cleanliness', 'total_mentioned': 103, 'positive': 58, 'negative': 41, 'neutral': 4}, {'name': 'Service', 'description': 'Service', 'total_mentioned': 123, 'positive': 90, 'negative': 29, 'neutral': 4}]"
