Name,Description,Coordinates,Hotel Class,Link,Ratings,Reviews,Reviews Breakdown
Red Roof Inn Indianapolis South,"Humble budget hotel offering no-nonsense rooms, plus complimentary Wi-Fi & parking.","{'latitude': 39.7014905, 'longitude': -86.0801092}",2,https://www.redroof.com/property/in/indianapolis/RRI013?utm_source=GMB&utm_medium=Google&utm_campaign=GMB_Performance_RRI013,"[{'stars': 5, 'count': 329}, {'stars': 4, 'count': 241}, {'stars': 3, 'count': 202}, {'stars': 2, 'count': 98}, {'stars': 1, 'count': 190}]",1060,"[{'name': 'Pets', 'description': 'Pets', 'total_mentioned': 31, 'positive': 13, 'negative': 14, 'neutral': 4}, {'name': 'Cleanliness', 'description': 'Cleanliness', 'total_mentioned': 304, 'positive': 174, 'negative': 112, 'neutral': 18}, {'name': 'Service', 'description': 'Service', 'total_mentioned': 250, 'positive': 122, 'negative': 113, 'neutral': 15}, {'name': 'Sleep', 'description': 'Sleep', 'total_mentioned': 145, 'positive': 39, 'negative': 90, 'neutral': 16}, {'name': 'Air Conditioning', 'description': 'Air conditioning', 'total_mentioned': 26, 'positive': 8, 'negative': 17, 'neutral': 1}, {'name': 'Property', 'description': 'Property', 'total_mentioned': 275, 'positive': 168, 'negative': 84, 'neutral': 23}]"
Red Roof Inn Indianapolis - Greenwood,Streamlined rooms & suites in a casual budget hotel with a seasonal outdoor pool & free Wi-Fi.,"{'latitude': 39.613023399999996, 'longitude': -86.0766721}",2,https://www.redroof.com/property/in/greenwood/RRI650?utm_source=GMB&utm_medium=Google&utm_campaign=GMB_Performance_RRI650,"[{'stars': 5, 'count': 229}, {'stars': 4, 'count': 159}, {'stars': 3, 'count': 107}, {'stars': 2, 'count': 83}, {'stars': 1, 'count': 155}]",733,"[{'name': 'Parking', 'description': 'Parking', 'total_mentioned': 9, 'positive': 1, 'negative': 6, 'neutral': 2}, {'name': 'Hot Tub', 'description': 'Hot tub', 'total_mentioned': 10, 'positive': 6, 'negative': 1, 'neutral': 3}, {'name': 'Pets', 'description': 'Pets', 'total_mentioned': 20, 'positive': 6, 'negative': 8, 'neutral': 6}, {'name': 'Air Conditioning', 'description': 'Air conditioning', 'total_mentioned': 9, 'positive': 4, 'negative': 4, 'neutral': 1}, {'name': 'Wellness', 'description': 'Wellness', 'total_mentioned': 5, 'positive': 2, 'negative': 1, 'neutral': 2}, {'name': 'Breakfast', 'description': 'Breakfast', 'total_mentioned': 23, 'positive': 4, 'negative': 16, 'neutral': 3}]"
Wyndham Indianapolis Airport,"Polished lodging with an outdoor pool & Italian dining, plus a free airport shuttle & Wi-Fi.","{'latitude': 39.7293745, 'longitude': -86.2584777}",3,https://www.wyndhamhotels.com/wyndham/indianapolis-indiana/wyndham-indianapolis-airportt/overview?CID=LC:46q62bu8edfbx3y:33237&iata=00093796,"[{'stars': 5, 'count': 843}, {'stars': 4, 'count': 657}, {'stars': 3, 'count': 428}, {'stars': 2, 'count': 215}, {'stars': 1, 'count': 282}]",2425,"[{'name': 'Transit', 'description': 'Public transit', 'total_mentioned': 101, 'positive': 51, 'negative': 27, 'neutral': 23}, {'name': 'Couples', 'description': 'Couple friendly', 'total_mentioned': 50, 'positive': 17, 'negative': 10, 'neutral': 23}, {'name': 'Business', 'description': 'Business', 'total_mentioned': 140, 'positive': 69, 'negative': 42, 'neutral': 29}, {'name': 'Accessibility', 'description': 'Accessibility', 'total_mentioned': 111, 'positive': 6, 'negative': 96, 'neutral': 9}, {'name': 'Bar', 'description': 'Bar or lounge', 'total_mentioned': 94, 'positive': 54, 'negative': 26, 'neutral': 14}, {'name': 'Dining', 'description': 'Food and Beverage', 'total_mentioned': 138, 'positive': 64, 'negative': 60, 'neutral': 14}]"
Red Roof Inn & Suites Indianapolis Airport,Straightforward rooms & suites with microwaves & minifridges in an unpretentious hotel.,"{'latitude': 39.7270626, 'longitude': -86.24919720000001}",2,https://www.redroof.com/property/in/indianapolis/RRI840?utm_source=GMB&utm_medium=Google&utm_campaign=GMB_Performance_RRI840,"[{'stars': 5, 'count': 313}, {'stars': 4, 'count': 208}, {'stars': 3, 'count': 183}, {'stars': 2, 'count': 122}, {'stars': 1, 'count': 358}]",1184,"[{'name': 'Transit', 'description': 'Public transit', 'total_mentioned': 35, 'positive': 22, 'negative': 8, 'neutral': 5}, {'name': 'Pets', 'description': 'Pets', 'total_mentioned': 35, 'positive': 14, 'negative': 19, 'neutral': 2}, {'name': 'Cleanliness', 'description': 'Cleanliness', 'total_mentioned': 271, 'positive': 101, 'negative': 158, 'neutral': 12}, {'name': 'Breakfast', 'description': 'Breakfast', 'total_mentioned': 79, 'positive': 22, 'negative': 47, 'neutral': 10}, {'name': 'Service', 'description': 'Service', 'total_mentioned': 324, 'positive': 161, 'negative': 151, 'neutral': 12}, {'name': 'Fitness', 'description': 'Fitness', 'total_mentioned': 40, 'positive': 6, 'negative': 32, 'neutral': 2}]"
