Name,Description,Coordinates,Hotel Class,Link,Ratings,Reviews,Reviews Breakdown
TownePlace Suites New Orleans Metairie,"Relaxed all-suite hotel with free Wi-Fi & continental breakfast, plus a gym & an outdoor pool.","{'latitude': 29.9646448, 'longitude': -90.1912036}",2,https://www.marriott.com/en-us/hotels/msytm-towneplace-suites-new-orleans-metairie/overview/?scid=f2ae0541-1279-4f24-b197-a979c79310b0,"[{'stars': 5, 'count': 296}, {'stars': 4, 'count': 188}, {'stars': 3, 'count': 72}, {'stars': 2, 'count': 39}, {'stars': 1, 'count': 67}]",662,"[{'name': 'Accessibility', 'description': 'Accessibility', 'total_mentioned': 11, 'positive': 2, 'negative': 8, 'neutral': 1}, {'name': 'Pool', 'description': 'Pool', 'total_mentioned': 12, 'positive': 11, 'negative': 0, 'neutral': 1}, {'name': 'Nightlife', 'description': 'Nightlife', 'total_mentioned': 9, 'positive': 6, 'negative': 0, 'neutral': 3}, {'name': 'Transit', 'description': 'Public transit', 'total_mentioned': 8, 'positive': 6, 'negative': 0, 'neutral': 2}, {'name': 'Gym', 'description': 'Gym', 'total_mentioned': 5, 'positive': 2, 'negative': 1, 'neutral': 2}, {'name': 'Service', 'description': 'Service', 'total_mentioned': 175, 'positive': 130, 'negative': 38, 'neutral': 7}]"
New Orleans Marriott Metairie at Lakeway,"Polished hotel offering a cafe, a bar & a restaurant, plus a sauna, a gym & complimentary Wi-Fi.","{'latitude': 30.0183862, 'longitude': -90.15580659999999}",4,https://www.marriott.com/en-us/hotels/msymm-new-orleans-marriott-metairie-at-lakeway/overview/?scid=f2ae0541-1279-4f24-b197-a979c79310b0,"[{'stars': 5, 'count': 695}, {'stars': 4, 'count': 319}, {'stars': 3, 'count': 167}, {'stars': 2, 'count': 75}, {'stars': 1, 'count': 106}]",1362,"[{'name': 'Nature', 'description': 'Nature and outdoor activities', 'total_mentioned': 46, 'positive': 44, 'negative': 1, 'neutral': 1}, {'name': 'Parking', 'description': 'Parking', 'total_mentioned': 158, 'positive': 46, 'negative': 97, 'neutral': 15}, {'name': 'Bar', 'description': 'Bar or lounge', 'total_mentioned': 71, 'positive': 35, 'negative': 30, 'neutral': 6}, {'name': 'Room', 'description': 'Room amenities', 'total_mentioned': 128, 'positive': 60, 'negative': 55, 'neutral': 13}, {'name': 'Business', 'description': 'Business', 'total_mentioned': 53, 'positive': 29, 'negative': 16, 'neutral': 8}, {'name': 'Gym', 'description': 'Gym', 'total_mentioned': 25, 'positive': 12, 'negative': 13, 'neutral': 0}]"
The Chloe.,"Chic rooms & suites in a refined hotel featuring a restaurant, 2 bars & an outdoor pool.","{'latitude': 29.9270805, 'longitude': -90.0993106}",4,https://www.thechloenola.com/,"[{'stars': 5, 'count': 249}, {'stars': 4, 'count': 31}, {'stars': 3, 'count': 18}, {'stars': 2, 'count': 15}, {'stars': 1, 'count': 6}]",319,"[{'name': 'Bar', 'description': 'Bar or lounge', 'total_mentioned': 88, 'positive': 66, 'negative': 13, 'neutral': 9}, {'name': 'Dining', 'description': 'Food and Beverage', 'total_mentioned': 82, 'positive': 66, 'negative': 9, 'neutral': 7}, {'name': 'Fitness', 'description': 'Fitness', 'total_mentioned': 35, 'positive': 30, 'negative': 3, 'neutral': 2}, {'name': 'Pool', 'description': 'Pool', 'total_mentioned': 21, 'positive': 19, 'negative': 2, 'neutral': 0}, {'name': 'Breakfast', 'description': 'Breakfast', 'total_mentioned': 35, 'positive': 31, 'negative': 1, 'neutral': 3}, {'name': 'Service', 'description': 'Service', 'total_mentioned': 89, 'positive': 69, 'negative': 16, 'neutral': 4}]"
Maison Perrier Bed & Breakfast,"Period-inspired rooms in a 19th-century house with free cooked breakfast, afternoon tea & Wi-Fi.","{'latitude': 29.924661599999997, 'longitude': -90.09893900000002}",3,http://www.maisonperrier.com/,"[{'stars': 5, 'count': 80}, {'stars': 4, 'count': 5}, {'stars': 3, 'count': 1}, {'stars': 2, 'count': 1}, {'stars': 1, 'count': 0}]",87,"[{'name': 'Breakfast', 'description': 'Breakfast', 'total_mentioned': 34, 'positive': 29, 'negative': 2, 'neutral': 3}, {'name': 'Restaurant', 'description': 'Restaurant', 'total_mentioned': 19, 'positive': 16, 'negative': 2, 'neutral': 1}, {'name': 'Sleep', 'description': 'Sleep', 'total_mentioned': 24, 'positive': 20, 'negative': 1, 'neutral': 3}, {'name': 'Service', 'description': 'Service', 'total_mentioned': 45, 'positive': 45, 'negative': 0, 'neutral': 0}, {'name': 'Couples', 'description': 'Couple friendly', 'total_mentioned': 5, 'positive': 4, 'negative': 0, 'neutral': 1}, {'name': 'Location', 'description': 'Location', 'total_mentioned': 31, 'positive': 29, 'negative': 0, 'neutral': 2}]"
New Orleans KOA Holiday,N/A,"{'latitude': 29.971432999999998, 'longitude': -90.23438929999999}",N/A,https://koa.com/campgrounds/new-orleans/?utm_source=google&utm_medium=organic&utm_campaign=gbp,"[{'stars': 5, 'count': 470}, {'stars': 4, 'count': 178}, {'stars': 3, 'count': 64}, {'stars': 2, 'count': 18}, {'stars': 1, 'count': 38}]",768,"[{'name': 'Service', 'description': 'Service', 'total_mentioned': 296, 'positive': 263, 'negative': 20, 'neutral': 13}, {'name': 'Cleanliness', 'description': 'Cleanliness', 'total_mentioned': 206, 'positive': 189, 'negative': 12, 'neutral': 5}, {'name': 'Location', 'description': 'Location', 'total_mentioned': 157, 'positive': 116, 'negative': 12, 'neutral': 29}, {'name': 'Sleep', 'description': 'Sleep', 'total_mentioned': 59, 'positive': 5, 'negative': 35, 'neutral': 19}]"
1896 O'Malley House,Refined B&B featuring traditional rooms and a private courtyard.,"{'latitude': 29.973172599999998, 'longitude': -90.0997652}",3,https://www.1896omalleyhouse.com/,"[{'stars': 5, 'count': 95}, {'stars': 4, 'count': 6}, {'stars': 3, 'count': 3}, {'stars': 2, 'count': 3}, {'stars': 1, 'count': 2}]",109,"[{'name': 'Breakfast', 'description': 'Breakfast', 'total_mentioned': 36, 'positive': 32, 'negative': 3, 'neutral': 1}, {'name': 'Restaurant', 'description': 'Restaurant', 'total_mentioned': 21, 'positive': 18, 'negative': 1, 'neutral': 2}, {'name': 'Sleep', 'description': 'Sleep', 'total_mentioned': 25, 'positive': 19, 'negative': 2, 'neutral': 4}, {'name': 'Location', 'description': 'Location', 'total_mentioned': 28, 'positive': 27, 'negative': 0, 'neutral': 1}, {'name': 'Service', 'description': 'Service', 'total_mentioned': 33, 'positive': 32, 'negative': 1, 'neutral': 0}, {'name': 'Property', 'description': 'Property', 'total_mentioned': 37, 'positive': 33, 'negative': 3, 'neutral': 1}]"
Best Western La Place Inn,"Informal hotel offering free breakfast & Wi-Fi, plus an outdoor pool & a fitness room.","{'latitude': 30.0845986, 'longitude': -90.4462552}",2,https://www.bestwestern.com/en_US/book/hotel-rooms.19075.html?iata=00171880&ssob=BLBWI0004G&cid=BLBWI0004G:google:gmb:19075,"[{'stars': 5, 'count': 262}, {'stars': 4, 'count': 115}, {'stars': 3, 'count': 44}, {'stars': 2, 'count': 18}, {'stars': 1, 'count': 29}]",468,"[{'name': 'Breakfast', 'description': 'Breakfast', 'total_mentioned': 52, 'positive': 49, 'negative': 2, 'neutral': 1}, {'name': 'Restaurant', 'description': 'Restaurant', 'total_mentioned': 32, 'positive': 31, 'negative': 1, 'neutral': 0}, {'name': 'Kitchen', 'description': 'Kitchen', 'total_mentioned': 13, 'positive': 4, 'negative': 6, 'neutral': 3}, {'name': 'Safety', 'description': 'Safety', 'total_mentioned': 6, 'positive': 1, 'negative': 4, 'neutral': 1}, {'name': 'Service', 'description': 'Service', 'total_mentioned': 125, 'positive': 96, 'negative': 21, 'neutral': 8}, {'name': 'Location', 'description': 'Location', 'total_mentioned': 27, 'positive': 20, 'negative': 3, 'neutral': 4}]"
Canal Street Inn,"Elegant rooms & suites in a stately B&B dating from 1912, plus a gym, a garden & a fireplace lounge.","{'latitude': 29.9714406, 'longitude': -90.096775}",4,https://www.canalstreetinn.com/,"[{'stars': 5, 'count': 115}, {'stars': 4, 'count': 11}, {'stars': 3, 'count': 2}, {'stars': 2, 'count': 1}, {'stars': 1, 'count': 2}]",131,"[{'name': 'Breakfast', 'description': 'Breakfast', 'total_mentioned': 40, 'positive': 36, 'negative': 1, 'neutral': 3}, {'name': 'Couples', 'description': 'Couple friendly', 'total_mentioned': 9, 'positive': 8, 'negative': 0, 'neutral': 1}, {'name': 'Restaurant', 'description': 'Restaurant', 'total_mentioned': 16, 'positive': 15, 'negative': 0, 'neutral': 1}, {'name': 'Service', 'description': 'Service', 'total_mentioned': 59, 'positive': 56, 'negative': 3, 'neutral': 0}, {'name': 'Property', 'description': 'Property', 'total_mentioned': 55, 'positive': 53, 'negative': 2, 'neutral': 0}, {'name': 'Family', 'description': 'Family friendly', 'total_mentioned': 9, 'positive': 8, 'negative': 1, 'neutral': 0}]"
