Name,Description,Coordinates,Hotel Class,Link,Ratings,Reviews,Reviews Breakdown
#1212 12th FL SKYLINE CITYSCAPE VIEWS-ROOFTOP POOL,N/A,"{'latitude': 29.953861236572266, 'longitude': -90.0728530883789}",N/A,https://new.rentalsunited.com/Property/3782696?sc=554691,N/A,2,N/A
Catahoula New Orleans,"Low-key rooms in a chic hotel offering a stylish cocktail bar, plus a rooftop bar with city views","{'latitude': 29.951846099999994, 'longitude': -90.0732132}",2,https://catahoulahotel.com/,"[{'stars': 5, 'count': 359}, {'stars': 4, 'count': 141}, {'stars': 3, 'count': 45}, {'stars': 2, 'count': 45}, {'stars': 1, 'count': 97}]",687,"[{'name': 'Bar', 'description': 'Bar or lounge', 'total_mentioned': 199, 'positive': 156, 'negative': 22, 'neutral': 21}, {'name': 'Bathroom', 'description': 'Bathroom and toiletries', 'total_mentioned': 107, 'positive': 17, 'negative': 72, 'neutral': 18}, {'name': 'Sleep', 'description': 'Sleep', 'total_mentioned': 122, 'positive': 33, 'negative': 72, 'neutral': 17}, {'name': 'Dining', 'description': 'Food and Beverage', 'total_mentioned': 119, 'positive': 95, 'negative': 11, 'neutral': 13}, {'name': 'Property', 'description': 'Property', 'total_mentioned': 277, 'positive': 165, 'negative': 89, 'neutral': 23}, {'name': 'Room', 'description': 'Room amenities', 'total_mentioned': 97, 'positive': 22, 'negative': 62, 'neutral': 13}]"
The Pelham Hotel,Homey hotel with an old-world vibe offering a cozy restaurant & complimentary Wi-Fi.,"{'latitude': 29.9509937, 'longitude': -90.0672534}",3,http://www.thepelhamhotel.com/,"[{'stars': 5, 'count': 513}, {'stars': 4, 'count': 263}, {'stars': 3, 'count': 94}, {'stars': 2, 'count': 40}, {'stars': 1, 'count': 79}]",989,"[{'name': 'Property', 'description': 'Property', 'total_mentioned': 414, 'positive': 304, 'negative': 81, 'neutral': 29}, {'name': 'Service', 'description': 'Service', 'total_mentioned': 330, 'positive': 247, 'negative': 72, 'neutral': 11}, {'name': 'Location', 'description': 'Location', 'total_mentioned': 275, 'positive': 236, 'negative': 9, 'neutral': 30}, {'name': 'Parking', 'description': 'Parking', 'total_mentioned': 80, 'positive': 17, 'negative': 51, 'neutral': 12}, {'name': 'Cleanliness', 'description': 'Cleanliness', 'total_mentioned': 185, 'positive': 132, 'negative': 37, 'neutral': 16}, {'name': 'Bathroom', 'description': 'Bathroom and toiletries', 'total_mentioned': 72, 'positive': 26, 'negative': 41, 'neutral': 5}]"
Nitey Nite Inn,N/A,"{'latitude': 29.9726782, 'longitude': -90.0576317}",N/A,https://niteyniteinn.com/,"[{'stars': 5, 'count': 3}, {'stars': 4, 'count': 0}, {'stars': 3, 'count': 0}, {'stars': 2, 'count': 0}, {'stars': 1, 'count': 0}]",3,N/A
Maison Dupuy Hotel,"Elegant rooms in 5 adjoining townhouses, plus an outdoor pool, an American bistro & a courtyard.","{'latitude': 29.959336999999998, 'longitude': -90.0683102}",3,http://www.maisondupuy.com/,"[{'stars': 5, 'count': 874}, {'stars': 4, 'count': 486}, {'stars': 3, 'count': 200}, {'stars': 2, 'count': 83}, {'stars': 1, 'count': 114}]",1757,"[{'name': 'Fitness', 'description': 'Fitness', 'total_mentioned': 153, 'positive': 105, 'negative': 34, 'neutral': 14}, {'name': 'Service', 'description': 'Service', 'total_mentioned': 573, 'positive': 430, 'negative': 113, 'neutral': 30}, {'name': 'Location', 'description': 'Location', 'total_mentioned': 458, 'positive': 387, 'negative': 30, 'neutral': 41}, {'name': 'Property', 'description': 'Property', 'total_mentioned': 602, 'positive': 387, 'negative': 154, 'neutral': 61}, {'name': 'Pool', 'description': 'Pool', 'total_mentioned': 91, 'positive': 76, 'negative': 8, 'neutral': 7}, {'name': 'Room', 'description': 'Room amenities', 'total_mentioned': 188, 'positive': 61, 'negative': 109, 'neutral': 18}]"
"Blake Hotel New Orleans, BW Signature Collection","Traditional rooms with free Wi-Fi & city or park views, plus a casual cafe serving weekend brunch.","{'latitude': 29.949247099999997, 'longitude': -90.070604}",3,https://www.bestwestern.com/en_US/book/hotel-rooms.19120.html?iata=00171880&ssob=BLBWI0004G&cid=BLBWI0004G:google:gmb:19120,"[{'stars': 5, 'count': 460}, {'stars': 4, 'count': 355}, {'stars': 3, 'count': 208}, {'stars': 2, 'count': 112}, {'stars': 1, 'count': 208}]",1343,"[{'name': 'Parking', 'description': 'Parking', 'total_mentioned': 146, 'positive': 19, 'negative': 112, 'neutral': 15}, {'name': 'Cleanliness', 'description': 'Cleanliness', 'total_mentioned': 312, 'positive': 141, 'negative': 148, 'neutral': 23}, {'name': 'Bathroom', 'description': 'Bathroom and toiletries', 'total_mentioned': 173, 'positive': 20, 'negative': 139, 'neutral': 14}, {'name': 'Service', 'description': 'Service', 'total_mentioned': 459, 'positive': 269, 'negative': 164, 'neutral': 26}, {'name': 'Property', 'description': 'Property', 'total_mentioned': 480, 'positive': 249, 'negative': 182, 'neutral': 49}, {'name': 'Sleep', 'description': 'Sleep', 'total_mentioned': 194, 'positive': 37, 'negative': 128, 'neutral': 29}]"
Moxy New Orleans Downtown/French Quarter Area,"Contemporary hotel offering stylish quarters, plus a lively, 24-hour cafe/bar & a gym.","{'latitude': 29.953517299999994, 'longitude': -90.0731787}",3,https://www.marriott.com/en-us/hotels/msyof-moxy-new-orleans-downtown-french-quarter-area/overview/?scid=f2ae0541-1279-4f24-b197-a979c79310b0,"[{'stars': 5, 'count': 666}, {'stars': 4, 'count': 323}, {'stars': 3, 'count': 146}, {'stars': 2, 'count': 81}, {'stars': 1, 'count': 124}]",1340,"[{'name': 'Bar', 'description': 'Bar or lounge', 'total_mentioned': 260, 'positive': 174, 'negative': 51, 'neutral': 35}, {'name': 'Property', 'description': 'Property', 'total_mentioned': 504, 'positive': 320, 'negative': 126, 'neutral': 58}, {'name': 'Bathroom', 'description': 'Bathroom and toiletries', 'total_mentioned': 146, 'positive': 40, 'negative': 93, 'neutral': 13}, {'name': 'Service', 'description': 'Service', 'total_mentioned': 405, 'positive': 253, 'negative': 130, 'neutral': 22}, {'name': 'Dining', 'description': 'Food and Beverage', 'total_mentioned': 138, 'positive': 91, 'negative': 28, 'neutral': 19}, {'name': 'Parking', 'description': 'Parking', 'total_mentioned': 72, 'positive': 14, 'negative': 43, 'neutral': 15}]"
Aloft New Orleans Downtown,"Slick lodging with a funky lobby lounge & a cocktail bar, plus a rooftop pool & a fitness room.","{'latitude': 29.952657100000003, 'longitude': -90.0724602}",3,https://www.marriott.com/en-us/hotels/msyal-aloft-new-orleans-downtown/overview/?scid=f2ae0541-1279-4f24-b197-a979c79310b0,"[{'stars': 5, 'count': 883}, {'stars': 4, 'count': 412}, {'stars': 3, 'count': 144}, {'stars': 2, 'count': 59}, {'stars': 1, 'count': 117}]",1615,"[{'name': 'Pets', 'description': 'Pets', 'total_mentioned': 42, 'positive': 24, 'negative': 15, 'neutral': 3}, {'name': 'Service', 'description': 'Service', 'total_mentioned': 454, 'positive': 319, 'negative': 117, 'neutral': 18}, {'name': 'Bar', 'description': 'Bar or lounge', 'total_mentioned': 146, 'positive': 112, 'negative': 21, 'neutral': 13}, {'name': 'Parking', 'description': 'Parking', 'total_mentioned': 111, 'positive': 30, 'negative': 62, 'neutral': 19}, {'name': 'Fitness', 'description': 'Fitness', 'total_mentioned': 103, 'positive': 63, 'negative': 28, 'neutral': 12}, {'name': 'Property', 'description': 'Property', 'total_mentioned': 513, 'positive': 383, 'negative': 98, 'neutral': 32}]"
"The Mercantile Hotel New Orleans, LA","Upscale all-suite hotel set in a restored sugar refinery, plus a fitness center & free breakfast.","{'latitude': 29.9455734, 'longitude': -90.066036}",3,https://themercantilehotelneworleans.com/,"[{'stars': 5, 'count': 461}, {'stars': 4, 'count': 121}, {'stars': 3, 'count': 46}, {'stars': 2, 'count': 33}, {'stars': 1, 'count': 55}]",716,"[{'name': 'Property', 'description': 'Property', 'total_mentioned': 334, 'positive': 260, 'negative': 53, 'neutral': 21}, {'name': 'Bar', 'description': 'Bar or lounge', 'total_mentioned': 84, 'positive': 61, 'negative': 13, 'neutral': 10}, {'name': 'Service', 'description': 'Service', 'total_mentioned': 273, 'positive': 200, 'negative': 62, 'neutral': 11}, {'name': 'Parking', 'description': 'Parking', 'total_mentioned': 63, 'positive': 20, 'negative': 35, 'neutral': 8}, {'name': 'Breakfast', 'description': 'Breakfast', 'total_mentioned': 73, 'positive': 40, 'negative': 24, 'neutral': 9}, {'name': 'Location', 'description': 'Location', 'total_mentioned': 191, 'positive': 152, 'negative': 15, 'neutral': 24}]"
Club Wyndham Avenue Plaza,"Straightforward studios & 1-bedroom units with kitchenettes, plus a rooftop sundeck & 2 pools.","{'latitude': 29.9347516, 'longitude': -90.08004559999999}",3,https://www.avenueplazaresort.com/?Identifier=psearch&hotelid=3553&utm_medium=referral&utm_source=google.com-local&utm_campaign=yext&utm_content=avenueplazaresort,"[{'stars': 5, 'count': 1136}, {'stars': 4, 'count': 533}, {'stars': 3, 'count': 156}, {'stars': 2, 'count': 45}, {'stars': 1, 'count': 72}]",1942,"[{'name': 'Service', 'description': 'Service', 'total_mentioned': 634, 'positive': 537, 'negative': 73, 'neutral': 24}, {'name': 'Fitness', 'description': 'Fitness', 'total_mentioned': 101, 'positive': 74, 'negative': 14, 'neutral': 13}, {'name': 'Parking', 'description': 'Parking', 'total_mentioned': 106, 'positive': 42, 'negative': 46, 'neutral': 18}, {'name': 'Hot Tub', 'description': 'Hot tub', 'total_mentioned': 35, 'positive': 27, 'negative': 3, 'neutral': 5}, {'name': 'Location', 'description': 'Location', 'total_mentioned': 354, 'positive': 307, 'negative': 20, 'neutral': 27}, {'name': 'Property', 'description': 'Property', 'total_mentioned': 518, 'positive': 405, 'negative': 72, 'neutral': 41}]"
The Jung Hotel & Residences,"Modern rooms & suites in an upmarket hotel offering a restaurant, a cocktail bar & a rooftop pool.","{'latitude': 29.957205100000003, 'longitude': -90.0758125}",3,http://www.junghotel.com/,"[{'stars': 5, 'count': 1003}, {'stars': 4, 'count': 270}, {'stars': 3, 'count': 117}, {'stars': 2, 'count': 53}, {'stars': 1, 'count': 73}]",1516,"[{'name': 'Fitness', 'description': 'Fitness', 'total_mentioned': 124, 'positive': 65, 'negative': 39, 'neutral': 20}, {'name': 'Property', 'description': 'Property', 'total_mentioned': 540, 'positive': 444, 'negative': 55, 'neutral': 41}, {'name': 'Service', 'description': 'Service', 'total_mentioned': 408, 'positive': 299, 'negative': 83, 'neutral': 26}, {'name': 'Pool', 'description': 'Pool', 'total_mentioned': 74, 'positive': 49, 'negative': 13, 'neutral': 12}, {'name': 'Bathroom', 'description': 'Bathroom and toiletries', 'total_mentioned': 132, 'positive': 59, 'negative': 55, 'neutral': 18}, {'name': 'Parking', 'description': 'Parking', 'total_mentioned': 105, 'positive': 45, 'negative': 48, 'neutral': 12}]"
Wyndham New Orleans - French Quarter,"Sophisticated lodging with an indoor pool & fitness center, plus Southern dining & free Wi-Fi.","{'latitude': 29.953758800000003, 'longitude': -90.06835339999999}",3,https://www.wyndhamhotels.com/wyndham/new-orleans-louisiana/wyndham-new-orleans-french-quarter/overview?CID=LC:46q62bu8edfbx3y:47157&iata=00093796,"[{'stars': 5, 'count': 1755}, {'stars': 4, 'count': 989}, {'stars': 3, 'count': 422}, {'stars': 2, 'count': 159}, {'stars': 1, 'count': 218}]",3543,"[{'name': 'Location', 'description': 'Location', 'total_mentioned': 986, 'positive': 828, 'negative': 89, 'neutral': 69}, {'name': 'Parking', 'description': 'Parking', 'total_mentioned': 293, 'positive': 104, 'negative': 144, 'neutral': 45}, {'name': 'Service', 'description': 'Service', 'total_mentioned': 1035, 'positive': 750, 'negative': 223, 'neutral': 62}, {'name': 'Cleanliness', 'description': 'Cleanliness', 'total_mentioned': 675, 'positive': 479, 'negative': 155, 'neutral': 41}, {'name': 'Fitness', 'description': 'Fitness', 'total_mentioned': 180, 'positive': 91, 'negative': 69, 'neutral': 20}, {'name': 'Property', 'description': 'Property', 'total_mentioned': 1000, 'positive': 707, 'negative': 211, 'neutral': 82}]"
The Lafayette New Orleans by Kasa,"Landmark French Regency-style hotel offering wrought-iron balconies, warm rooms & a steakhouse.","{'latitude': 29.947718899999998, 'longitude': -90.07097519999999}",3,https://kasa.com/properties/the-lafayette-new-orleans-by-kasa?utm_source=Google&utm_medium=nonpaid&utm_campaign=GMB&utm_term=VisitHotelWebsiteButton&utm_content=LNO,"[{'stars': 5, 'count': 399}, {'stars': 4, 'count': 194}, {'stars': 3, 'count': 52}, {'stars': 2, 'count': 26}, {'stars': 1, 'count': 46}]",717,"[{'name': 'Service', 'description': 'Service', 'total_mentioned': 249, 'positive': 201, 'negative': 39, 'neutral': 9}, {'name': 'Property', 'description': 'Property', 'total_mentioned': 274, 'positive': 212, 'negative': 37, 'neutral': 25}, {'name': 'Location', 'description': 'Location', 'total_mentioned': 190, 'positive': 167, 'negative': 8, 'neutral': 15}, {'name': 'Cleanliness', 'description': 'Cleanliness', 'total_mentioned': 139, 'positive': 108, 'negative': 27, 'neutral': 4}, {'name': 'Bathroom', 'description': 'Bathroom and toiletries', 'total_mentioned': 57, 'positive': 12, 'negative': 39, 'neutral': 6}, {'name': 'Parking', 'description': 'Parking', 'total_mentioned': 43, 'positive': 18, 'negative': 16, 'neutral': 9}]"
Bourbon Orleans Hotel,"Elegant hotel offering an outdoor pool, a Creole restaurant & a bar with live entertainment.","{'latitude': 29.9587297, 'longitude': -90.06471499999999}",3,https://www.bourbonorleans.com/?utm_source=google-gbp&utm_medium=organic&utm_campaign=gbp,"[{'stars': 5, 'count': 1706}, {'stars': 4, 'count': 563}, {'stars': 3, 'count': 131}, {'stars': 2, 'count': 47}, {'stars': 1, 'count': 124}]",2571,"[{'name': 'Service', 'description': 'Service', 'total_mentioned': 864, 'positive': 699, 'negative': 122, 'neutral': 43}, {'name': 'Bar', 'description': 'Bar or lounge', 'total_mentioned': 264, 'positive': 215, 'negative': 28, 'neutral': 21}, {'name': 'Property', 'description': 'Property', 'total_mentioned': 905, 'positive': 737, 'negative': 101, 'neutral': 67}, {'name': 'Fitness', 'description': 'Fitness', 'total_mentioned': 170, 'positive': 134, 'negative': 25, 'neutral': 11}, {'name': 'Location', 'description': 'Location', 'total_mentioned': 593, 'positive': 535, 'negative': 28, 'neutral': 30}, {'name': 'Nightlife', 'description': 'Nightlife', 'total_mentioned': 155, 'positive': 126, 'negative': 17, 'neutral': 12}]"
Historic Mardi Gras Inn,"Relaxed hotel offering basic rooms & suites, plus continental breakfast & shared courtyards.","{'latitude': 29.9677528, 'longitude': -90.05527500000001}",2,http://www.historicmardigrasinn.com/,"[{'stars': 5, 'count': 314}, {'stars': 4, 'count': 150}, {'stars': 3, 'count': 87}, {'stars': 2, 'count': 54}, {'stars': 1, 'count': 130}]",735,"[{'name': 'Bathroom', 'description': 'Bathroom and toiletries', 'total_mentioned': 103, 'positive': 20, 'negative': 74, 'neutral': 9}, {'name': 'Cleanliness', 'description': 'Cleanliness', 'total_mentioned': 162, 'positive': 68, 'negative': 85, 'neutral': 9}, {'name': 'Sleep', 'description': 'Sleep', 'total_mentioned': 115, 'positive': 35, 'negative': 76, 'neutral': 4}, {'name': 'Property', 'description': 'Property', 'total_mentioned': 251, 'positive': 150, 'negative': 86, 'neutral': 15}, {'name': 'Breakfast', 'description': 'Breakfast', 'total_mentioned': 63, 'positive': 47, 'negative': 12, 'neutral': 4}, {'name': 'Service', 'description': 'Service', 'total_mentioned': 188, 'positive': 127, 'negative': 51, 'neutral': 10}]"
International House Hotel,"Plush rooms & suites, some with soaking tubs, in a chic hotel offering a posh bar & spa treatments.","{'latitude': 29.951235699999998, 'longitude': -90.06892769999999}",4,https://www.ihhotel.com/?utm_source=local&utm_medium=organic&utm_campaign=website_link,"[{'stars': 5, 'count': 569}, {'stars': 4, 'count': 206}, {'stars': 3, 'count': 76}, {'stars': 2, 'count': 49}, {'stars': 1, 'count': 58}]",958,"[{'name': 'Bar', 'description': 'Bar or lounge', 'total_mentioned': 191, 'positive': 143, 'negative': 29, 'neutral': 19}, {'name': 'Service', 'description': 'Service', 'total_mentioned': 366, 'positive': 282, 'negative': 62, 'neutral': 22}, {'name': 'Property', 'description': 'Property', 'total_mentioned': 397, 'positive': 296, 'negative': 70, 'neutral': 31}, {'name': 'Dining', 'description': 'Food and Beverage', 'total_mentioned': 136, 'positive': 107, 'negative': 18, 'neutral': 11}, {'name': 'Location', 'description': 'Location', 'total_mentioned': 226, 'positive': 189, 'negative': 13, 'neutral': 24}, {'name': 'Cleanliness', 'description': 'Cleanliness', 'total_mentioned': 153, 'positive': 108, 'negative': 37, 'neutral': 8}]"
Inn on St Ann,"Airy rooms & suites, some with balconies, in a refined hotel dating from 1830, plus a courtyard.","{'latitude': 29.960967799999995, 'longitude': -90.0668985}",3,https://www.frenchquarterguesthouses.com/our-hotels/inn-on-st-ann,"[{'stars': 5, 'count': 224}, {'stars': 4, 'count': 82}, {'stars': 3, 'count': 27}, {'stars': 2, 'count': 15}, {'stars': 1, 'count': 20}]",368,"[{'name': 'Property', 'description': 'Property', 'total_mentioned': 162, 'positive': 120, 'negative': 24, 'neutral': 18}, {'name': 'Location', 'description': 'Location', 'total_mentioned': 115, 'positive': 98, 'negative': 3, 'neutral': 14}, {'name': 'Service', 'description': 'Service', 'total_mentioned': 139, 'positive': 114, 'negative': 17, 'neutral': 8}, {'name': 'Cleanliness', 'description': 'Cleanliness', 'total_mentioned': 76, 'positive': 54, 'negative': 15, 'neutral': 7}, {'name': 'Room', 'description': 'Room amenities', 'total_mentioned': 48, 'positive': 16, 'negative': 24, 'neutral': 8}, {'name': 'Sleep', 'description': 'Sleep', 'total_mentioned': 59, 'positive': 25, 'negative': 23, 'neutral': 11}]"
Renaissance New Orleans Pere Marquette French Quarter Area Hotel,"Upmarket lodging with a coffee shop, a gym & club rooms with perks.","{'latitude': 29.9532311, 'longitude': -90.0717092}",4,https://www.marriott.com/en-us/hotels/msybr-renaissance-new-orleans-pere-marquette-french-quarter-area-hotel/overview/?scid=f2ae0541-1279-4f24-b197-a979c79310b0,"[{'stars': 5, 'count': 857}, {'stars': 4, 'count': 451}, {'stars': 3, 'count': 113}, {'stars': 2, 'count': 54}, {'stars': 1, 'count': 84}]",1559,"[{'name': 'Service', 'description': 'Service', 'total_mentioned': 516, 'positive': 410, 'negative': 76, 'neutral': 30}, {'name': 'Property', 'description': 'Property', 'total_mentioned': 519, 'positive': 396, 'negative': 82, 'neutral': 41}, {'name': 'Location', 'description': 'Location', 'total_mentioned': 343, 'positive': 285, 'negative': 20, 'neutral': 38}, {'name': 'Parking', 'description': 'Parking', 'total_mentioned': 80, 'positive': 28, 'negative': 42, 'neutral': 10}, {'name': 'Bathroom', 'description': 'Bathroom and toiletries', 'total_mentioned': 106, 'positive': 31, 'negative': 62, 'neutral': 13}, {'name': 'Bar', 'description': 'Bar or lounge', 'total_mentioned': 88, 'positive': 66, 'negative': 13, 'neutral': 9}]"
La Galerie Hotel French Quarter,"Unpretentious hotel with bright quarters & a casual restaurant, plus a fitness center & free Wi-Fi.","{'latitude': 29.952706300000003, 'longitude': -90.0667053}",3,https://www.lagaleriehotel.com/?utm_source=google&utm_medium=organic&utm_campaign=google_business,"[{'stars': 5, 'count': 494}, {'stars': 4, 'count': 221}, {'stars': 3, 'count': 93}, {'stars': 2, 'count': 50}, {'stars': 1, 'count': 79}]",937,"[{'name': 'Bathroom', 'description': 'Bathroom and toiletries', 'total_mentioned': 135, 'positive': 33, 'negative': 86, 'neutral': 16}, {'name': 'Service', 'description': 'Service', 'total_mentioned': 368, 'positive': 277, 'negative': 72, 'neutral': 19}, {'name': 'Sleep', 'description': 'Sleep', 'total_mentioned': 175, 'positive': 70, 'negative': 86, 'neutral': 19}, {'name': 'Location', 'description': 'Location', 'total_mentioned': 291, 'positive': 249, 'negative': 21, 'neutral': 21}, {'name': 'Property', 'description': 'Property', 'total_mentioned': 391, 'positive': 255, 'negative': 102, 'neutral': 34}, {'name': 'Parking', 'description': 'Parking', 'total_mentioned': 81, 'positive': 22, 'negative': 41, 'neutral': 18}]"
