Name,Description,Coordinates,Hotel Class,Link,Ratings,Reviews,Reviews Breakdown
#1212 12th FL SKYLINE CITYSCAPE VIEWS-ROOFTOP POOL,N/A,"{'latitude': 29.953861236572266, 'longitude': -90.0728530883789}",N/A,https://new.rentalsunited.com/Property/3782696?sc=554691,N/A,2,N/A
Catahoula New Orleans,"Low-key rooms in a chic hotel offering a stylish cocktail bar, plus a rooftop bar with city views","{'latitude': 29.951846099999994, 'longitude': -90.0732132}",2,https://catahoulahotel.com/,"[{'stars': 5, 'count': 359}, {'stars': 4, 'count': 141}, {'stars': 3, 'count': 45}, {'stars': 2, 'count': 45}, {'stars': 1, 'count': 97}]",687,"[{'name': 'Bar', 'description': 'Bar or lounge', 'total_mentioned': 199, 'positive': 156, 'negative': 22, 'neutral': 21}, {'name': 'Bathroom', 'description': 'Bathroom and toiletries', 'total_mentioned': 107, 'positive': 17, 'negative': 72, 'neutral': 18}, {'name': 'Sleep', 'description': 'Sleep', 'total_mentioned': 122, 'positive': 33, 'negative': 72, 'neutral': 17}, {'name': 'Dining', 'description': 'Food and Beverage', 'total_mentioned': 119, 'positive': 95, 'negative': 11, 'neutral': 13}, {'name': 'Property', 'description': 'Property', 'total_mentioned': 277, 'positive': 165, 'negative': 89, 'neutral': 23}, {'name': 'Room', 'description': 'Room amenities', 'total_mentioned': 97, 'positive': 22, 'negative': 62, 'neutral': 13}]"
"Blake Hotel New Orleans, BW Signature Collection","Traditional rooms with free Wi-Fi & city or park views, plus a casual cafe serving weekend brunch.","{'latitude': 29.949247099999997, 'longitude': -90.070604}",3,https://www.bestwestern.com/en_US/book/hotel-rooms.19120.html?iata=00171880&ssob=BLBWI0004G&cid=BLBWI0004G:google:gmb:19120,"[{'stars': 5, 'count': 460}, {'stars': 4, 'count': 355}, {'stars': 3, 'count': 208}, {'stars': 2, 'count': 112}, {'stars': 1, 'count': 208}]",1343,"[{'name': 'Parking', 'description': 'Parking', 'total_mentioned': 146, 'positive': 19, 'negative': 112, 'neutral': 15}, {'name': 'Cleanliness', 'description': 'Cleanliness', 'total_mentioned': 312, 'positive': 141, 'negative': 148, 'neutral': 23}, {'name': 'Bathroom', 'description': 'Bathroom and toiletries', 'total_mentioned': 173, 'positive': 20, 'negative': 139, 'neutral': 14}, {'name': 'Service', 'description': 'Service', 'total_mentioned': 459, 'positive': 269, 'negative': 164, 'neutral': 26}, {'name': 'Property', 'description': 'Property', 'total_mentioned': 480, 'positive': 249, 'negative': 182, 'neutral': 49}, {'name': 'Sleep', 'description': 'Sleep', 'total_mentioned': 194, 'positive': 37, 'negative': 128, 'neutral': 29}]"
Moxy New Orleans Downtown/French Quarter Area,"Contemporary hotel offering stylish quarters, plus a lively, 24-hour cafe/bar & a gym.","{'latitude': 29.953517299999994, 'longitude': -90.0731787}",3,https://www.marriott.com/en-us/hotels/msyof-moxy-new-orleans-downtown-french-quarter-area/overview/?scid=f2ae0541-1279-4f24-b197-a979c79310b0,"[{'stars': 5, 'count': 666}, {'stars': 4, 'count': 323}, {'stars': 3, 'count': 146}, {'stars': 2, 'count': 81}, {'stars': 1, 'count': 124}]",1340,"[{'name': 'Bar', 'description': 'Bar or lounge', 'total_mentioned': 260, 'positive': 174, 'negative': 51, 'neutral': 35}, {'name': 'Property', 'description': 'Property', 'total_mentioned': 504, 'positive': 320, 'negative': 126, 'neutral': 58}, {'name': 'Bathroom', 'description': 'Bathroom and toiletries', 'total_mentioned': 146, 'positive': 40, 'negative': 93, 'neutral': 13}, {'name': 'Service', 'description': 'Service', 'total_mentioned': 405, 'positive': 253, 'negative': 130, 'neutral': 22}, {'name': 'Dining', 'description': 'Food and Beverage', 'total_mentioned': 138, 'positive': 91, 'negative': 28, 'neutral': 19}, {'name': 'Parking', 'description': 'Parking', 'total_mentioned': 72, 'positive': 14, 'negative': 43, 'neutral': 15}]"
Aloft New Orleans Downtown,"Slick lodging with a funky lobby lounge & a cocktail bar, plus a rooftop pool & a fitness room.","{'latitude': 29.952657100000003, 'longitude': -90.0724602}",3,https://www.marriott.com/en-us/hotels/msyal-aloft-new-orleans-downtown/overview/?scid=f2ae0541-1279-4f24-b197-a979c79310b0,"[{'stars': 5, 'count': 883}, {'stars': 4, 'count': 412}, {'stars': 3, 'count': 144}, {'stars': 2, 'count': 59}, {'stars': 1, 'count': 117}]",1615,"[{'name': 'Pets', 'description': 'Pets', 'total_mentioned': 42, 'positive': 24, 'negative': 15, 'neutral': 3}, {'name': 'Service', 'description': 'Service', 'total_mentioned': 454, 'positive': 319, 'negative': 117, 'neutral': 18}, {'name': 'Bar', 'description': 'Bar or lounge', 'total_mentioned': 146, 'positive': 112, 'negative': 21, 'neutral': 13}, {'name': 'Parking', 'description': 'Parking', 'total_mentioned': 111, 'positive': 30, 'negative': 62, 'neutral': 19}, {'name': 'Fitness', 'description': 'Fitness', 'total_mentioned': 103, 'positive': 63, 'negative': 28, 'neutral': 12}, {'name': 'Property', 'description': 'Property', 'total_mentioned': 513, 'positive': 383, 'negative': 98, 'neutral': 32}]"
The Jung Hotel & Residences,"Modern rooms & suites in an upmarket hotel offering a restaurant, a cocktail bar & a rooftop pool.","{'latitude': 29.957205100000003, 'longitude': -90.0758125}",3,http://www.junghotel.com/,"[{'stars': 5, 'count': 1003}, {'stars': 4, 'count': 270}, {'stars': 3, 'count': 117}, {'stars': 2, 'count': 53}, {'stars': 1, 'count': 73}]",1516,"[{'name': 'Fitness', 'description': 'Fitness', 'total_mentioned': 124, 'positive': 65, 'negative': 39, 'neutral': 20}, {'name': 'Property', 'description': 'Property', 'total_mentioned': 540, 'positive': 444, 'negative': 55, 'neutral': 41}, {'name': 'Service', 'description': 'Service', 'total_mentioned': 408, 'positive': 299, 'negative': 83, 'neutral': 26}, {'name': 'Pool', 'description': 'Pool', 'total_mentioned': 74, 'positive': 49, 'negative': 13, 'neutral': 12}, {'name': 'Bathroom', 'description': 'Bathroom and toiletries', 'total_mentioned': 132, 'positive': 59, 'negative': 55, 'neutral': 18}, {'name': 'Parking', 'description': 'Parking', 'total_mentioned': 105, 'positive': 45, 'negative': 48, 'neutral': 12}]"
Club Wyndham Avenue Plaza,"Straightforward studios & 1-bedroom units with kitchenettes, plus a rooftop sundeck & 2 pools.","{'latitude': 29.9347516, 'longitude': -90.08004559999999}",3,https://www.avenueplazaresort.com/?Identifier=psearch&hotelid=3553&utm_medium=referral&utm_source=google.com-local&utm_campaign=yext&utm_content=avenueplazaresort,"[{'stars': 5, 'count': 1136}, {'stars': 4, 'count': 533}, {'stars': 3, 'count': 156}, {'stars': 2, 'count': 45}, {'stars': 1, 'count': 72}]",1942,"[{'name': 'Service', 'description': 'Service', 'total_mentioned': 634, 'positive': 537, 'negative': 73, 'neutral': 24}, {'name': 'Fitness', 'description': 'Fitness', 'total_mentioned': 101, 'positive': 74, 'negative': 14, 'neutral': 13}, {'name': 'Parking', 'description': 'Parking', 'total_mentioned': 106, 'positive': 42, 'negative': 46, 'neutral': 18}, {'name': 'Hot Tub', 'description': 'Hot tub', 'total_mentioned': 35, 'positive': 27, 'negative': 3, 'neutral': 5}, {'name': 'Location', 'description': 'Location', 'total_mentioned': 354, 'positive': 307, 'negative': 20, 'neutral': 27}, {'name': 'Property', 'description': 'Property', 'total_mentioned': 518, 'positive': 405, 'negative': 72, 'neutral': 41}]"
The Lafayette New Orleans by Kasa,"Landmark French Regency-style hotel offering wrought-iron balconies, warm rooms & a steakhouse.","{'latitude': 29.947718899999998, 'longitude': -90.07097519999999}",3,https://kasa.com/properties/the-lafayette-new-orleans-by-kasa?utm_source=Google&utm_medium=nonpaid&utm_campaign=GMB&utm_term=VisitHotelWebsiteButton&utm_content=LNO,"[{'stars': 5, 'count': 399}, {'stars': 4, 'count': 194}, {'stars': 3, 'count': 52}, {'stars': 2, 'count': 26}, {'stars': 1, 'count': 46}]",717,"[{'name': 'Service', 'description': 'Service', 'total_mentioned': 249, 'positive': 201, 'negative': 39, 'neutral': 9}, {'name': 'Property', 'description': 'Property', 'total_mentioned': 274, 'positive': 212, 'negative': 37, 'neutral': 25}, {'name': 'Location', 'description': 'Location', 'total_mentioned': 190, 'positive': 167, 'negative': 8, 'neutral': 15}, {'name': 'Cleanliness', 'description': 'Cleanliness', 'total_mentioned': 139, 'positive': 108, 'negative': 27, 'neutral': 4}, {'name': 'Bathroom', 'description': 'Bathroom and toiletries', 'total_mentioned': 57, 'positive': 12, 'negative': 39, 'neutral': 6}, {'name': 'Parking', 'description': 'Parking', 'total_mentioned': 43, 'positive': 18, 'negative': 16, 'neutral': 9}]"
Renaissance New Orleans Pere Marquette French Quarter Area Hotel,"Upmarket lodging with a coffee shop, a gym & club rooms with perks.","{'latitude': 29.9532311, 'longitude': -90.0717092}",4,https://www.marriott.com/en-us/hotels/msybr-renaissance-new-orleans-pere-marquette-french-quarter-area-hotel/overview/?scid=f2ae0541-1279-4f24-b197-a979c79310b0,"[{'stars': 5, 'count': 857}, {'stars': 4, 'count': 451}, {'stars': 3, 'count': 113}, {'stars': 2, 'count': 54}, {'stars': 1, 'count': 84}]",1559,"[{'name': 'Service', 'description': 'Service', 'total_mentioned': 516, 'positive': 410, 'negative': 76, 'neutral': 30}, {'name': 'Property', 'description': 'Property', 'total_mentioned': 519, 'positive': 396, 'negative': 82, 'neutral': 41}, {'name': 'Location', 'description': 'Location', 'total_mentioned': 343, 'positive': 285, 'negative': 20, 'neutral': 38}, {'name': 'Parking', 'description': 'Parking', 'total_mentioned': 80, 'positive': 28, 'negative': 42, 'neutral': 10}, {'name': 'Bathroom', 'description': 'Bathroom and toiletries', 'total_mentioned': 106, 'positive': 31, 'negative': 62, 'neutral': 13}, {'name': 'Bar', 'description': 'Bar or lounge', 'total_mentioned': 88, 'positive': 66, 'negative': 13, 'neutral': 9}]"
The Chloe.,"Chic rooms & suites in a refined hotel featuring a restaurant, 2 bars & an outdoor pool.","{'latitude': 29.9270805, 'longitude': -90.0993106}",4,https://www.thechloenola.com/,"[{'stars': 5, 'count': 249}, {'stars': 4, 'count': 31}, {'stars': 3, 'count': 18}, {'stars': 2, 'count': 15}, {'stars': 1, 'count': 6}]",319,"[{'name': 'Bar', 'description': 'Bar or lounge', 'total_mentioned': 88, 'positive': 66, 'negative': 13, 'neutral': 9}, {'name': 'Dining', 'description': 'Food and Beverage', 'total_mentioned': 82, 'positive': 66, 'negative': 9, 'neutral': 7}, {'name': 'Fitness', 'description': 'Fitness', 'total_mentioned': 35, 'positive': 30, 'negative': 3, 'neutral': 2}, {'name': 'Pool', 'description': 'Pool', 'total_mentioned': 21, 'positive': 19, 'negative': 2, 'neutral': 0}, {'name': 'Breakfast', 'description': 'Breakfast', 'total_mentioned': 35, 'positive': 31, 'negative': 1, 'neutral': 3}, {'name': 'Service', 'description': 'Service', 'total_mentioned': 89, 'positive': 69, 'negative': 16, 'neutral': 4}]"
1896 O'Malley House,Refined B&B featuring traditional rooms and a private courtyard.,"{'latitude': 29.973172599999998, 'longitude': -90.0997652}",3,https://www.1896omalleyhouse.com/,"[{'stars': 5, 'count': 95}, {'stars': 4, 'count': 6}, {'stars': 3, 'count': 3}, {'stars': 2, 'count': 3}, {'stars': 1, 'count': 2}]",109,"[{'name': 'Breakfast', 'description': 'Breakfast', 'total_mentioned': 36, 'positive': 32, 'negative': 3, 'neutral': 1}, {'name': 'Restaurant', 'description': 'Restaurant', 'total_mentioned': 21, 'positive': 18, 'negative': 1, 'neutral': 2}, {'name': 'Sleep', 'description': 'Sleep', 'total_mentioned': 25, 'positive': 19, 'negative': 2, 'neutral': 4}, {'name': 'Location', 'description': 'Location', 'total_mentioned': 28, 'positive': 27, 'negative': 0, 'neutral': 1}, {'name': 'Service', 'description': 'Service', 'total_mentioned': 33, 'positive': 32, 'negative': 1, 'neutral': 0}, {'name': 'Property', 'description': 'Property', 'total_mentioned': 37, 'positive': 33, 'negative': 3, 'neutral': 1}]"
"St Charles Coach House, Ascend Hotel Collection","Relaxed hotel offering a bar/restaurant, a lounge & meeting space, plus complimentary Wi-Fi.","{'latitude': 29.935491599999995, 'longitude': -90.0792062}",3,https://www.choicehotels.com/louisiana/new-orleans/ascend-hotels/la087?mc=llgoxxpx,"[{'stars': 5, 'count': 347}, {'stars': 4, 'count': 112}, {'stars': 3, 'count': 36}, {'stars': 2, 'count': 9}, {'stars': 1, 'count': 15}]",519,"[{'name': 'Parking', 'description': 'Parking', 'total_mentioned': 66, 'positive': 52, 'negative': 6, 'neutral': 8}, {'name': 'Service', 'description': 'Service', 'total_mentioned': 196, 'positive': 172, 'negative': 12, 'neutral': 12}, {'name': 'Property', 'description': 'Property', 'total_mentioned': 205, 'positive': 187, 'negative': 11, 'neutral': 7}, {'name': 'Cleanliness', 'description': 'Cleanliness', 'total_mentioned': 110, 'positive': 90, 'negative': 14, 'neutral': 6}, {'name': 'Location', 'description': 'Location', 'total_mentioned': 118, 'positive': 103, 'negative': 4, 'neutral': 11}, {'name': 'Sleep', 'description': 'Sleep', 'total_mentioned': 59, 'positive': 41, 'negative': 13, 'neutral': 5}]"
"NOPSI Hotel, New Orleans","Refined hotel featuring a cocktail lounge & relaxed dining, plus a rooftop pool, bar & gym.","{'latitude': 29.952048800000004, 'longitude': -90.07265}",4,http://www.nopsihotel.com/,"[{'stars': 5, 'count': 1120}, {'stars': 4, 'count': 294}, {'stars': 3, 'count': 110}, {'stars': 2, 'count': 49}, {'stars': 1, 'count': 87}]",1660,"[{'name': 'Bar', 'description': 'Bar or lounge', 'total_mentioned': 307, 'positive': 233, 'negative': 41, 'neutral': 33}, {'name': 'Fitness', 'description': 'Fitness', 'total_mentioned': 164, 'positive': 126, 'negative': 24, 'neutral': 14}, {'name': 'Pool', 'description': 'Pool', 'total_mentioned': 114, 'positive': 99, 'negative': 8, 'neutral': 7}, {'name': 'Dining', 'description': 'Food and Beverage', 'total_mentioned': 222, 'positive': 166, 'negative': 37, 'neutral': 19}, {'name': 'Service', 'description': 'Service', 'total_mentioned': 504, 'positive': 383, 'negative': 93, 'neutral': 28}, {'name': 'Property', 'description': 'Property', 'total_mentioned': 553, 'positive': 456, 'negative': 65, 'neutral': 32}]"
Hyatt Regency New Orleans,"Luxe lodging offering cozy quarters with city views, plus entertainment, dining & a rooftop pool.","{'latitude': 29.9494838, 'longitude': -90.0764379}",4,https://www.hyatt.com/hyatt-regency/en-US/msyrn-hyatt-regency-new-orleans/?src=corp_lclb_gmb_seo_msyrn,"[{'stars': 5, 'count': 4677}, {'stars': 4, 'count': 1754}, {'stars': 3, 'count': 538}, {'stars': 2, 'count': 194}, {'stars': 1, 'count': 287}]",7450,"[{'name': 'Business', 'description': 'Business', 'total_mentioned': 412, 'positive': 259, 'negative': 76, 'neutral': 77}, {'name': 'Accessibility', 'description': 'Accessibility', 'total_mentioned': 382, 'positive': 131, 'negative': 192, 'neutral': 59}, {'name': 'Property', 'description': 'Property', 'total_mentioned': 1925, 'positive': 1519, 'negative': 268, 'neutral': 138}, {'name': 'Service', 'description': 'Service', 'total_mentioned': 1493, 'positive': 1173, 'negative': 267, 'neutral': 53}, {'name': 'Parking', 'description': 'Parking', 'total_mentioned': 260, 'positive': 103, 'negative': 120, 'neutral': 37}, {'name': 'Dining', 'description': 'Food and Beverage', 'total_mentioned': 366, 'positive': 250, 'negative': 87, 'neutral': 29}]"
Sully Mansion,Elegant bed-&-breakfast in a 19th-century mansion with a furnished veranda & a courtyard.,"{'latitude': 29.9304824, 'longitude': -90.0842991}",4,http://sullymansion.com/,"[{'stars': 5, 'count': 124}, {'stars': 4, 'count': 11}, {'stars': 3, 'count': 3}, {'stars': 2, 'count': 1}, {'stars': 1, 'count': 1}]",140,"[{'name': 'Couples', 'description': 'Couple friendly', 'total_mentioned': 20, 'positive': 18, 'negative': 0, 'neutral': 2}, {'name': 'Breakfast', 'description': 'Breakfast', 'total_mentioned': 41, 'positive': 38, 'negative': 2, 'neutral': 1}, {'name': 'Restaurant', 'description': 'Restaurant', 'total_mentioned': 23, 'positive': 21, 'negative': 2, 'neutral': 0}, {'name': 'Service', 'description': 'Service', 'total_mentioned': 54, 'positive': 51, 'negative': 1, 'neutral': 2}, {'name': 'Location', 'description': 'Location', 'total_mentioned': 49, 'positive': 45, 'negative': 0, 'neutral': 4}, {'name': 'Sleep', 'description': 'Sleep', 'total_mentioned': 25, 'positive': 20, 'negative': 3, 'neutral': 2}]"
Margaret Place,"Refined hotel in an 1850s house offering 5 chic rooms, plus an outdoor pool & a bar.","{'latitude': 29.9408306, 'longitude': -90.0724201}",N/A,https://www.margaretplacehotel.com/,"[{'stars': 5, 'count': 93}, {'stars': 4, 'count': 5}, {'stars': 3, 'count': 2}, {'stars': 2, 'count': 1}, {'stars': 1, 'count': 2}]",103,"[{'name': 'Couples', 'description': 'Couple friendly', 'total_mentioned': 12, 'positive': 10, 'negative': 1, 'neutral': 1}, {'name': 'Hot Tub', 'description': 'Hot tub', 'total_mentioned': 7, 'positive': 6, 'negative': 1, 'neutral': 0}, {'name': 'Bathroom', 'description': 'Bathroom and toiletries', 'total_mentioned': 16, 'positive': 12, 'negative': 2, 'neutral': 2}, {'name': 'Property', 'description': 'Property', 'total_mentioned': 42, 'positive': 38, 'negative': 2, 'neutral': 2}, {'name': 'Service', 'description': 'Service', 'total_mentioned': 30, 'positive': 27, 'negative': 3, 'neutral': 0}, {'name': 'Nightlife', 'description': 'Nightlife', 'total_mentioned': 5, 'positive': 3, 'negative': 1, 'neutral': 1}]"
Garden District Hotel Collection,"Polished rooms & suites in a stately hotel connected by courtyards, plus free breakfast & Wi-Fi.","{'latitude': 29.938013, 'longitude': -90.07464759999999}",2,N/A,"[{'stars': 5, 'count': 70}, {'stars': 4, 'count': 47}, {'stars': 3, 'count': 7}, {'stars': 2, 'count': 4}, {'stars': 1, 'count': 9}]",137,"[{'name': 'Property', 'description': 'Property', 'total_mentioned': 67, 'positive': 54, 'negative': 8, 'neutral': 5}, {'name': 'Breakfast', 'description': 'Breakfast', 'total_mentioned': 19, 'positive': 11, 'negative': 5, 'neutral': 3}, {'name': 'Location', 'description': 'Location', 'total_mentioned': 45, 'positive': 38, 'negative': 1, 'neutral': 6}, {'name': 'Service', 'description': 'Service', 'total_mentioned': 40, 'positive': 30, 'negative': 7, 'neutral': 3}, {'name': 'Parking', 'description': 'Parking', 'total_mentioned': 14, 'positive': 12, 'negative': 1, 'neutral': 1}, {'name': 'Couples', 'description': 'Couple friendly', 'total_mentioned': 6, 'positive': 4, 'negative': 0, 'neutral': 2}]"
Maison Perrier Bed & Breakfast,"Period-inspired rooms in a 19th-century house with free cooked breakfast, afternoon tea & Wi-Fi.","{'latitude': 29.924661599999997, 'longitude': -90.09893900000002}",3,http://www.maisonperrier.com/,"[{'stars': 5, 'count': 80}, {'stars': 4, 'count': 5}, {'stars': 3, 'count': 1}, {'stars': 2, 'count': 1}, {'stars': 1, 'count': 0}]",87,"[{'name': 'Breakfast', 'description': 'Breakfast', 'total_mentioned': 34, 'positive': 29, 'negative': 2, 'neutral': 3}, {'name': 'Restaurant', 'description': 'Restaurant', 'total_mentioned': 19, 'positive': 16, 'negative': 2, 'neutral': 1}, {'name': 'Sleep', 'description': 'Sleep', 'total_mentioned': 24, 'positive': 20, 'negative': 1, 'neutral': 3}, {'name': 'Service', 'description': 'Service', 'total_mentioned': 45, 'positive': 45, 'negative': 0, 'neutral': 0}, {'name': 'Couples', 'description': 'Couple friendly', 'total_mentioned': 5, 'positive': 4, 'negative': 0, 'neutral': 1}, {'name': 'Location', 'description': 'Location', 'total_mentioned': 31, 'positive': 29, 'negative': 0, 'neutral': 2}]"
La Belle Esplanade,"Polished suites in a colorful Victorian B&B, plus a locally sourced continental breakfast buffet.","{'latitude': 29.973085299999997, 'longitude': -90.07453439999999}",3,https://labelleesplanade.com/,"[{'stars': 5, 'count': 45}, {'stars': 4, 'count': 5}, {'stars': 3, 'count': 2}, {'stars': 2, 'count': 0}, {'stars': 1, 'count': 2}]",54,"[{'name': 'Breakfast', 'description': 'Breakfast', 'total_mentioned': 9, 'positive': 9, 'negative': 0, 'neutral': 0}, {'name': 'Restaurant', 'description': 'Restaurant', 'total_mentioned': 6, 'positive': 6, 'negative': 0, 'neutral': 0}, {'name': 'Location', 'description': 'Location', 'total_mentioned': 18, 'positive': 18, 'negative': 0, 'neutral': 0}, {'name': 'Service', 'description': 'Service', 'total_mentioned': 18, 'positive': 17, 'negative': 1, 'neutral': 0}, {'name': 'Safety', 'description': 'Safety', 'total_mentioned': 6, 'positive': 6, 'negative': 0, 'neutral': 0}, {'name': 'Property', 'description': 'Property', 'total_mentioned': 20, 'positive': 19, 'negative': 1, 'neutral': 0}]"
