Name,Description,Coordinates,Hotel Class,Link,Ratings,Reviews,Reviews Breakdown
Red Roof Inn New Orleans - Westbank,N/A,"{'latitude': 29.895479599999994, 'longitude': -90.08826309999999}",2,https://www.redroof.com/property/la/Harvey/RRI1087?utm_source=GMB&utm_medium=Google&utm_campaign=GMB_Performance_RRI1087,"[{'stars': 5, 'count': 66}, {'stars': 4, 'count': 33}, {'stars': 3, 'count': 60}, {'stars': 2, 'count': 25}, {'stars': 1, 'count': 170}]",354,"[{'name': 'Cleanliness', 'description': 'Cleanliness', 'total_mentioned': 113, 'positive': 15, 'negative': 94, 'neutral': 4}, {'name': 'Bathroom', 'description': 'Bathroom and toiletries', 'total_mentioned': 72, 'positive': 3, 'negative': 67, 'neutral': 2}, {'name': 'Sleep', 'description': 'Sleep', 'total_mentioned': 82, 'positive': 4, 'negative': 76, 'neutral': 2}, {'name': 'Property', 'description': 'Property', 'total_mentioned': 98, 'positive': 22, 'negative': 70, 'neutral': 6}, {'name': 'Pets', 'description': 'Pets', 'total_mentioned': 8, 'positive': 3, 'negative': 5, 'neutral': 0}, {'name': 'Kitchen', 'description': 'Kitchen', 'total_mentioned': 27, 'positive': 3, 'negative': 22, 'neutral': 2}]"
#1212 12th FL SKYLINE CITYSCAPE VIEWS-ROOFTOP POOL,N/A,"{'latitude': 29.953861236572266, 'longitude': -90.0728530883789}",N/A,https://new.rentalsunited.com/Property/3782696?sc=554691,N/A,2,N/A
The Chloe.,"Chic rooms & suites in a refined hotel featuring a restaurant, 2 bars & an outdoor pool.","{'latitude': 29.9270805, 'longitude': -90.0993106}",4,https://www.thechloenola.com/,"[{'stars': 5, 'count': 249}, {'stars': 4, 'count': 31}, {'stars': 3, 'count': 18}, {'stars': 2, 'count': 15}, {'stars': 1, 'count': 6}]",319,"[{'name': 'Bar', 'description': 'Bar or lounge', 'total_mentioned': 88, 'positive': 66, 'negative': 13, 'neutral': 9}, {'name': 'Dining', 'description': 'Food and Beverage', 'total_mentioned': 82, 'positive': 66, 'negative': 9, 'neutral': 7}, {'name': 'Fitness', 'description': 'Fitness', 'total_mentioned': 35, 'positive': 30, 'negative': 3, 'neutral': 2}, {'name': 'Pool', 'description': 'Pool', 'total_mentioned': 21, 'positive': 19, 'negative': 2, 'neutral': 0}, {'name': 'Breakfast', 'description': 'Breakfast', 'total_mentioned': 35, 'positive': 31, 'negative': 1, 'neutral': 3}, {'name': 'Service', 'description': 'Service', 'total_mentioned': 89, 'positive': 69, 'negative': 16, 'neutral': 4}]"
TownePlace Suites New Orleans Harvey/West Bank,"Laid-back extended-stay hotel offering free breakfast, Wi-Fi & parking, plus an outdoor pool.","{'latitude': 29.878306700000003, 'longitude': -90.05243589999999}",3,https://www.marriott.com/en-us/hotels/msyhv-towneplace-suites-new-orleans-harvey-west-bank/overview/?scid=f2ae0541-1279-4f24-b197-a979c79310b0,"[{'stars': 5, 'count': 263}, {'stars': 4, 'count': 135}, {'stars': 3, 'count': 44}, {'stars': 2, 'count': 35}, {'stars': 1, 'count': 46}]",523,"[{'name': 'Breakfast', 'description': 'Breakfast', 'total_mentioned': 54, 'positive': 31, 'negative': 17, 'neutral': 6}, {'name': 'Service', 'description': 'Service', 'total_mentioned': 140, 'positive': 100, 'negative': 36, 'neutral': 4}, {'name': 'Property', 'description': 'Property', 'total_mentioned': 147, 'positive': 107, 'negative': 32, 'neutral': 8}, {'name': 'Cleanliness', 'description': 'Cleanliness', 'total_mentioned': 101, 'positive': 64, 'negative': 33, 'neutral': 4}, {'name': 'Gym', 'description': 'Gym', 'total_mentioned': 6, 'positive': 2, 'negative': 3, 'neutral': 1}, {'name': 'Pets', 'description': 'Pets', 'total_mentioned': 11, 'positive': 5, 'negative': 5, 'neutral': 1}]"
Catahoula New Orleans,"Low-key rooms in a chic hotel offering a stylish cocktail bar, plus a rooftop bar with city views","{'latitude': 29.951846099999994, 'longitude': -90.0732132}",2,https://catahoulahotel.com/,"[{'stars': 5, 'count': 359}, {'stars': 4, 'count': 141}, {'stars': 3, 'count': 45}, {'stars': 2, 'count': 45}, {'stars': 1, 'count': 97}]",687,"[{'name': 'Bar', 'description': 'Bar or lounge', 'total_mentioned': 199, 'positive': 156, 'negative': 22, 'neutral': 21}, {'name': 'Bathroom', 'description': 'Bathroom and toiletries', 'total_mentioned': 107, 'positive': 17, 'negative': 72, 'neutral': 18}, {'name': 'Sleep', 'description': 'Sleep', 'total_mentioned': 122, 'positive': 33, 'negative': 72, 'neutral': 17}, {'name': 'Dining', 'description': 'Food and Beverage', 'total_mentioned': 119, 'positive': 95, 'negative': 11, 'neutral': 13}, {'name': 'Property', 'description': 'Property', 'total_mentioned': 277, 'positive': 165, 'negative': 89, 'neutral': 23}, {'name': 'Room', 'description': 'Room amenities', 'total_mentioned': 97, 'positive': 22, 'negative': 62, 'neutral': 13}]"
888 Baronne,Chic units with kitchens & eclectic decor in a trendy apartment hotel offering a gym & rooftop pool.,"{'latitude': 29.945228399999998, 'longitude': -90.0744274}",4,N/A,"[{'stars': 5, 'count': 192}, {'stars': 4, 'count': 54}, {'stars': 3, 'count': 9}, {'stars': 2, 'count': 10}, {'stars': 1, 'count': 37}]",302,"[{'name': 'Fitness', 'description': 'Fitness', 'total_mentioned': 49, 'positive': 33, 'negative': 14, 'neutral': 2}, {'name': 'Pool', 'description': 'Pool', 'total_mentioned': 31, 'positive': 24, 'negative': 6, 'neutral': 1}, {'name': 'Parking', 'description': 'Parking', 'total_mentioned': 28, 'positive': 8, 'negative': 13, 'neutral': 7}, {'name': 'Bathroom', 'description': 'Bathroom and toiletries', 'total_mentioned': 36, 'positive': 8, 'negative': 22, 'neutral': 6}, {'name': 'Cleanliness', 'description': 'Cleanliness', 'total_mentioned': 55, 'positive': 25, 'negative': 24, 'neutral': 6}, {'name': 'Property', 'description': 'Property', 'total_mentioned': 98, 'positive': 69, 'negative': 22, 'neutral': 7}]"
Studio Apartment Antonine,N/A,"{'latitude': 29.918574499999995, 'longitude': -90.0910768}",N/A,N/A,"[{'stars': 5, 'count': 7}, {'stars': 4, 'count': 0}, {'stars': 3, 'count': 0}, {'stars': 2, 'count': 0}, {'stars': 1, 'count': 0}]",7,N/A
The Pelham Hotel,Homey hotel with an old-world vibe offering a cozy restaurant & complimentary Wi-Fi.,"{'latitude': 29.9509937, 'longitude': -90.0672534}",3,http://www.thepelhamhotel.com/,"[{'stars': 5, 'count': 513}, {'stars': 4, 'count': 263}, {'stars': 3, 'count': 94}, {'stars': 2, 'count': 40}, {'stars': 1, 'count': 79}]",989,"[{'name': 'Property', 'description': 'Property', 'total_mentioned': 414, 'positive': 304, 'negative': 81, 'neutral': 29}, {'name': 'Service', 'description': 'Service', 'total_mentioned': 330, 'positive': 247, 'negative': 72, 'neutral': 11}, {'name': 'Location', 'description': 'Location', 'total_mentioned': 275, 'positive': 236, 'negative': 9, 'neutral': 30}, {'name': 'Parking', 'description': 'Parking', 'total_mentioned': 80, 'positive': 17, 'negative': 51, 'neutral': 12}, {'name': 'Cleanliness', 'description': 'Cleanliness', 'total_mentioned': 185, 'positive': 132, 'negative': 37, 'neutral': 16}, {'name': 'Bathroom', 'description': 'Bathroom and toiletries', 'total_mentioned': 72, 'positive': 26, 'negative': 41, 'neutral': 5}]"
Club Wyndham La Belle Maison,N/A,"{'latitude': 29.950931899999997, 'longitude': -90.06785479999999}",4,https://www.extraholidays.com/new-orleans-louisiana/wyndham-la-belle-maison?Identifier=psearch&hotelid=15444&utm_medium=referral&utm_source=google.com-local&utm_campaign=yext&utm_content=wynlabellemaison,"[{'stars': 5, 'count': 1112}, {'stars': 4, 'count': 379}, {'stars': 3, 'count': 85}, {'stars': 2, 'count': 25}, {'stars': 1, 'count': 45}]",1646,"[{'name': 'Location', 'description': 'Location', 'total_mentioned': 417, 'positive': 375, 'negative': 13, 'neutral': 29}, {'name': 'Service', 'description': 'Service', 'total_mentioned': 459, 'positive': 389, 'negative': 45, 'neutral': 25}, {'name': 'Property', 'description': 'Property', 'total_mentioned': 542, 'positive': 480, 'negative': 24, 'neutral': 38}, {'name': 'Parking', 'description': 'Parking', 'total_mentioned': 102, 'positive': 41, 'negative': 45, 'neutral': 16}, {'name': 'Wellness', 'description': 'Wellness', 'total_mentioned': 22, 'positive': 18, 'negative': 2, 'neutral': 2}, {'name': 'Fitness', 'description': 'Fitness', 'total_mentioned': 72, 'positive': 42, 'negative': 22, 'neutral': 8}]"
The Lookout Inn of New Orleans,"Quirky, colorful guesthouse suites, offering free WiFi & minifridges, plus outdoor saltwater pool.","{'latitude': 29.962202099999995, 'longitude': -90.03192539999999}",2,http://www.lookoutneworleans.com/,"[{'stars': 5, 'count': 68}, {'stars': 4, 'count': 6}, {'stars': 3, 'count': 0}, {'stars': 2, 'count': 1}, {'stars': 1, 'count': 1}]",76,"[{'name': 'Hot Tub', 'description': 'Hot tub', 'total_mentioned': 17, 'positive': 17, 'negative': 0, 'neutral': 0}, {'name': 'Fitness', 'description': 'Fitness', 'total_mentioned': 25, 'positive': 24, 'negative': 0, 'neutral': 1}, {'name': 'Pool', 'description': 'Pool', 'total_mentioned': 15, 'positive': 14, 'negative': 1, 'neutral': 0}, {'name': 'Pets', 'description': 'Pets', 'total_mentioned': 6, 'positive': 5, 'negative': 1, 'neutral': 0}, {'name': 'Bathroom', 'description': 'Bathroom and toiletries', 'total_mentioned': 23, 'positive': 20, 'negative': 0, 'neutral': 3}, {'name': 'Bar', 'description': 'Bar or lounge', 'total_mentioned': 13, 'positive': 12, 'negative': 0, 'neutral': 1}]"
Margaret Place,"Refined hotel in an 1850s house offering 5 chic rooms, plus an outdoor pool & a bar.","{'latitude': 29.9408306, 'longitude': -90.0724201}",N/A,https://www.margaretplacehotel.com/,"[{'stars': 5, 'count': 93}, {'stars': 4, 'count': 5}, {'stars': 3, 'count': 2}, {'stars': 2, 'count': 1}, {'stars': 1, 'count': 2}]",103,"[{'name': 'Couples', 'description': 'Couple friendly', 'total_mentioned': 12, 'positive': 10, 'negative': 1, 'neutral': 1}, {'name': 'Hot Tub', 'description': 'Hot tub', 'total_mentioned': 7, 'positive': 6, 'negative': 1, 'neutral': 0}, {'name': 'Bathroom', 'description': 'Bathroom and toiletries', 'total_mentioned': 16, 'positive': 12, 'negative': 2, 'neutral': 2}, {'name': 'Property', 'description': 'Property', 'total_mentioned': 42, 'positive': 38, 'negative': 2, 'neutral': 2}, {'name': 'Service', 'description': 'Service', 'total_mentioned': 30, 'positive': 27, 'negative': 3, 'neutral': 0}, {'name': 'Nightlife', 'description': 'Nightlife', 'total_mentioned': 5, 'positive': 3, 'negative': 1, 'neutral': 1}]"
Sully Mansion,Elegant bed-&-breakfast in a 19th-century mansion with a furnished veranda & a courtyard.,"{'latitude': 29.9304824, 'longitude': -90.0842991}",4,http://sullymansion.com/,"[{'stars': 5, 'count': 124}, {'stars': 4, 'count': 11}, {'stars': 3, 'count': 3}, {'stars': 2, 'count': 1}, {'stars': 1, 'count': 1}]",140,"[{'name': 'Couples', 'description': 'Couple friendly', 'total_mentioned': 20, 'positive': 18, 'negative': 0, 'neutral': 2}, {'name': 'Breakfast', 'description': 'Breakfast', 'total_mentioned': 41, 'positive': 38, 'negative': 2, 'neutral': 1}, {'name': 'Restaurant', 'description': 'Restaurant', 'total_mentioned': 23, 'positive': 21, 'negative': 2, 'neutral': 0}, {'name': 'Service', 'description': 'Service', 'total_mentioned': 54, 'positive': 51, 'negative': 1, 'neutral': 2}, {'name': 'Location', 'description': 'Location', 'total_mentioned': 49, 'positive': 45, 'negative': 0, 'neutral': 4}, {'name': 'Sleep', 'description': 'Sleep', 'total_mentioned': 25, 'positive': 20, 'negative': 3, 'neutral': 2}]"
Gorgeous 1BD's in Merchant Lofts by Hosteeva,N/A,"{'latitude': 29.9510737, 'longitude': -90.0676664}",3,http://www.hosteeva.com/travel,"[{'stars': 5, 'count': 94}, {'stars': 4, 'count': 34}, {'stars': 3, 'count': 11}, {'stars': 2, 'count': 10}, {'stars': 1, 'count': 21}]",170,"[{'name': 'Room', 'description': 'Room amenities', 'total_mentioned': 37, 'positive': 14, 'negative': 18, 'neutral': 5}, {'name': 'Cleanliness', 'description': 'Cleanliness', 'total_mentioned': 45, 'positive': 30, 'negative': 14, 'neutral': 1}, {'name': 'Kitchen', 'description': 'Kitchen', 'total_mentioned': 18, 'positive': 12, 'negative': 4, 'neutral': 2}, {'name': 'Sleep', 'description': 'Sleep', 'total_mentioned': 35, 'positive': 4, 'negative': 25, 'neutral': 6}, {'name': 'Location', 'description': 'Location', 'total_mentioned': 55, 'positive': 48, 'negative': 3, 'neutral': 4}, {'name': 'TV', 'description': 'Room entertainment', 'total_mentioned': 12, 'positive': 6, 'negative': 4, 'neutral': 2}]"
Garden District Hotel Collection,"Polished rooms & suites in a stately hotel connected by courtyards, plus free breakfast & Wi-Fi.","{'latitude': 29.938013, 'longitude': -90.07464759999999}",2,N/A,"[{'stars': 5, 'count': 70}, {'stars': 4, 'count': 47}, {'stars': 3, 'count': 7}, {'stars': 2, 'count': 4}, {'stars': 1, 'count': 9}]",137,"[{'name': 'Property', 'description': 'Property', 'total_mentioned': 67, 'positive': 54, 'negative': 8, 'neutral': 5}, {'name': 'Breakfast', 'description': 'Breakfast', 'total_mentioned': 19, 'positive': 11, 'negative': 5, 'neutral': 3}, {'name': 'Location', 'description': 'Location', 'total_mentioned': 45, 'positive': 38, 'negative': 1, 'neutral': 6}, {'name': 'Service', 'description': 'Service', 'total_mentioned': 40, 'positive': 30, 'negative': 7, 'neutral': 3}, {'name': 'Parking', 'description': 'Parking', 'total_mentioned': 14, 'positive': 12, 'negative': 1, 'neutral': 1}, {'name': 'Couples', 'description': 'Couple friendly', 'total_mentioned': 6, 'positive': 4, 'negative': 0, 'neutral': 2}]"
Maison Dupuy Hotel,"Elegant rooms in 5 adjoining townhouses, plus an outdoor pool, an American bistro & a courtyard.","{'latitude': 29.959336999999998, 'longitude': -90.0683102}",3,http://www.maisondupuy.com/,"[{'stars': 5, 'count': 874}, {'stars': 4, 'count': 486}, {'stars': 3, 'count': 200}, {'stars': 2, 'count': 83}, {'stars': 1, 'count': 114}]",1757,"[{'name': 'Fitness', 'description': 'Fitness', 'total_mentioned': 153, 'positive': 105, 'negative': 34, 'neutral': 14}, {'name': 'Service', 'description': 'Service', 'total_mentioned': 573, 'positive': 430, 'negative': 113, 'neutral': 30}, {'name': 'Location', 'description': 'Location', 'total_mentioned': 458, 'positive': 387, 'negative': 30, 'neutral': 41}, {'name': 'Property', 'description': 'Property', 'total_mentioned': 602, 'positive': 387, 'negative': 154, 'neutral': 61}, {'name': 'Pool', 'description': 'Pool', 'total_mentioned': 91, 'positive': 76, 'negative': 8, 'neutral': 7}, {'name': 'Room', 'description': 'Room amenities', 'total_mentioned': 188, 'positive': 61, 'negative': 109, 'neutral': 18}]"
Lafitte Hotel and Bar,"Antiques-furnished rooms & suites, some with balconies, in a restored 1849 home with an art gallery.","{'latitude': 29.961171500000003, 'longitude': -90.0634762}",3,https://www.lafittehotelandbar.com/,"[{'stars': 5, 'count': 183}, {'stars': 4, 'count': 34}, {'stars': 3, 'count': 14}, {'stars': 2, 'count': 10}, {'stars': 1, 'count': 11}]",252,"[{'name': 'Bar', 'description': 'Bar or lounge', 'total_mentioned': 60, 'positive': 42, 'negative': 14, 'neutral': 4}, {'name': 'Service', 'description': 'Service', 'total_mentioned': 86, 'positive': 74, 'negative': 8, 'neutral': 4}, {'name': 'Property', 'description': 'Property', 'total_mentioned': 92, 'positive': 75, 'negative': 8, 'neutral': 9}, {'name': 'Nightlife', 'description': 'Nightlife', 'total_mentioned': 19, 'positive': 16, 'negative': 0, 'neutral': 3}, {'name': 'Room', 'description': 'Room amenities', 'total_mentioned': 36, 'positive': 25, 'negative': 7, 'neutral': 4}, {'name': 'Dining', 'description': 'Food and Beverage', 'total_mentioned': 31, 'positive': 23, 'negative': 5, 'neutral': 3}]"
The Natchez Vacation Rentals,"Chic, upscale condos with kitchens & exposed brick in a restored 1830 building with an outdoor pool.","{'latitude': 29.949826, 'longitude': -90.0687341}",4,http://www.thenatchez.com/,"[{'stars': 5, 'count': 140}, {'stars': 4, 'count': 25}, {'stars': 3, 'count': 8}, {'stars': 2, 'count': 0}, {'stars': 1, 'count': 11}]",184,"[{'name': 'Hot Tub', 'description': 'Hot tub', 'total_mentioned': 13, 'positive': 12, 'negative': 1, 'neutral': 0}, {'name': 'Fitness', 'description': 'Fitness', 'total_mentioned': 20, 'positive': 18, 'negative': 1, 'neutral': 1}, {'name': 'Bathroom', 'description': 'Bathroom and toiletries', 'total_mentioned': 36, 'positive': 28, 'negative': 8, 'neutral': 0}, {'name': 'Location', 'description': 'Location', 'total_mentioned': 60, 'positive': 56, 'negative': 1, 'neutral': 3}, {'name': 'Family', 'description': 'Family friendly', 'total_mentioned': 16, 'positive': 12, 'negative': 3, 'neutral': 1}, {'name': 'Service', 'description': 'Service', 'total_mentioned': 54, 'positive': 46, 'negative': 8, 'neutral': 0}]"
French Quarter RV Resort,"Near the French Quarter, this park offers 52 paved sites with hookups, an outdoor pool & clubhouse.","{'latitude': 29.9618151, 'longitude': -90.0732716}",N/A,http://fqrv.com/,"[{'stars': 5, 'count': 535}, {'stars': 4, 'count': 146}, {'stars': 3, 'count': 34}, {'stars': 2, 'count': 17}, {'stars': 1, 'count': 44}]",776,"[{'name': 'Location', 'description': 'Location', 'total_mentioned': 340, 'positive': 254, 'negative': 23, 'neutral': 63}, {'name': 'Cleanliness', 'description': 'Cleanliness', 'total_mentioned': 195, 'positive': 178, 'negative': 14, 'neutral': 3}, {'name': 'Safety', 'description': 'Safety', 'total_mentioned': 156, 'positive': 128, 'negative': 17, 'neutral': 11}, {'name': 'Air Conditioning', 'description': 'Air conditioning', 'total_mentioned': 10, 'positive': 2, 'negative': 6, 'neutral': 2}, {'name': 'Wi-Fi', 'description': 'Wi-Fi', 'total_mentioned': 30, 'positive': 11, 'negative': 16, 'neutral': 3}]"
Maison Perrier Bed & Breakfast,"Period-inspired rooms in a 19th-century house with free cooked breakfast, afternoon tea & Wi-Fi.","{'latitude': 29.924661599999997, 'longitude': -90.09893900000002}",3,http://www.maisonperrier.com/,"[{'stars': 5, 'count': 80}, {'stars': 4, 'count': 5}, {'stars': 3, 'count': 1}, {'stars': 2, 'count': 1}, {'stars': 1, 'count': 0}]",87,"[{'name': 'Breakfast', 'description': 'Breakfast', 'total_mentioned': 34, 'positive': 29, 'negative': 2, 'neutral': 3}, {'name': 'Restaurant', 'description': 'Restaurant', 'total_mentioned': 19, 'positive': 16, 'negative': 2, 'neutral': 1}, {'name': 'Sleep', 'description': 'Sleep', 'total_mentioned': 24, 'positive': 20, 'negative': 1, 'neutral': 3}, {'name': 'Service', 'description': 'Service', 'total_mentioned': 45, 'positive': 45, 'negative': 0, 'neutral': 0}, {'name': 'Couples', 'description': 'Couple friendly', 'total_mentioned': 5, 'positive': 4, 'negative': 0, 'neutral': 1}, {'name': 'Location', 'description': 'Location', 'total_mentioned': 31, 'positive': 29, 'negative': 0, 'neutral': 2}]"
