Name,Description,Coordinates,Hotel Class,Link,Ratings,Reviews,Reviews Breakdown
TownePlace Suites New Orleans Harvey/West Bank,"Laid-back extended-stay hotel offering free breakfast, Wi-Fi & parking, plus an outdoor pool.","{'latitude': 29.878306700000003, 'longitude': -90.05243589999999}",3,https://www.marriott.com/en-us/hotels/msyhv-towneplace-suites-new-orleans-harvey-west-bank/overview/?scid=f2ae0541-1279-4f24-b197-a979c79310b0,"[{'stars': 5, 'count': 263}, {'stars': 4, 'count': 135}, {'stars': 3, 'count': 44}, {'stars': 2, 'count': 35}, {'stars': 1, 'count': 46}]",523,"[{'name': 'Breakfast', 'description': 'Breakfast', 'total_mentioned': 54, 'positive': 31, 'negative': 17, 'neutral': 6}, {'name': 'Service', 'description': 'Service', 'total_mentioned': 140, 'positive': 100, 'negative': 36, 'neutral': 4}, {'name': 'Property', 'description': 'Property', 'total_mentioned': 147, 'positive': 107, 'negative': 32, 'neutral': 8}, {'name': 'Cleanliness', 'description': 'Cleanliness', 'total_mentioned': 101, 'positive': 64, 'negative': 33, 'neutral': 4}, {'name': 'Gym', 'description': 'Gym', 'total_mentioned': 6, 'positive': 2, 'negative': 3, 'neutral': 1}, {'name': 'Pets', 'description': 'Pets', 'total_mentioned': 11, 'positive': 5, 'negative': 5, 'neutral': 1}]"
Red Roof Inn New Orleans - Westbank,N/A,"{'latitude': 29.895479599999994, 'longitude': -90.08826309999999}",2,https://www.redroof.com/property/la/Harvey/RRI1087?utm_source=GMB&utm_medium=Google&utm_campaign=GMB_Performance_RRI1087,"[{'stars': 5, 'count': 66}, {'stars': 4, 'count': 33}, {'stars': 3, 'count': 60}, {'stars': 2, 'count': 25}, {'stars': 1, 'count': 170}]",354,"[{'name': 'Cleanliness', 'description': 'Cleanliness', 'total_mentioned': 113, 'positive': 15, 'negative': 94, 'neutral': 4}, {'name': 'Bathroom', 'description': 'Bathroom and toiletries', 'total_mentioned': 72, 'positive': 3, 'negative': 67, 'neutral': 2}, {'name': 'Sleep', 'description': 'Sleep', 'total_mentioned': 82, 'positive': 4, 'negative': 76, 'neutral': 2}, {'name': 'Property', 'description': 'Property', 'total_mentioned': 98, 'positive': 22, 'negative': 70, 'neutral': 6}, {'name': 'Pets', 'description': 'Pets', 'total_mentioned': 8, 'positive': 3, 'negative': 5, 'neutral': 0}, {'name': 'Kitchen', 'description': 'Kitchen', 'total_mentioned': 27, 'positive': 3, 'negative': 22, 'neutral': 2}]"
Club Wyndham Avenue Plaza,"Straightforward studios & 1-bedroom units with kitchenettes, plus a rooftop sundeck & 2 pools.","{'latitude': 29.9347516, 'longitude': -90.08004559999999}",3,https://www.avenueplazaresort.com/?Identifier=psearch&hotelid=3553&utm_medium=referral&utm_source=google.com-local&utm_campaign=yext&utm_content=avenueplazaresort,"[{'stars': 5, 'count': 1136}, {'stars': 4, 'count': 533}, {'stars': 3, 'count': 156}, {'stars': 2, 'count': 45}, {'stars': 1, 'count': 72}]",1942,"[{'name': 'Service', 'description': 'Service', 'total_mentioned': 634, 'positive': 537, 'negative': 73, 'neutral': 24}, {'name': 'Fitness', 'description': 'Fitness', 'total_mentioned': 101, 'positive': 74, 'negative': 14, 'neutral': 13}, {'name': 'Parking', 'description': 'Parking', 'total_mentioned': 106, 'positive': 42, 'negative': 46, 'neutral': 18}, {'name': 'Hot Tub', 'description': 'Hot tub', 'total_mentioned': 35, 'positive': 27, 'negative': 3, 'neutral': 5}, {'name': 'Location', 'description': 'Location', 'total_mentioned': 354, 'positive': 307, 'negative': 20, 'neutral': 27}, {'name': 'Property', 'description': 'Property', 'total_mentioned': 518, 'positive': 405, 'negative': 72, 'neutral': 41}]"
The Chloe.,"Chic rooms & suites in a refined hotel featuring a restaurant, 2 bars & an outdoor pool.","{'latitude': 29.9270805, 'longitude': -90.0993106}",4,https://www.thechloenola.com/,"[{'stars': 5, 'count': 249}, {'stars': 4, 'count': 31}, {'stars': 3, 'count': 18}, {'stars': 2, 'count': 15}, {'stars': 1, 'count': 6}]",319,"[{'name': 'Bar', 'description': 'Bar or lounge', 'total_mentioned': 88, 'positive': 66, 'negative': 13, 'neutral': 9}, {'name': 'Dining', 'description': 'Food and Beverage', 'total_mentioned': 82, 'positive': 66, 'negative': 9, 'neutral': 7}, {'name': 'Fitness', 'description': 'Fitness', 'total_mentioned': 35, 'positive': 30, 'negative': 3, 'neutral': 2}, {'name': 'Pool', 'description': 'Pool', 'total_mentioned': 21, 'positive': 19, 'negative': 2, 'neutral': 0}, {'name': 'Breakfast', 'description': 'Breakfast', 'total_mentioned': 35, 'positive': 31, 'negative': 1, 'neutral': 3}, {'name': 'Service', 'description': 'Service', 'total_mentioned': 89, 'positive': 69, 'negative': 16, 'neutral': 4}]"
"Blake Hotel New Orleans, BW Signature Collection","Traditional rooms with free Wi-Fi & city or park views, plus a casual cafe serving weekend brunch.","{'latitude': 29.949247099999997, 'longitude': -90.070604}",3,https://www.bestwestern.com/en_US/book/hotel-rooms.19120.html?iata=00171880&ssob=BLBWI0004G&cid=BLBWI0004G:google:gmb:19120,"[{'stars': 5, 'count': 460}, {'stars': 4, 'count': 355}, {'stars': 3, 'count': 208}, {'stars': 2, 'count': 112}, {'stars': 1, 'count': 208}]",1343,"[{'name': 'Parking', 'description': 'Parking', 'total_mentioned': 146, 'positive': 19, 'negative': 112, 'neutral': 15}, {'name': 'Cleanliness', 'description': 'Cleanliness', 'total_mentioned': 312, 'positive': 141, 'negative': 148, 'neutral': 23}, {'name': 'Bathroom', 'description': 'Bathroom and toiletries', 'total_mentioned': 173, 'positive': 20, 'negative': 139, 'neutral': 14}, {'name': 'Service', 'description': 'Service', 'total_mentioned': 459, 'positive': 269, 'negative': 164, 'neutral': 26}, {'name': 'Property', 'description': 'Property', 'total_mentioned': 480, 'positive': 249, 'negative': 182, 'neutral': 49}, {'name': 'Sleep', 'description': 'Sleep', 'total_mentioned': 194, 'positive': 37, 'negative': 128, 'neutral': 29}]"
"The Mercantile Hotel New Orleans, LA","Upscale all-suite hotel set in a restored sugar refinery, plus a fitness center & free breakfast.","{'latitude': 29.9455734, 'longitude': -90.066036}",3,https://themercantilehotelneworleans.com/,"[{'stars': 5, 'count': 461}, {'stars': 4, 'count': 121}, {'stars': 3, 'count': 46}, {'stars': 2, 'count': 33}, {'stars': 1, 'count': 55}]",716,"[{'name': 'Property', 'description': 'Property', 'total_mentioned': 334, 'positive': 260, 'negative': 53, 'neutral': 21}, {'name': 'Bar', 'description': 'Bar or lounge', 'total_mentioned': 84, 'positive': 61, 'negative': 13, 'neutral': 10}, {'name': 'Service', 'description': 'Service', 'total_mentioned': 273, 'positive': 200, 'negative': 62, 'neutral': 11}, {'name': 'Parking', 'description': 'Parking', 'total_mentioned': 63, 'positive': 20, 'negative': 35, 'neutral': 8}, {'name': 'Breakfast', 'description': 'Breakfast', 'total_mentioned': 73, 'positive': 40, 'negative': 24, 'neutral': 9}, {'name': 'Location', 'description': 'Location', 'total_mentioned': 191, 'positive': 152, 'negative': 15, 'neutral': 24}]"
Sully Mansion,Elegant bed-&-breakfast in a 19th-century mansion with a furnished veranda & a courtyard.,"{'latitude': 29.9304824, 'longitude': -90.0842991}",4,http://sullymansion.com/,"[{'stars': 5, 'count': 124}, {'stars': 4, 'count': 11}, {'stars': 3, 'count': 3}, {'stars': 2, 'count': 1}, {'stars': 1, 'count': 1}]",140,"[{'name': 'Couples', 'description': 'Couple friendly', 'total_mentioned': 20, 'positive': 18, 'negative': 0, 'neutral': 2}, {'name': 'Breakfast', 'description': 'Breakfast', 'total_mentioned': 41, 'positive': 38, 'negative': 2, 'neutral': 1}, {'name': 'Restaurant', 'description': 'Restaurant', 'total_mentioned': 23, 'positive': 21, 'negative': 2, 'neutral': 0}, {'name': 'Service', 'description': 'Service', 'total_mentioned': 54, 'positive': 51, 'negative': 1, 'neutral': 2}, {'name': 'Location', 'description': 'Location', 'total_mentioned': 49, 'positive': 45, 'negative': 0, 'neutral': 4}, {'name': 'Sleep', 'description': 'Sleep', 'total_mentioned': 25, 'positive': 20, 'negative': 3, 'neutral': 2}]"
Margaret Place,"Refined hotel in an 1850s house offering 5 chic rooms, plus an outdoor pool & a bar.","{'latitude': 29.9408306, 'longitude': -90.0724201}",N/A,https://www.margaretplacehotel.com/,"[{'stars': 5, 'count': 93}, {'stars': 4, 'count': 5}, {'stars': 3, 'count': 2}, {'stars': 2, 'count': 1}, {'stars': 1, 'count': 2}]",103,"[{'name': 'Couples', 'description': 'Couple friendly', 'total_mentioned': 12, 'positive': 10, 'negative': 1, 'neutral': 1}, {'name': 'Hot Tub', 'description': 'Hot tub', 'total_mentioned': 7, 'positive': 6, 'negative': 1, 'neutral': 0}, {'name': 'Bathroom', 'description': 'Bathroom and toiletries', 'total_mentioned': 16, 'positive': 12, 'negative': 2, 'neutral': 2}, {'name': 'Property', 'description': 'Property', 'total_mentioned': 42, 'positive': 38, 'negative': 2, 'neutral': 2}, {'name': 'Service', 'description': 'Service', 'total_mentioned': 30, 'positive': 27, 'negative': 3, 'neutral': 0}, {'name': 'Nightlife', 'description': 'Nightlife', 'total_mentioned': 5, 'positive': 3, 'negative': 1, 'neutral': 1}]"
Hyatt Regency New Orleans,"Luxe lodging offering cozy quarters with city views, plus entertainment, dining & a rooftop pool.","{'latitude': 29.9494838, 'longitude': -90.0764379}",4,https://www.hyatt.com/hyatt-regency/en-US/msyrn-hyatt-regency-new-orleans/?src=corp_lclb_gmb_seo_msyrn,"[{'stars': 5, 'count': 4677}, {'stars': 4, 'count': 1754}, {'stars': 3, 'count': 538}, {'stars': 2, 'count': 194}, {'stars': 1, 'count': 287}]",7450,"[{'name': 'Business', 'description': 'Business', 'total_mentioned': 412, 'positive': 259, 'negative': 76, 'neutral': 77}, {'name': 'Accessibility', 'description': 'Accessibility', 'total_mentioned': 382, 'positive': 131, 'negative': 192, 'neutral': 59}, {'name': 'Property', 'description': 'Property', 'total_mentioned': 1925, 'positive': 1519, 'negative': 268, 'neutral': 138}, {'name': 'Service', 'description': 'Service', 'total_mentioned': 1493, 'positive': 1173, 'negative': 267, 'neutral': 53}, {'name': 'Parking', 'description': 'Parking', 'total_mentioned': 260, 'positive': 103, 'negative': 120, 'neutral': 37}, {'name': 'Dining', 'description': 'Food and Beverage', 'total_mentioned': 366, 'positive': 250, 'negative': 87, 'neutral': 29}]"
The Lafayette New Orleans by Kasa,"Landmark French Regency-style hotel offering wrought-iron balconies, warm rooms & a steakhouse.","{'latitude': 29.947718899999998, 'longitude': -90.07097519999999}",3,https://kasa.com/properties/the-lafayette-new-orleans-by-kasa?utm_source=Google&utm_medium=nonpaid&utm_campaign=GMB&utm_term=VisitHotelWebsiteButton&utm_content=LNO,"[{'stars': 5, 'count': 399}, {'stars': 4, 'count': 194}, {'stars': 3, 'count': 52}, {'stars': 2, 'count': 26}, {'stars': 1, 'count': 46}]",717,"[{'name': 'Service', 'description': 'Service', 'total_mentioned': 249, 'positive': 201, 'negative': 39, 'neutral': 9}, {'name': 'Property', 'description': 'Property', 'total_mentioned': 274, 'positive': 212, 'negative': 37, 'neutral': 25}, {'name': 'Location', 'description': 'Location', 'total_mentioned': 190, 'positive': 167, 'negative': 8, 'neutral': 15}, {'name': 'Cleanliness', 'description': 'Cleanliness', 'total_mentioned': 139, 'positive': 108, 'negative': 27, 'neutral': 4}, {'name': 'Bathroom', 'description': 'Bathroom and toiletries', 'total_mentioned': 57, 'positive': 12, 'negative': 39, 'neutral': 6}, {'name': 'Parking', 'description': 'Parking', 'total_mentioned': 43, 'positive': 18, 'negative': 16, 'neutral': 9}]"
Studio Apartment Antonine,N/A,"{'latitude': 29.918574499999995, 'longitude': -90.0910768}",N/A,N/A,"[{'stars': 5, 'count': 7}, {'stars': 4, 'count': 0}, {'stars': 3, 'count': 0}, {'stars': 2, 'count': 0}, {'stars': 1, 'count': 0}]",7,N/A
Omni Riverfront Hotel,"Upscale rooms with 42-inch TVs, coffeemakers & Wi-Fi, plus bistro/bar & a fitness center.","{'latitude': 29.945520799999997, 'longitude': -90.06488709999999}",4,https://www.omnihotels.com/hotels/new-orleans-riverfront?utm_source=gmblisting&utm_medium=organic,"[{'stars': 5, 'count': 1003}, {'stars': 4, 'count': 451}, {'stars': 3, 'count': 153}, {'stars': 2, 'count': 94}, {'stars': 1, 'count': 111}]",1812,"[{'name': 'Service', 'description': 'Service', 'total_mentioned': 588, 'positive': 456, 'negative': 107, 'neutral': 25}, {'name': 'Parking', 'description': 'Parking', 'total_mentioned': 110, 'positive': 38, 'negative': 57, 'neutral': 15}, {'name': 'Location', 'description': 'Location', 'total_mentioned': 356, 'positive': 307, 'negative': 22, 'neutral': 27}, {'name': 'Property', 'description': 'Property', 'total_mentioned': 528, 'positive': 390, 'negative': 102, 'neutral': 36}, {'name': 'Cleanliness', 'description': 'Cleanliness', 'total_mentioned': 240, 'positive': 167, 'negative': 64, 'neutral': 9}, {'name': 'Bar', 'description': 'Bar or lounge', 'total_mentioned': 99, 'positive': 61, 'negative': 25, 'neutral': 13}]"
Maison Perrier Bed & Breakfast,"Period-inspired rooms in a 19th-century house with free cooked breakfast, afternoon tea & Wi-Fi.","{'latitude': 29.924661599999997, 'longitude': -90.09893900000002}",3,http://www.maisonperrier.com/,"[{'stars': 5, 'count': 80}, {'stars': 4, 'count': 5}, {'stars': 3, 'count': 1}, {'stars': 2, 'count': 1}, {'stars': 1, 'count': 0}]",87,"[{'name': 'Breakfast', 'description': 'Breakfast', 'total_mentioned': 34, 'positive': 29, 'negative': 2, 'neutral': 3}, {'name': 'Restaurant', 'description': 'Restaurant', 'total_mentioned': 19, 'positive': 16, 'negative': 2, 'neutral': 1}, {'name': 'Sleep', 'description': 'Sleep', 'total_mentioned': 24, 'positive': 20, 'negative': 1, 'neutral': 3}, {'name': 'Service', 'description': 'Service', 'total_mentioned': 45, 'positive': 45, 'negative': 0, 'neutral': 0}, {'name': 'Couples', 'description': 'Couple friendly', 'total_mentioned': 5, 'positive': 4, 'negative': 0, 'neutral': 1}, {'name': 'Location', 'description': 'Location', 'total_mentioned': 31, 'positive': 29, 'negative': 0, 'neutral': 2}]"
Garden District Hotel Collection,"Polished rooms & suites in a stately hotel connected by courtyards, plus free breakfast & Wi-Fi.","{'latitude': 29.938013, 'longitude': -90.07464759999999}",2,N/A,"[{'stars': 5, 'count': 70}, {'stars': 4, 'count': 47}, {'stars': 3, 'count': 7}, {'stars': 2, 'count': 4}, {'stars': 1, 'count': 9}]",137,"[{'name': 'Property', 'description': 'Property', 'total_mentioned': 67, 'positive': 54, 'negative': 8, 'neutral': 5}, {'name': 'Breakfast', 'description': 'Breakfast', 'total_mentioned': 19, 'positive': 11, 'negative': 5, 'neutral': 3}, {'name': 'Location', 'description': 'Location', 'total_mentioned': 45, 'positive': 38, 'negative': 1, 'neutral': 6}, {'name': 'Service', 'description': 'Service', 'total_mentioned': 40, 'positive': 30, 'negative': 7, 'neutral': 3}, {'name': 'Parking', 'description': 'Parking', 'total_mentioned': 14, 'positive': 12, 'negative': 1, 'neutral': 1}, {'name': 'Couples', 'description': 'Couple friendly', 'total_mentioned': 6, 'positive': 4, 'negative': 0, 'neutral': 2}]"
Henry Howard Hotel,"Refined hotel in a grand 1867 building offering luxe rooms, plus a stylish lounge with a bar.","{'latitude': 29.933829499999998, 'longitude': -90.078644}",3,http://www.henryhowardhotel.com/,"[{'stars': 5, 'count': 128}, {'stars': 4, 'count': 21}, {'stars': 3, 'count': 5}, {'stars': 2, 'count': 2}, {'stars': 1, 'count': 8}]",164,"[{'name': 'Couples', 'description': 'Couple friendly', 'total_mentioned': 17, 'positive': 13, 'negative': 2, 'neutral': 2}, {'name': 'Service', 'description': 'Service', 'total_mentioned': 91, 'positive': 82, 'negative': 5, 'neutral': 4}, {'name': 'Property', 'description': 'Property', 'total_mentioned': 84, 'positive': 79, 'negative': 3, 'neutral': 2}, {'name': 'Bar', 'description': 'Bar or lounge', 'total_mentioned': 20, 'positive': 18, 'negative': 1, 'neutral': 1}, {'name': 'Sleep', 'description': 'Sleep', 'total_mentioned': 26, 'positive': 20, 'negative': 6, 'neutral': 0}, {'name': 'Family', 'description': 'Family friendly', 'total_mentioned': 9, 'positive': 8, 'negative': 0, 'neutral': 1}]"
Le Pavillon Hotel,"Luxe hotel with baroque decor offering elegant rooms & suites, plus a cocktail bar & event space.","{'latitude': 29.9505233, 'longitude': -90.0727996}",4,https://www.lepavillon.com/?utm_source=google&utm_medium=organic&utm_campaign=gbp_listing,"[{'stars': 5, 'count': 1343}, {'stars': 4, 'count': 460}, {'stars': 3, 'count': 210}, {'stars': 2, 'count': 136}, {'stars': 1, 'count': 217}]",2366,"[{'name': 'Bathroom', 'description': 'Bathroom and toiletries', 'total_mentioned': 310, 'positive': 55, 'negative': 220, 'neutral': 35}, {'name': 'Service', 'description': 'Service', 'total_mentioned': 849, 'positive': 555, 'negative': 232, 'neutral': 62}, {'name': 'Fitness', 'description': 'Fitness', 'total_mentioned': 198, 'positive': 76, 'negative': 99, 'neutral': 23}, {'name': 'Property', 'description': 'Property', 'total_mentioned': 930, 'positive': 673, 'negative': 184, 'neutral': 73}, {'name': 'Bar', 'description': 'Bar or lounge', 'total_mentioned': 215, 'positive': 143, 'negative': 51, 'neutral': 21}, {'name': 'Parking', 'description': 'Parking', 'total_mentioned': 165, 'positive': 49, 'negative': 81, 'neutral': 35}]"
The Pontchartrain Hotel,"Storied hideaway dating from 1927 & offering luxe suites, 2 eateries, a coffee shop & a rooftop bar.","{'latitude': 29.934991999999994, 'longitude': -90.0796649}",4,https://thepontchartrainhotel.com/?utm_source=google-gbp&utm_medium=organic&utm_campaign=gbp,"[{'stars': 5, 'count': 867}, {'stars': 4, 'count': 229}, {'stars': 3, 'count': 69}, {'stars': 2, 'count': 30}, {'stars': 1, 'count': 49}]",1244,"[{'name': 'Bar', 'description': 'Bar or lounge', 'total_mentioned': 358, 'positive': 298, 'negative': 31, 'neutral': 29}, {'name': 'Dining', 'description': 'Food and Beverage', 'total_mentioned': 233, 'positive': 187, 'negative': 20, 'neutral': 26}, {'name': 'Nature', 'description': 'Nature and outdoor activities', 'total_mentioned': 31, 'positive': 31, 'negative': 0, 'neutral': 0}, {'name': 'Property', 'description': 'Property', 'total_mentioned': 358, 'positive': 298, 'negative': 35, 'neutral': 25}, {'name': 'Service', 'description': 'Service', 'total_mentioned': 289, 'positive': 233, 'negative': 48, 'neutral': 8}, {'name': 'Room', 'description': 'Room amenities', 'total_mentioned': 110, 'positive': 71, 'negative': 28, 'neutral': 11}]"
888 Baronne,Chic units with kitchens & eclectic decor in a trendy apartment hotel offering a gym & rooftop pool.,"{'latitude': 29.945228399999998, 'longitude': -90.0744274}",4,N/A,"[{'stars': 5, 'count': 192}, {'stars': 4, 'count': 54}, {'stars': 3, 'count': 9}, {'stars': 2, 'count': 10}, {'stars': 1, 'count': 37}]",302,"[{'name': 'Fitness', 'description': 'Fitness', 'total_mentioned': 49, 'positive': 33, 'negative': 14, 'neutral': 2}, {'name': 'Pool', 'description': 'Pool', 'total_mentioned': 31, 'positive': 24, 'negative': 6, 'neutral': 1}, {'name': 'Parking', 'description': 'Parking', 'total_mentioned': 28, 'positive': 8, 'negative': 13, 'neutral': 7}, {'name': 'Bathroom', 'description': 'Bathroom and toiletries', 'total_mentioned': 36, 'positive': 8, 'negative': 22, 'neutral': 6}, {'name': 'Cleanliness', 'description': 'Cleanliness', 'total_mentioned': 55, 'positive': 25, 'negative': 24, 'neutral': 6}, {'name': 'Property', 'description': 'Property', 'total_mentioned': 98, 'positive': 69, 'negative': 22, 'neutral': 7}]"
