Name,Description,Coordinates,Latitude,Longitude,Hotel Class,Link,Ratings,Reviews,Reviews Breakdown,Address
Thousand Trails Forest Lake,"Woodsy cabins with kitchens, plus a pool, a hot tub, sports courts, mini-golf & a relaxed eatery.","{'latitude': 35.860118, 'longitude': -80.396121}",35.860118,-80.396121,2,https://thousandtrails.com/north-carolina/forest-lake-rv-camping-resort/?utm_source=yext&utm_medium=directory&utm_campaign=Yext%20Directory%20Listing,"[{'stars': 5, 'count': 379}, {'stars': 4, 'count': 201}, {'stars': 3, 'count': 86}, {'stars': 2, 'count': 36}, {'stars': 1, 'count': 71}]",773,"[{'name': 'Property', 'description': 'Property', 'total_mentioned': 104, 'positive': 79, 'negative': 16, 'neutral': 9}, {'name': 'Family', 'description': 'Family friendly', 'total_mentioned': 86, 'positive': 62, 'negative': 14, 'neutral': 10}, {'name': 'Service', 'description': 'Service', 'total_mentioned': 120, 'positive': 77, 'negative': 30, 'neutral': 13}, {'name': 'Sleep', 'description': 'Sleep', 'total_mentioned': 17, 'positive': 4, 'negative': 10, 'neutral': 3}, {'name': 'Wi-Fi', 'description': 'Wi-Fi', 'total_mentioned': 17, 'positive': 1, 'negative': 13, 'neutral': 3}, {'name': 'Room', 'description': 'Room amenities', 'total_mentioned': 42, 'positive': 9, 'negative': 27, 'neutral': 6}]","498, Thousand Trails Drive, Davie County, North Carolina, 27006, United States"
TownePlace Suites New Orleans Metairie,"Relaxed all-suite hotel with free Wi-Fi & continental breakfast, plus a gym & an outdoor pool.","{'latitude': 29.9646448, 'longitude': -90.1912036}",29.9646448,-90.1912036,2,https://www.marriott.com/en-us/hotels/msytm-towneplace-suites-new-orleans-metairie/overview/?scid=f2ae0541-1279-4f24-b197-a979c79310b0,"[{'stars': 5, 'count': 296}, {'stars': 4, 'count': 188}, {'stars': 3, 'count': 72}, {'stars': 2, 'count': 39}, {'stars': 1, 'count': 67}]",662,"[{'name': 'Accessibility', 'description': 'Accessibility', 'total_mentioned': 11, 'positive': 2, 'negative': 8, 'neutral': 1}, {'name': 'Pool', 'description': 'Pool', 'total_mentioned': 12, 'positive': 11, 'negative': 0, 'neutral': 1}, {'name': 'Nightlife', 'description': 'Nightlife', 'total_mentioned': 9, 'positive': 6, 'negative': 0, 'neutral': 3}, {'name': 'Transit', 'description': 'Public transit', 'total_mentioned': 8, 'positive': 6, 'negative': 0, 'neutral': 2}, {'name': 'Gym', 'description': 'Gym', 'total_mentioned': 5, 'positive': 2, 'negative': 1, 'neutral': 2}, {'name': 'Service', 'description': 'Service', 'total_mentioned': 175, 'positive': 130, 'negative': 38, 'neutral': 7}]","TownePlace Suites New Orleans Metairie, 5424, Citrus Boulevard, Elmwood, Jefferson Parish, Louisiana, 70123, United States"
Red Roof Inn New Orleans - Westbank,,"{'latitude': 29.895479599999994, 'longitude': -90.08826309999999}",29.895479599999994,-90.0882631,2,https://www.redroof.com/property/la/Harvey/RRI1087?utm_source=GMB&utm_medium=Google&utm_campaign=GMB_Performance_RRI1087,"[{'stars': 5, 'count': 66}, {'stars': 4, 'count': 33}, {'stars': 3, 'count': 60}, {'stars': 2, 'count': 25}, {'stars': 1, 'count': 170}]",354,"[{'name': 'Cleanliness', 'description': 'Cleanliness', 'total_mentioned': 113, 'positive': 15, 'negative': 94, 'neutral': 4}, {'name': 'Bathroom', 'description': 'Bathroom and toiletries', 'total_mentioned': 72, 'positive': 3, 'negative': 67, 'neutral': 2}, {'name': 'Sleep', 'description': 'Sleep', 'total_mentioned': 82, 'positive': 4, 'negative': 76, 'neutral': 2}, {'name': 'Property', 'description': 'Property', 'total_mentioned': 98, 'positive': 22, 'negative': 70, 'neutral': 6}, {'name': 'Pets', 'description': 'Pets', 'total_mentioned': 8, 'positive': 3, 'negative': 5, 'neutral': 0}, {'name': 'Kitchen', 'description': 'Kitchen', 'total_mentioned': 27, 'positive': 3, 'negative': 22, 'neutral': 2}]","3754, Westbank Expressway, Harvey, Jefferson Parish, Louisiana, 70058, United States"
Catahoula New Orleans,"Low-key rooms in a chic hotel offering a stylish cocktail bar, plus a rooftop bar with city views","{'latitude': 29.951846099999994, 'longitude': -90.0732132}",29.951846099999997,-90.0732132,2,https://catahoulahotel.com/,"[{'stars': 5, 'count': 359}, {'stars': 4, 'count': 141}, {'stars': 3, 'count': 45}, {'stars': 2, 'count': 45}, {'stars': 1, 'count': 97}]",687,"[{'name': 'Bar', 'description': 'Bar or lounge', 'total_mentioned': 199, 'positive': 156, 'negative': 22, 'neutral': 21}, {'name': 'Bathroom', 'description': 'Bathroom and toiletries', 'total_mentioned': 107, 'positive': 17, 'negative': 72, 'neutral': 18}, {'name': 'Sleep', 'description': 'Sleep', 'total_mentioned': 122, 'positive': 33, 'negative': 72, 'neutral': 17}, {'name': 'Dining', 'description': 'Food and Beverage', 'total_mentioned': 119, 'positive': 95, 'negative': 11, 'neutral': 13}, {'name': 'Property', 'description': 'Property', 'total_mentioned': 277, 'positive': 165, 'negative': 89, 'neutral': 23}, {'name': 'Room', 'description': 'Room amenities', 'total_mentioned': 97, 'positive': 22, 'negative': 62, 'neutral': 13}]","Perdido Street, Storyville, New Orleans, Orleans Parish, Louisiana, 70112, United States"
Garden District Hotel Collection,"Polished rooms & suites in a stately hotel connected by courtyards, plus free breakfast & Wi-Fi.","{'latitude': 29.938013, 'longitude': -90.07464759999999}",29.938013,-90.0746476,2,,"[{'stars': 5, 'count': 70}, {'stars': 4, 'count': 47}, {'stars': 3, 'count': 7}, {'stars': 2, 'count': 4}, {'stars': 1, 'count': 9}]",137,"[{'name': 'Property', 'description': 'Property', 'total_mentioned': 67, 'positive': 54, 'negative': 8, 'neutral': 5}, {'name': 'Breakfast', 'description': 'Breakfast', 'total_mentioned': 19, 'positive': 11, 'negative': 5, 'neutral': 3}, {'name': 'Location', 'description': 'Location', 'total_mentioned': 45, 'positive': 38, 'negative': 1, 'neutral': 6}, {'name': 'Service', 'description': 'Service', 'total_mentioned': 40, 'positive': 30, 'negative': 7, 'neutral': 3}, {'name': 'Parking', 'description': 'Parking', 'total_mentioned': 14, 'positive': 12, 'negative': 1, 'neutral': 1}, {'name': 'Couples', 'description': 'Couple friendly', 'total_mentioned': 6, 'positive': 4, 'negative': 0, 'neutral': 2}]","The Prytania Park Hotel, Terpsichore Street, Lower Garden District, Garden District, New Orleans, Orleans Parish, Louisiana, 70130, United States"
Red Roof Inn Battle Creek,"Simple rooms in an unassuming hotel offering a heated pool, plus  parking & Wi-Fi access.","{'latitude': 42.260063099999996, 'longitude': -85.1967715}",42.2600631,-85.1967715,2,https://www.redroof.com/property/mi/battle-creek/RRI335?utm_source=GMB&utm_medium=Google&utm_campaign=GMB_Performance_RRI335,"[{'stars': 5, 'count': 193}, {'stars': 4, 'count': 124}, {'stars': 3, 'count': 133}, {'stars': 2, 'count': 92}, {'stars': 1, 'count': 214}]",756,"[{'name': 'Cleanliness', 'description': 'Cleanliness', 'total_mentioned': 278, 'positive': 92, 'negative': 175, 'neutral': 11}, {'name': 'Bathroom', 'description': 'Bathroom and toiletries', 'total_mentioned': 119, 'positive': 4, 'negative': 109, 'neutral': 6}, {'name': 'Sleep', 'description': 'Sleep', 'total_mentioned': 172, 'positive': 33, 'negative': 124, 'neutral': 15}, {'name': 'Breakfast', 'description': 'Breakfast', 'total_mentioned': 55, 'positive': 26, 'negative': 25, 'neutral': 4}, {'name': 'Room', 'description': 'Room amenities', 'total_mentioned': 57, 'positive': 5, 'negative': 45, 'neutral': 7}, {'name': 'Kitchen', 'description': 'Kitchen', 'total_mentioned': 29, 'positive': 3, 'negative': 24, 'neutral': 2}]","Howard Johnson's, Beckley Road, Battle Creek, Calhoun County, Michigan, 49015, United States"
Historic Mardi Gras Inn,"Relaxed hotel offering basic rooms & suites, plus continental breakfast & shared courtyards.","{'latitude': 29.9677528, 'longitude': -90.05527500000001}",29.9677528,-90.05527500000001,2,http://www.historicmardigrasinn.com/,"[{'stars': 5, 'count': 314}, {'stars': 4, 'count': 150}, {'stars': 3, 'count': 87}, {'stars': 2, 'count': 54}, {'stars': 1, 'count': 130}]",735,"[{'name': 'Bathroom', 'description': 'Bathroom and toiletries', 'total_mentioned': 103, 'positive': 20, 'negative': 74, 'neutral': 9}, {'name': 'Cleanliness', 'description': 'Cleanliness', 'total_mentioned': 162, 'positive': 68, 'negative': 85, 'neutral': 9}, {'name': 'Sleep', 'description': 'Sleep', 'total_mentioned': 115, 'positive': 35, 'negative': 76, 'neutral': 4}, {'name': 'Property', 'description': 'Property', 'total_mentioned': 251, 'positive': 150, 'negative': 86, 'neutral': 15}, {'name': 'Breakfast', 'description': 'Breakfast', 'total_mentioned': 63, 'positive': 47, 'negative': 12, 'neutral': 4}, {'name': 'Service', 'description': 'Service', 'total_mentioned': 188, 'positive': 127, 'negative': 51, 'neutral': 10}]","Olde Town Inn, 1001, Marigny Street, French Market, Faubourg Marigny, New Orleans, Orleans Parish, Louisiana, 70117, United States"
The Lookout Inn of New Orleans,"Quirky, colorful guesthouse suites, offering free WiFi & minifridges, plus outdoor saltwater pool.","{'latitude': 29.962202099999995, 'longitude': -90.03192539999999}",29.962202099999995,-90.03192539999999,2,http://www.lookoutneworleans.com/,"[{'stars': 5, 'count': 68}, {'stars': 4, 'count': 6}, {'stars': 3, 'count': 0}, {'stars': 2, 'count': 1}, {'stars': 1, 'count': 1}]",76,"[{'name': 'Hot Tub', 'description': 'Hot tub', 'total_mentioned': 17, 'positive': 17, 'negative': 0, 'neutral': 0}, {'name': 'Fitness', 'description': 'Fitness', 'total_mentioned': 25, 'positive': 24, 'negative': 0, 'neutral': 1}, {'name': 'Pool', 'description': 'Pool', 'total_mentioned': 15, 'positive': 14, 'negative': 1, 'neutral': 0}, {'name': 'Pets', 'description': 'Pets', 'total_mentioned': 6, 'positive': 5, 'negative': 1, 'neutral': 0}, {'name': 'Bathroom', 'description': 'Bathroom and toiletries', 'total_mentioned': 23, 'positive': 20, 'negative': 0, 'neutral': 3}, {'name': 'Bar', 'description': 'Bar or lounge', 'total_mentioned': 13, 'positive': 12, 'negative': 0, 'neutral': 1}]","833, Poland Avenue, Bywater, New Orleans, Orleans Parish, Louisiana, 70117, United States"
Lamothe House Hotel,"Refined 1839 hotel offering rooms & suites with low-key or Victorian decor, plus an outdoor pool.","{'latitude': 29.963182999999997, 'longitude': -90.0593416}",29.963183,-90.0593416,2,http://www.frenchquarterguesthouses.com/,"[{'stars': 5, 'count': 341}, {'stars': 4, 'count': 103}, {'stars': 3, 'count': 27}, {'stars': 2, 'count': 17}, {'stars': 1, 'count': 33}]",521,"[{'name': 'Hot Tub', 'description': 'Hot tub', 'total_mentioned': 35, 'positive': 27, 'negative': 3, 'neutral': 5}, {'name': 'Fitness', 'description': 'Fitness', 'total_mentioned': 75, 'positive': 56, 'negative': 11, 'neutral': 8}, {'name': 'Property', 'description': 'Property', 'total_mentioned': 234, 'positive': 180, 'negative': 31, 'neutral': 23}, {'name': 'Location', 'description': 'Location', 'total_mentioned': 173, 'positive': 148, 'negative': 11, 'neutral': 14}, {'name': 'Service', 'description': 'Service', 'total_mentioned': 200, 'positive': 167, 'negative': 25, 'neutral': 8}, {'name': 'Pool', 'description': 'Pool', 'total_mentioned': 37, 'positive': 33, 'negative': 1, 'neutral': 3}]","621, Esplanade Avenue, French Market, Faubourg Marigny, New Orleans, Orleans Parish, Louisiana, 70116, United States"
Hotel Royal,Modern rooms & suites in a restored 1827 Creole townhouse with free coffee & breakfast.,"{'latitude': 29.960487999999994, 'longitude': -90.0623506}",29.960487999999994,-90.0623506,2,http://www.hotelroyalnola.com/,"[{'stars': 5, 'count': 316}, {'stars': 4, 'count': 123}, {'stars': 3, 'count': 46}, {'stars': 2, 'count': 31}, {'stars': 1, 'count': 49}]",565,"[{'name': 'Accessibility', 'description': 'Accessibility', 'total_mentioned': 56, 'positive': 11, 'negative': 36, 'neutral': 9}, {'name': 'Property', 'description': 'Property', 'total_mentioned': 243, 'positive': 160, 'negative': 51, 'neutral': 32}, {'name': 'Service', 'description': 'Service', 'total_mentioned': 213, 'positive': 168, 'negative': 34, 'neutral': 11}, {'name': 'Sleep', 'description': 'Sleep', 'total_mentioned': 69, 'positive': 20, 'negative': 41, 'neutral': 8}, {'name': 'Location', 'description': 'Location', 'total_mentioned': 130, 'positive': 109, 'negative': 9, 'neutral': 12}, {'name': 'Bathroom', 'description': 'Bathroom and toiletries', 'total_mentioned': 59, 'positive': 10, 'negative': 41, 'neutral': 8}]","1006, Royal Street, French Quarter, New Orleans, Orleans Parish, Louisiana, 70116, United States"
Village Inn Hotel and Event Center | Trademark Collection by Wyndham,"Low-rise property with casual quarters & an outdoor pool, plus a conference center.","{'latitude': 36.034605299999996, 'longitude': -80.3824617}",36.0346053,-80.3824617,3,https://thevillageinn.com/,"[{'stars': 5, 'count': 420}, {'stars': 4, 'count': 238}, {'stars': 3, 'count': 84}, {'stars': 2, 'count': 23}, {'stars': 1, 'count': 25}]",790,"[{'name': 'Couples', 'description': 'Couple friendly', 'total_mentioned': 29, 'positive': 19, 'negative': 1, 'neutral': 9}, {'name': 'Service', 'description': 'Service', 'total_mentioned': 189, 'positive': 162, 'negative': 18, 'neutral': 9}, {'name': 'Business', 'description': 'Business', 'total_mentioned': 66, 'positive': 43, 'negative': 7, 'neutral': 16}, {'name': 'Property', 'description': 'Property', 'total_mentioned': 178, 'positive': 148, 'negative': 21, 'neutral': 9}, {'name': 'Dining', 'description': 'Food and Beverage', 'total_mentioned': 45, 'positive': 40, 'negative': 4, 'neutral': 1}, {'name': 'Cleanliness', 'description': 'Cleanliness', 'total_mentioned': 134, 'positive': 113, 'negative': 13, 'neutral': 8}]","The Village Inn Event Center, 6205, Ramada Drive, Stadium Oaks, Parkwood Lake, Clemmons, Forsyth County, North Carolina, 27012, United States"
The Gibson House,,"{'latitude': 36.114961799999996, 'longitude': -80.0792268}",36.1149618,-80.0792268,3,http://www.thegibsonhouseinn.com/,"[{'stars': 5, 'count': 20}, {'stars': 4, 'count': 0}, {'stars': 3, 'count': 0}, {'stars': 2, 'count': 0}, {'stars': 1, 'count': 0}]",20,"[{'name': 'Breakfast', 'description': 'Breakfast', 'total_mentioned': 7, 'positive': 6, 'negative': 0, 'neutral': 1}, {'name': 'Service', 'description': 'Service', 'total_mentioned': 6, 'positive': 6, 'negative': 0, 'neutral': 0}, {'name': 'Property', 'description': 'Property', 'total_mentioned': 5, 'positive': 5, 'negative': 0, 'neutral': 0}]","499, South Main Street, Christy Acres, Kernersville, Forsyth County, North Carolina, 27284, United States"
The Historic Brookstown Inn | Trademark Collection by Wyndham,"Historic quarters with microwaves & minifridges, plus complimentary breakfast, wine & cookies.","{'latitude': 36.0902864, 'longitude': -80.24506989999999}",36.0902864,-80.24506989999999,3,https://brookstowninn.com/,"[{'stars': 5, 'count': 681}, {'stars': 4, 'count': 147}, {'stars': 3, 'count': 38}, {'stars': 2, 'count': 12}, {'stars': 1, 'count': 7}]",885,"[{'name': 'Couples', 'description': 'Couple friendly', 'total_mentioned': 59, 'positive': 50, 'negative': 4, 'neutral': 5}, {'name': 'Bar', 'description': 'Bar or lounge', 'total_mentioned': 77, 'positive': 71, 'negative': 1, 'neutral': 5}, {'name': 'Breakfast', 'description': 'Breakfast', 'total_mentioned': 129, 'positive': 109, 'negative': 10, 'neutral': 10}, {'name': 'Property', 'description': 'Property', 'total_mentioned': 373, 'positive': 336, 'negative': 17, 'neutral': 20}, {'name': 'Restaurant', 'description': 'Restaurant', 'total_mentioned': 68, 'positive': 57, 'negative': 4, 'neutral': 7}, {'name': 'Location', 'description': 'Location', 'total_mentioned': 125, 'positive': 107, 'negative': 2, 'neutral': 16}]","The Historic Brookstown Inn | Trademark Collection by Wyndham, 200, Brookstown Avenue, Winston-Salem, Forsyth County, North Carolina, 27101, United States"
The Pelham Hotel,Homey hotel with an old-world vibe offering a cozy restaurant & complimentary Wi-Fi.,"{'latitude': 29.9509937, 'longitude': -90.0672534}",29.9509937,-90.0672534,3,http://www.thepelhamhotel.com/,"[{'stars': 5, 'count': 513}, {'stars': 4, 'count': 263}, {'stars': 3, 'count': 94}, {'stars': 2, 'count': 40}, {'stars': 1, 'count': 79}]",989,"[{'name': 'Property', 'description': 'Property', 'total_mentioned': 414, 'positive': 304, 'negative': 81, 'neutral': 29}, {'name': 'Service', 'description': 'Service', 'total_mentioned': 330, 'positive': 247, 'negative': 72, 'neutral': 11}, {'name': 'Location', 'description': 'Location', 'total_mentioned': 275, 'positive': 236, 'negative': 9, 'neutral': 30}, {'name': 'Parking', 'description': 'Parking', 'total_mentioned': 80, 'positive': 17, 'negative': 51, 'neutral': 12}, {'name': 'Cleanliness', 'description': 'Cleanliness', 'total_mentioned': 185, 'positive': 132, 'negative': 37, 'neutral': 16}, {'name': 'Bathroom', 'description': 'Bathroom and toiletries', 'total_mentioned': 72, 'positive': 26, 'negative': 41, 'neutral': 5}]","The Pelham Hotel New Orleans, 444, Common Street, Storyville, New Orleans, Orleans Parish, Louisiana, 70130, United States"
"Blake Hotel New Orleans, BW Signature Collection","Traditional rooms with free Wi-Fi & city or park views, plus a casual cafe serving weekend brunch.","{'latitude': 29.949247099999997, 'longitude': -90.070604}",29.9492471,-90.070604,3,https://www.bestwestern.com/en_US/book/hotel-rooms.19120.html?iata=00171880&ssob=BLBWI0004G&cid=BLBWI0004G:google:gmb:19120,"[{'stars': 5, 'count': 460}, {'stars': 4, 'count': 355}, {'stars': 3, 'count': 208}, {'stars': 2, 'count': 112}, {'stars': 1, 'count': 208}]",1343,"[{'name': 'Parking', 'description': 'Parking', 'total_mentioned': 146, 'positive': 19, 'negative': 112, 'neutral': 15}, {'name': 'Cleanliness', 'description': 'Cleanliness', 'total_mentioned': 312, 'positive': 141, 'negative': 148, 'neutral': 23}, {'name': 'Bathroom', 'description': 'Bathroom and toiletries', 'total_mentioned': 173, 'positive': 20, 'negative': 139, 'neutral': 14}, {'name': 'Service', 'description': 'Service', 'total_mentioned': 459, 'positive': 269, 'negative': 164, 'neutral': 26}, {'name': 'Property', 'description': 'Property', 'total_mentioned': 480, 'positive': 249, 'negative': 182, 'neutral': 49}, {'name': 'Sleep', 'description': 'Sleep', 'total_mentioned': 194, 'positive': 37, 'negative': 128, 'neutral': 29}]","500, Saint Charles Avenue, Storyville, New Orleans, Orleans Parish, Louisiana, 70130, United States"
Aloft New Orleans Downtown,"Slick lodging with a funky lobby lounge & a cocktail bar, plus a rooftop pool & a fitness room.","{'latitude': 29.952657100000003, 'longitude': -90.0724602}",29.952657100000003,-90.0724602,3,https://www.marriott.com/en-us/hotels/msyal-aloft-new-orleans-downtown/overview/?scid=f2ae0541-1279-4f24-b197-a979c79310b0,"[{'stars': 5, 'count': 883}, {'stars': 4, 'count': 412}, {'stars': 3, 'count': 144}, {'stars': 2, 'count': 59}, {'stars': 1, 'count': 117}]",1615,"[{'name': 'Pets', 'description': 'Pets', 'total_mentioned': 42, 'positive': 24, 'negative': 15, 'neutral': 3}, {'name': 'Service', 'description': 'Service', 'total_mentioned': 454, 'positive': 319, 'negative': 117, 'neutral': 18}, {'name': 'Bar', 'description': 'Bar or lounge', 'total_mentioned': 146, 'positive': 112, 'negative': 21, 'neutral': 13}, {'name': 'Parking', 'description': 'Parking', 'total_mentioned': 111, 'positive': 30, 'negative': 62, 'neutral': 19}, {'name': 'Fitness', 'description': 'Fitness', 'total_mentioned': 103, 'positive': 63, 'negative': 28, 'neutral': 12}, {'name': 'Property', 'description': 'Property', 'total_mentioned': 513, 'positive': 383, 'negative': 98, 'neutral': 32}]","Aloft New Orleans Downtown, 225, Baronne Street, Storyville, New Orleans, Orleans Parish, Louisiana, 70112, United States"
The Jung Hotel & Residences,"Modern rooms & suites in an upmarket hotel offering a restaurant, a cocktail bar & a rooftop pool.","{'latitude': 29.957205100000003, 'longitude': -90.0758125}",29.957205100000003,-90.0758125,3,http://www.junghotel.com/,"[{'stars': 5, 'count': 1003}, {'stars': 4, 'count': 270}, {'stars': 3, 'count': 117}, {'stars': 2, 'count': 53}, {'stars': 1, 'count': 73}]",1516,"[{'name': 'Fitness', 'description': 'Fitness', 'total_mentioned': 124, 'positive': 65, 'negative': 39, 'neutral': 20}, {'name': 'Property', 'description': 'Property', 'total_mentioned': 540, 'positive': 444, 'negative': 55, 'neutral': 41}, {'name': 'Service', 'description': 'Service', 'total_mentioned': 408, 'positive': 299, 'negative': 83, 'neutral': 26}, {'name': 'Pool', 'description': 'Pool', 'total_mentioned': 74, 'positive': 49, 'negative': 13, 'neutral': 12}, {'name': 'Bathroom', 'description': 'Bathroom and toiletries', 'total_mentioned': 132, 'positive': 59, 'negative': 55, 'neutral': 18}, {'name': 'Parking', 'description': 'Parking', 'total_mentioned': 105, 'positive': 45, 'negative': 48, 'neutral': 12}]","115, Canal Street, Storyville, New Orleans, Orleans Parish, Louisiana, 70112, United States"
"The Mercantile Hotel New Orleans, LA","Upscale all-suite hotel set in a restored sugar refinery, plus a fitness center & free breakfast.","{'latitude': 29.9455734, 'longitude': -90.066036}",29.9455734,-90.066036,3,https://themercantilehotelneworleans.com/,"[{'stars': 5, 'count': 461}, {'stars': 4, 'count': 121}, {'stars': 3, 'count': 46}, {'stars': 2, 'count': 33}, {'stars': 1, 'count': 55}]",716,"[{'name': 'Property', 'description': 'Property', 'total_mentioned': 334, 'positive': 260, 'negative': 53, 'neutral': 21}, {'name': 'Bar', 'description': 'Bar or lounge', 'total_mentioned': 84, 'positive': 61, 'negative': 13, 'neutral': 10}, {'name': 'Service', 'description': 'Service', 'total_mentioned': 273, 'positive': 200, 'negative': 62, 'neutral': 11}, {'name': 'Parking', 'description': 'Parking', 'total_mentioned': 63, 'positive': 20, 'negative': 35, 'neutral': 8}, {'name': 'Breakfast', 'description': 'Breakfast', 'total_mentioned': 73, 'positive': 40, 'negative': 24, 'neutral': 9}, {'name': 'Location', 'description': 'Location', 'total_mentioned': 191, 'positive': 152, 'negative': 15, 'neutral': 24}]","725, South Peters Street, Storyville, New Orleans, Orleans Parish, Louisiana, 70130, United States"
Club Wyndham Avenue Plaza,"Straightforward studios & 1-bedroom units with kitchenettes, plus a rooftop sundeck & 2 pools.","{'latitude': 29.9347516, 'longitude': -90.08004559999999}",29.9347516,-90.0800456,3,https://www.avenueplazaresort.com/?Identifier=psearch&hotelid=3553&utm_medium=referral&utm_source=google.com-local&utm_campaign=yext&utm_content=avenueplazaresort,"[{'stars': 5, 'count': 1136}, {'stars': 4, 'count': 533}, {'stars': 3, 'count': 156}, {'stars': 2, 'count': 45}, {'stars': 1, 'count': 72}]",1942,"[{'name': 'Service', 'description': 'Service', 'total_mentioned': 634, 'positive': 537, 'negative': 73, 'neutral': 24}, {'name': 'Fitness', 'description': 'Fitness', 'total_mentioned': 101, 'positive': 74, 'negative': 14, 'neutral': 13}, {'name': 'Parking', 'description': 'Parking', 'total_mentioned': 106, 'positive': 42, 'negative': 46, 'neutral': 18}, {'name': 'Hot Tub', 'description': 'Hot tub', 'total_mentioned': 35, 'positive': 27, 'negative': 3, 'neutral': 5}, {'name': 'Location', 'description': 'Location', 'total_mentioned': 354, 'positive': 307, 'negative': 20, 'neutral': 27}, {'name': 'Property', 'description': 'Property', 'total_mentioned': 518, 'positive': 405, 'negative': 72, 'neutral': 41}]","WorldMark Hotel, Josephine Street, Central City Historic District, Garden District, New Orleans, Orleans Parish, Louisiana, 70130, United States"
Moxy New Orleans Downtown/French Quarter Area,"Contemporary hotel offering stylish quarters, plus a lively, 24-hour cafe/bar & a gym.","{'latitude': 29.953517299999994, 'longitude': -90.0731787}",29.953517299999994,-90.0731787,3,https://www.marriott.com/en-us/hotels/msyof-moxy-new-orleans-downtown-french-quarter-area/overview/?scid=f2ae0541-1279-4f24-b197-a979c79310b0,"[{'stars': 5, 'count': 666}, {'stars': 4, 'count': 323}, {'stars': 3, 'count': 146}, {'stars': 2, 'count': 81}, {'stars': 1, 'count': 124}]",1340,"[{'name': 'Bar', 'description': 'Bar or lounge', 'total_mentioned': 260, 'positive': 174, 'negative': 51, 'neutral': 35}, {'name': 'Property', 'description': 'Property', 'total_mentioned': 504, 'positive': 320, 'negative': 126, 'neutral': 58}, {'name': 'Bathroom', 'description': 'Bathroom and toiletries', 'total_mentioned': 146, 'positive': 40, 'negative': 93, 'neutral': 13}, {'name': 'Service', 'description': 'Service', 'total_mentioned': 405, 'positive': 253, 'negative': 130, 'neutral': 22}, {'name': 'Dining', 'description': 'Food and Beverage', 'total_mentioned': 138, 'positive': 91, 'negative': 28, 'neutral': 19}, {'name': 'Parking', 'description': 'Parking', 'total_mentioned': 72, 'positive': 14, 'negative': 43, 'neutral': 15}]","Moxy New Orleans Downtown/French Quarter Area, Common Street, Storyville, New Orleans, Orleans Parish, Louisiana, 70170, United States"
Maison Dupuy Hotel,"Elegant rooms in 5 adjoining townhouses, plus an outdoor pool, an American bistro & a courtyard.","{'latitude': 29.959336999999998, 'longitude': -90.0683102}",29.959337,-90.0683102,3,http://www.maisondupuy.com/,"[{'stars': 5, 'count': 874}, {'stars': 4, 'count': 486}, {'stars': 3, 'count': 200}, {'stars': 2, 'count': 83}, {'stars': 1, 'count': 114}]",1757,"[{'name': 'Fitness', 'description': 'Fitness', 'total_mentioned': 153, 'positive': 105, 'negative': 34, 'neutral': 14}, {'name': 'Service', 'description': 'Service', 'total_mentioned': 573, 'positive': 430, 'negative': 113, 'neutral': 30}, {'name': 'Location', 'description': 'Location', 'total_mentioned': 458, 'positive': 387, 'negative': 30, 'neutral': 41}, {'name': 'Property', 'description': 'Property', 'total_mentioned': 602, 'positive': 387, 'negative': 154, 'neutral': 61}, {'name': 'Pool', 'description': 'Pool', 'total_mentioned': 91, 'positive': 76, 'negative': 8, 'neutral': 7}, {'name': 'Room', 'description': 'Room amenities', 'total_mentioned': 188, 'positive': 61, 'negative': 109, 'neutral': 18}]","Maison Dupuy, 1001, Toulouse Street, French Quarter, New Orleans, Orleans Parish, Louisiana, 70130, United States"
The Lafayette New Orleans by Kasa,"Landmark French Regency-style hotel offering wrought-iron balconies, warm rooms & a steakhouse.","{'latitude': 29.947718899999998, 'longitude': -90.07097519999999}",29.9477189,-90.07097519999999,3,https://kasa.com/properties/the-lafayette-new-orleans-by-kasa?utm_source=Google&utm_medium=nonpaid&utm_campaign=GMB&utm_term=VisitHotelWebsiteButton&utm_content=LNO,"[{'stars': 5, 'count': 399}, {'stars': 4, 'count': 194}, {'stars': 3, 'count': 52}, {'stars': 2, 'count': 26}, {'stars': 1, 'count': 46}]",717,"[{'name': 'Service', 'description': 'Service', 'total_mentioned': 249, 'positive': 201, 'negative': 39, 'neutral': 9}, {'name': 'Property', 'description': 'Property', 'total_mentioned': 274, 'positive': 212, 'negative': 37, 'neutral': 25}, {'name': 'Location', 'description': 'Location', 'total_mentioned': 190, 'positive': 167, 'negative': 8, 'neutral': 15}, {'name': 'Cleanliness', 'description': 'Cleanliness', 'total_mentioned': 139, 'positive': 108, 'negative': 27, 'neutral': 4}, {'name': 'Bathroom', 'description': 'Bathroom and toiletries', 'total_mentioned': 57, 'positive': 12, 'negative': 39, 'neutral': 6}, {'name': 'Parking', 'description': 'Parking', 'total_mentioned': 43, 'positive': 18, 'negative': 16, 'neutral': 9}]","600, Saint Charles Avenue, Storyville, New Orleans, Orleans Parish, Louisiana, 70130, United States"
Wyndham New Orleans - French Quarter,"Sophisticated lodging with an indoor pool & fitness center, plus Southern dining & free Wi-Fi.","{'latitude': 29.953758800000003, 'longitude': -90.06835339999999}",29.953758800000003,-90.06835339999999,3,https://www.wyndhamhotels.com/wyndham/new-orleans-louisiana/wyndham-new-orleans-french-quarter/overview?CID=LC:46q62bu8edfbx3y:47157&iata=00093796,"[{'stars': 5, 'count': 1755}, {'stars': 4, 'count': 989}, {'stars': 3, 'count': 422}, {'stars': 2, 'count': 159}, {'stars': 1, 'count': 218}]",3543,"[{'name': 'Location', 'description': 'Location', 'total_mentioned': 986, 'positive': 828, 'negative': 89, 'neutral': 69}, {'name': 'Parking', 'description': 'Parking', 'total_mentioned': 293, 'positive': 104, 'negative': 144, 'neutral': 45}, {'name': 'Service', 'description': 'Service', 'total_mentioned': 1035, 'positive': 750, 'negative': 223, 'neutral': 62}, {'name': 'Cleanliness', 'description': 'Cleanliness', 'total_mentioned': 675, 'positive': 479, 'negative': 155, 'neutral': 41}, {'name': 'Fitness', 'description': 'Fitness', 'total_mentioned': 180, 'positive': 91, 'negative': 69, 'neutral': 20}, {'name': 'Property', 'description': 'Property', 'total_mentioned': 1000, 'positive': 707, 'negative': 211, 'neutral': 82}]","136, Royal Street, French Quarter, New Orleans, Orleans Parish, Louisiana, 70130, United States"
Gorgeous 1BD's in Merchant Lofts by Hosteeva,,"{'latitude': 29.9510737, 'longitude': -90.0676664}",29.9510737,-90.0676664,3,http://www.hosteeva.com/travel,"[{'stars': 5, 'count': 94}, {'stars': 4, 'count': 34}, {'stars': 3, 'count': 11}, {'stars': 2, 'count': 10}, {'stars': 1, 'count': 21}]",170,"[{'name': 'Room', 'description': 'Room amenities', 'total_mentioned': 37, 'positive': 14, 'negative': 18, 'neutral': 5}, {'name': 'Cleanliness', 'description': 'Cleanliness', 'total_mentioned': 45, 'positive': 30, 'negative': 14, 'neutral': 1}, {'name': 'Kitchen', 'description': 'Kitchen', 'total_mentioned': 18, 'positive': 12, 'negative': 4, 'neutral': 2}, {'name': 'Sleep', 'description': 'Sleep', 'total_mentioned': 35, 'positive': 4, 'negative': 25, 'neutral': 6}, {'name': 'Location', 'description': 'Location', 'total_mentioned': 55, 'positive': 48, 'negative': 3, 'neutral': 4}, {'name': 'TV', 'description': 'Room entertainment', 'total_mentioned': 12, 'positive': 6, 'negative': 4, 'neutral': 2}]","201, Magazine Street, Storyville, New Orleans, Orleans Parish, Louisiana, 70118, United States"
TownePlace Suites New Orleans Harvey/West Bank,"Laid-back extended-stay hotel offering free breakfast, Wi-Fi & parking, plus an outdoor pool.","{'latitude': 29.878306700000003, 'longitude': -90.05243589999999}",29.878306700000003,-90.05243589999999,3,https://www.marriott.com/en-us/hotels/msyhv-towneplace-suites-new-orleans-harvey-west-bank/overview/?scid=f2ae0541-1279-4f24-b197-a979c79310b0,"[{'stars': 5, 'count': 263}, {'stars': 4, 'count': 135}, {'stars': 3, 'count': 44}, {'stars': 2, 'count': 35}, {'stars': 1, 'count': 46}]",523,"[{'name': 'Breakfast', 'description': 'Breakfast', 'total_mentioned': 54, 'positive': 31, 'negative': 17, 'neutral': 6}, {'name': 'Service', 'description': 'Service', 'total_mentioned': 140, 'positive': 100, 'negative': 36, 'neutral': 4}, {'name': 'Property', 'description': 'Property', 'total_mentioned': 147, 'positive': 107, 'negative': 32, 'neutral': 8}, {'name': 'Cleanliness', 'description': 'Cleanliness', 'total_mentioned': 101, 'positive': 64, 'negative': 33, 'neutral': 4}, {'name': 'Gym', 'description': 'Gym', 'total_mentioned': 6, 'positive': 2, 'negative': 3, 'neutral': 1}, {'name': 'Pets', 'description': 'Pets', 'total_mentioned': 11, 'positive': 5, 'negative': 5, 'neutral': 1}]","TownePlace Suites New Orleans Harvey/West Bank, 1800, Central Boulevard, Harvey, Jefferson Parish, Louisiana, 70058, United States"
Maison Perrier Bed & Breakfast,"Period-inspired rooms in a 19th-century house with free cooked breakfast, afternoon tea & Wi-Fi.","{'latitude': 29.924661599999997, 'longitude': -90.09893900000002}",29.9246616,-90.09893900000002,3,http://www.maisonperrier.com/,"[{'stars': 5, 'count': 80}, {'stars': 4, 'count': 5}, {'stars': 3, 'count': 1}, {'stars': 2, 'count': 1}, {'stars': 1, 'count': 0}]",87,"[{'name': 'Breakfast', 'description': 'Breakfast', 'total_mentioned': 34, 'positive': 29, 'negative': 2, 'neutral': 3}, {'name': 'Restaurant', 'description': 'Restaurant', 'total_mentioned': 19, 'positive': 16, 'negative': 2, 'neutral': 1}, {'name': 'Sleep', 'description': 'Sleep', 'total_mentioned': 24, 'positive': 20, 'negative': 1, 'neutral': 3}, {'name': 'Service', 'description': 'Service', 'total_mentioned': 45, 'positive': 45, 'negative': 0, 'neutral': 0}, {'name': 'Couples', 'description': 'Couple friendly', 'total_mentioned': 5, 'positive': 4, 'negative': 0, 'neutral': 1}, {'name': 'Location', 'description': 'Location', 'total_mentioned': 31, 'positive': 29, 'negative': 0, 'neutral': 2}]","4117, Perrier Street, Garden District, New Orleans, Orleans Parish, Louisiana, 70115, United States"
Henry Howard Hotel,"Refined hotel in a grand 1867 building offering luxe rooms, plus a stylish lounge with a bar.","{'latitude': 29.933829499999998, 'longitude': -90.078644}",29.9338295,-90.078644,3,http://www.henryhowardhotel.com/,"[{'stars': 5, 'count': 128}, {'stars': 4, 'count': 21}, {'stars': 3, 'count': 5}, {'stars': 2, 'count': 2}, {'stars': 1, 'count': 8}]",164,"[{'name': 'Couples', 'description': 'Couple friendly', 'total_mentioned': 17, 'positive': 13, 'negative': 2, 'neutral': 2}, {'name': 'Service', 'description': 'Service', 'total_mentioned': 91, 'positive': 82, 'negative': 5, 'neutral': 4}, {'name': 'Property', 'description': 'Property', 'total_mentioned': 84, 'positive': 79, 'negative': 3, 'neutral': 2}, {'name': 'Bar', 'description': 'Bar or lounge', 'total_mentioned': 20, 'positive': 18, 'negative': 1, 'neutral': 1}, {'name': 'Sleep', 'description': 'Sleep', 'total_mentioned': 26, 'positive': 20, 'negative': 6, 'neutral': 0}, {'name': 'Family', 'description': 'Family friendly', 'total_mentioned': 9, 'positive': 8, 'negative': 0, 'neutral': 1}]","2041, Prytania Street, Lower Garden District, Garden District, New Orleans, Orleans Parish, Louisiana, 70130, United States"
Bourbon Orleans Hotel,"Elegant hotel offering an outdoor pool, a Creole restaurant & a bar with live entertainment.","{'latitude': 29.9587297, 'longitude': -90.06471499999999}",29.9587297,-90.06471499999999,3,https://www.bourbonorleans.com/?utm_source=google-gbp&utm_medium=organic&utm_campaign=gbp,"[{'stars': 5, 'count': 1706}, {'stars': 4, 'count': 563}, {'stars': 3, 'count': 131}, {'stars': 2, 'count': 47}, {'stars': 1, 'count': 124}]",2571,"[{'name': 'Service', 'description': 'Service', 'total_mentioned': 864, 'positive': 699, 'negative': 122, 'neutral': 43}, {'name': 'Bar', 'description': 'Bar or lounge', 'total_mentioned': 264, 'positive': 215, 'negative': 28, 'neutral': 21}, {'name': 'Property', 'description': 'Property', 'total_mentioned': 905, 'positive': 737, 'negative': 101, 'neutral': 67}, {'name': 'Fitness', 'description': 'Fitness', 'total_mentioned': 170, 'positive': 134, 'negative': 25, 'neutral': 11}, {'name': 'Location', 'description': 'Location', 'total_mentioned': 593, 'positive': 535, 'negative': 28, 'neutral': 30}, {'name': 'Nightlife', 'description': 'Nightlife', 'total_mentioned': 155, 'positive': 126, 'negative': 17, 'neutral': 12}]","Bourbon Orleans Hotel, 717, Orleans Avenue, Tremé, Storyville, New Orleans, Orleans Parish, Louisiana, 70116, United States"
Inn on St Ann,"Airy rooms & suites, some with balconies, in a refined hotel dating from 1830, plus a courtyard.","{'latitude': 29.960967799999995, 'longitude': -90.0668985}",29.960967799999995,-90.0668985,3,https://www.frenchquarterguesthouses.com/our-hotels/inn-on-st-ann,"[{'stars': 5, 'count': 224}, {'stars': 4, 'count': 82}, {'stars': 3, 'count': 27}, {'stars': 2, 'count': 15}, {'stars': 1, 'count': 20}]",368,"[{'name': 'Property', 'description': 'Property', 'total_mentioned': 162, 'positive': 120, 'negative': 24, 'neutral': 18}, {'name': 'Location', 'description': 'Location', 'total_mentioned': 115, 'positive': 98, 'negative': 3, 'neutral': 14}, {'name': 'Service', 'description': 'Service', 'total_mentioned': 139, 'positive': 114, 'negative': 17, 'neutral': 8}, {'name': 'Cleanliness', 'description': 'Cleanliness', 'total_mentioned': 76, 'positive': 54, 'negative': 15, 'neutral': 7}, {'name': 'Room', 'description': 'Room amenities', 'total_mentioned': 48, 'positive': 16, 'negative': 24, 'neutral': 8}, {'name': 'Sleep', 'description': 'Sleep', 'total_mentioned': 59, 'positive': 25, 'negative': 23, 'neutral': 11}]","1013, Saint Ann Street, French Quarter, New Orleans, Orleans Parish, Louisiana, 70116, United States"
Chateau Hotel New Orleans,"Restored 18th-century mansion offering rooms with French-style decor, plus an outdoor pool & a bar.","{'latitude': 29.960004700000002, 'longitude': -90.06166879999999}",29.9600047,-90.06166879999999,3,http://www.chateauneworleans.com/,"[{'stars': 5, 'count': 221}, {'stars': 4, 'count': 140}, {'stars': 3, 'count': 88}, {'stars': 2, 'count': 44}, {'stars': 1, 'count': 68}]",561,"[{'name': 'Bathroom', 'description': 'Bathroom and toiletries', 'total_mentioned': 80, 'positive': 10, 'negative': 64, 'neutral': 6}, {'name': 'Fitness', 'description': 'Fitness', 'total_mentioned': 46, 'positive': 30, 'negative': 11, 'neutral': 5}, {'name': 'Property', 'description': 'Property', 'total_mentioned': 213, 'positive': 121, 'negative': 68, 'neutral': 24}, {'name': 'Service', 'description': 'Service', 'total_mentioned': 178, 'positive': 129, 'negative': 37, 'neutral': 12}, {'name': 'Location', 'description': 'Location', 'total_mentioned': 154, 'positive': 119, 'negative': 18, 'neutral': 17}, {'name': 'Pool', 'description': 'Pool', 'total_mentioned': 26, 'positive': 22, 'negative': 3, 'neutral': 1}]","Chateau Hotel, Chartres Street, French Quarter, New Orleans, Orleans Parish, Louisiana, 70116, United States"
Dauphine Orleans Hotel,"Storied hotel featuring contemporary rooms, a saltwater pool & a bar.","{'latitude': 29.957345599999996, 'longitude': -90.0684177}",29.9573456,-90.0684177,3,http://www.dauphineorleans.com/,"[{'stars': 5, 'count': 583}, {'stars': 4, 'count': 334}, {'stars': 3, 'count': 119}, {'stars': 2, 'count': 40}, {'stars': 1, 'count': 59}]",1135,"[{'name': 'Property', 'description': 'Property', 'total_mentioned': 390, 'positive': 273, 'negative': 85, 'neutral': 32}, {'name': 'Parking', 'description': 'Parking', 'total_mentioned': 95, 'positive': 54, 'negative': 26, 'neutral': 15}, {'name': 'Location', 'description': 'Location', 'total_mentioned': 290, 'positive': 253, 'negative': 13, 'neutral': 24}, {'name': 'Service', 'description': 'Service', 'total_mentioned': 343, 'positive': 278, 'negative': 41, 'neutral': 24}, {'name': 'Fitness', 'description': 'Fitness', 'total_mentioned': 86, 'positive': 64, 'negative': 12, 'neutral': 10}, {'name': 'Bar', 'description': 'Bar or lounge', 'total_mentioned': 98, 'positive': 70, 'negative': 18, 'neutral': 10}]","415, Dauphine Street, French Quarter, New Orleans, Orleans Parish, Louisiana, 70112, United States"
Cambria Hotel New Orleans Downtown Warehouse District,"Refined rooms & suites in a trendy hotel with a restaurant, a bar & a hip lobby lounge.","{'latitude': 29.946816199999997, 'longitude': -90.06710819999999}",29.9468162,-90.06710819999999,3,http://www.cambrianeworleans.com/,"[{'stars': 5, 'count': 950}, {'stars': 4, 'count': 256}, {'stars': 3, 'count': 52}, {'stars': 2, 'count': 29}, {'stars': 1, 'count': 59}]",1346,"[{'name': 'Service', 'description': 'Service', 'total_mentioned': 559, 'positive': 474, 'negative': 70, 'neutral': 15}, {'name': 'Parking', 'description': 'Parking', 'total_mentioned': 145, 'positive': 65, 'negative': 56, 'neutral': 24}, {'name': 'Property', 'description': 'Property', 'total_mentioned': 570, 'positive': 506, 'negative': 44, 'neutral': 20}, {'name': 'Bar', 'description': 'Bar or lounge', 'total_mentioned': 123, 'positive': 92, 'negative': 16, 'neutral': 15}, {'name': 'Location', 'description': 'Location', 'total_mentioned': 348, 'positive': 305, 'negative': 11, 'neutral': 32}, {'name': 'Cleanliness', 'description': 'Cleanliness', 'total_mentioned': 277, 'positive': 234, 'negative': 34, 'neutral': 9}]","636, Tchoupitoulas Street, Storyville, New Orleans, Orleans Parish, Louisiana, 70130, United States"
TownePlace Suites Battle Creek,Streamlined studios & 1- to 2-bedroom apartments in a casual hotel offering free breakfast & a pool.,"{'latitude': 42.267863000000006, 'longitude': -85.1705398}",42.267863000000006,-85.1705398,3,https://www.marriott.com/en-us/hotels/btlts-towneplace-suites-battle-creek/overview/?scid=f2ae0541-1279-4f24-b197-a979c79310b0,"[{'stars': 5, 'count': 165}, {'stars': 4, 'count': 77}, {'stars': 3, 'count': 24}, {'stars': 2, 'count': 25}, {'stars': 1, 'count': 46}]",337,"[{'name': 'Property', 'description': 'Property', 'total_mentioned': 113, 'positive': 69, 'negative': 33, 'neutral': 11}, {'name': 'Breakfast', 'description': 'Breakfast', 'total_mentioned': 42, 'positive': 31, 'negative': 7, 'neutral': 4}, {'name': 'Location', 'description': 'Location', 'total_mentioned': 23, 'positive': 21, 'negative': 1, 'neutral': 1}, {'name': 'Room', 'description': 'Room amenities', 'total_mentioned': 19, 'positive': 7, 'negative': 12, 'neutral': 0}, {'name': 'Bathroom', 'description': 'Bathroom and toiletries', 'total_mentioned': 31, 'positive': 6, 'negative': 19, 'neutral': 6}]","TownePlace Suites Battle Creek, 12917, Harper Village Drive, Battle Creek, Emmett Charter Township, Calhoun County, Michigan, 49014, United States"
Le Richelieu Hotel,"Antiques-filled hotel with balconies off many rooms, plus a saltwater pool, a cafe & free Wi-Fi.","{'latitude': 29.961833299999995, 'longitude': -90.0596444}",29.961833299999995,-90.0596444,3,http://www.lerichelieuhotelnola.com/,"[{'stars': 5, 'count': 494}, {'stars': 4, 'count': 186}, {'stars': 3, 'count': 66}, {'stars': 2, 'count': 24}, {'stars': 1, 'count': 21}]",791,"[{'name': 'Fitness', 'description': 'Fitness', 'total_mentioned': 88, 'positive': 77, 'negative': 5, 'neutral': 6}, {'name': 'Pool', 'description': 'Pool', 'total_mentioned': 60, 'positive': 54, 'negative': 2, 'neutral': 4}, {'name': 'Location', 'description': 'Location', 'total_mentioned': 231, 'positive': 193, 'negative': 11, 'neutral': 27}, {'name': 'Property', 'description': 'Property', 'total_mentioned': 292, 'positive': 226, 'negative': 44, 'neutral': 22}, {'name': 'Bar', 'description': 'Bar or lounge', 'total_mentioned': 73, 'positive': 58, 'negative': 5, 'neutral': 10}, {'name': 'Parking', 'description': 'Parking', 'total_mentioned': 70, 'positive': 44, 'negative': 19, 'neutral': 7}]","Le Richelieu in the French Quarter, Chartres Street, French Quarter, New Orleans, Orleans Parish, Louisiana, 70116, United States"
French Market Inn,Traditional rooms in a classic hotel from the 1800s with paved courtyards & an outdoor pool.,"{'latitude': 29.955381400000004, 'longitude': -90.06415360000001}",29.955381400000004,-90.06415360000001,3,http://www.frenchmarketinn.com/,"[{'stars': 5, 'count': 1459}, {'stars': 4, 'count': 417}, {'stars': 3, 'count': 99}, {'stars': 2, 'count': 37}, {'stars': 1, 'count': 34}]",2046,"[{'name': 'Location', 'description': 'Location', 'total_mentioned': 782, 'positive': 734, 'negative': 14, 'neutral': 34}, {'name': 'Property', 'description': 'Property', 'total_mentioned': 944, 'positive': 818, 'negative': 66, 'neutral': 60}, {'name': 'Service', 'description': 'Service', 'total_mentioned': 866, 'positive': 802, 'negative': 43, 'neutral': 21}, {'name': 'Fitness', 'description': 'Fitness', 'total_mentioned': 141, 'positive': 98, 'negative': 23, 'neutral': 20}, {'name': 'Cleanliness', 'description': 'Cleanliness', 'total_mentioned': 358, 'positive': 298, 'negative': 48, 'neutral': 12}, {'name': 'Parking', 'description': 'Parking', 'total_mentioned': 106, 'positive': 34, 'negative': 49, 'neutral': 23}]","The French Market Inn, 501, Decatur Street, French Market, French Quarter, New Orleans, Orleans Parish, Louisiana, 70130, United States"
Lafitte Hotel and Bar,"Antiques-furnished rooms & suites, some with balconies, in a restored 1849 home with an art gallery.","{'latitude': 29.961171500000003, 'longitude': -90.0634762}",29.961171500000003,-90.0634762,3,https://www.lafittehotelandbar.com/,"[{'stars': 5, 'count': 183}, {'stars': 4, 'count': 34}, {'stars': 3, 'count': 14}, {'stars': 2, 'count': 10}, {'stars': 1, 'count': 11}]",252,"[{'name': 'Bar', 'description': 'Bar or lounge', 'total_mentioned': 60, 'positive': 42, 'negative': 14, 'neutral': 4}, {'name': 'Service', 'description': 'Service', 'total_mentioned': 86, 'positive': 74, 'negative': 8, 'neutral': 4}, {'name': 'Property', 'description': 'Property', 'total_mentioned': 92, 'positive': 75, 'negative': 8, 'neutral': 9}, {'name': 'Nightlife', 'description': 'Nightlife', 'total_mentioned': 19, 'positive': 16, 'negative': 0, 'neutral': 3}, {'name': 'Room', 'description': 'Room amenities', 'total_mentioned': 36, 'positive': 25, 'negative': 7, 'neutral': 4}, {'name': 'Dining', 'description': 'Food and Beverage', 'total_mentioned': 31, 'positive': 23, 'negative': 5, 'neutral': 3}]","1003, Bourbon Street, French Quarter, New Orleans, Orleans Parish, Louisiana, 70116, United States"
The Cornstalk Hotel,Refined hotel set in an elegant 1816 mansion offering plush rooms with antique furnishings.,"{'latitude': 29.960109700000004, 'longitude': -90.0632739}",29.960109700000004,-90.0632739,3,,"[{'stars': 5, 'count': 97}, {'stars': 4, 'count': 35}, {'stars': 3, 'count': 12}, {'stars': 2, 'count': 6}, {'stars': 1, 'count': 6}]",156,"[{'name': 'Property', 'description': 'Property', 'total_mentioned': 79, 'positive': 65, 'negative': 7, 'neutral': 7}, {'name': 'Bathroom', 'description': 'Bathroom and toiletries', 'total_mentioned': 20, 'positive': 4, 'negative': 15, 'neutral': 1}, {'name': 'Service', 'description': 'Service', 'total_mentioned': 57, 'positive': 48, 'negative': 5, 'neutral': 4}, {'name': 'Location', 'description': 'Location', 'total_mentioned': 42, 'positive': 38, 'negative': 2, 'neutral': 2}, {'name': 'Parking', 'description': 'Parking', 'total_mentioned': 11, 'positive': 3, 'negative': 8, 'neutral': 0}, {'name': 'Room', 'description': 'Room amenities', 'total_mentioned': 19, 'positive': 11, 'negative': 4, 'neutral': 4}]","915, Royal Street, French Quarter, New Orleans, Orleans Parish, Louisiana, 70116, United States"
"St Charles Coach House, Ascend Hotel Collection","Relaxed hotel offering a bar/restaurant, a lounge & meeting space, plus complimentary Wi-Fi.","{'latitude': 29.935491599999995, 'longitude': -90.0792062}",29.935491599999995,-90.0792062,3,https://www.choicehotels.com/louisiana/new-orleans/ascend-hotels/la087?mc=llgoxxpx,"[{'stars': 5, 'count': 347}, {'stars': 4, 'count': 112}, {'stars': 3, 'count': 36}, {'stars': 2, 'count': 9}, {'stars': 1, 'count': 15}]",519,"[{'name': 'Parking', 'description': 'Parking', 'total_mentioned': 66, 'positive': 52, 'negative': 6, 'neutral': 8}, {'name': 'Service', 'description': 'Service', 'total_mentioned': 196, 'positive': 172, 'negative': 12, 'neutral': 12}, {'name': 'Property', 'description': 'Property', 'total_mentioned': 205, 'positive': 187, 'negative': 11, 'neutral': 7}, {'name': 'Cleanliness', 'description': 'Cleanliness', 'total_mentioned': 110, 'positive': 90, 'negative': 14, 'neutral': 6}, {'name': 'Location', 'description': 'Location', 'total_mentioned': 118, 'positive': 103, 'negative': 4, 'neutral': 11}, {'name': 'Sleep', 'description': 'Sleep', 'total_mentioned': 59, 'positive': 41, 'negative': 13, 'neutral': 5}]","Copeland's Cheesecake Bistro, Saint Charles Avenue, Central City Historic District, Garden District, New Orleans, Orleans Parish, Louisiana, 70130, United States"
Kimpton Cardinal Hotel,Upscale hotel in a historic 1920s skyscraper with a stylish French restaurant/bar & a bowling alley.,"{'latitude': 36.0988009, 'longitude': -80.2437053}",36.0988009,-80.2437053,4,https://www.thecardinalhotel.com/?&cm_mmc=WEB-_-KI-_-AMER-_-EN-_-EV-_-Google%20Business%20Profile-_-DD-_-cardinal,"[{'stars': 5, 'count': 681}, {'stars': 4, 'count': 159}, {'stars': 3, 'count': 45}, {'stars': 2, 'count': 30}, {'stars': 1, 'count': 49}]",964,"[{'name': 'Bar', 'description': 'Bar or lounge', 'total_mentioned': 96, 'positive': 79, 'negative': 11, 'neutral': 6}, {'name': 'Pets', 'description': 'Pets', 'total_mentioned': 38, 'positive': 32, 'negative': 3, 'neutral': 3}, {'name': 'Couples', 'description': 'Couple friendly', 'total_mentioned': 20, 'positive': 11, 'negative': 5, 'neutral': 4}, {'name': 'Fitness', 'description': 'Fitness', 'total_mentioned': 74, 'positive': 64, 'negative': 6, 'neutral': 4}, {'name': 'Parking', 'description': 'Parking', 'total_mentioned': 57, 'positive': 29, 'negative': 20, 'neutral': 8}, {'name': 'Dining', 'description': 'Food and Beverage', 'total_mentioned': 106, 'positive': 79, 'negative': 15, 'neutral': 12}]","Reynolds Building, East 4th Street, Winston-Salem, Forsyth County, North Carolina, 27102, United States"
The Graylyn Estate,"Refined rooms & suites in a picturesque conference hotel featuring dining, a bar & an outdoor pool.","{'latitude': 36.1180695, 'longitude': -80.2833215}",36.1180695,-80.2833215,4,https://graylyn.com/,"[{'stars': 5, 'count': 425}, {'stars': 4, 'count': 57}, {'stars': 3, 'count': 11}, {'stars': 2, 'count': 10}, {'stars': 1, 'count': 17}]",520,"[{'name': 'Couples', 'description': 'Couple friendly', 'total_mentioned': 38, 'positive': 29, 'negative': 6, 'neutral': 3}, {'name': 'Nature', 'description': 'Nature and outdoor activities', 'total_mentioned': 7, 'positive': 7, 'negative': 0, 'neutral': 0}, {'name': 'Service', 'description': 'Service', 'total_mentioned': 160, 'positive': 138, 'negative': 20, 'neutral': 2}, {'name': 'Business', 'description': 'Business', 'total_mentioned': 29, 'positive': 21, 'negative': 1, 'neutral': 7}, {'name': 'Dining', 'description': 'Food and Beverage', 'total_mentioned': 50, 'positive': 42, 'negative': 5, 'neutral': 3}, {'name': 'Bar', 'description': 'Bar or lounge', 'total_mentioned': 24, 'positive': 13, 'negative': 8, 'neutral': 3}]","1265, Graylyn Court, Reynolda Park, Winston-Salem, Forsyth County, North Carolina, 27106, United States"
New Orleans Marriott Metairie at Lakeway,"Polished hotel offering a cafe, a bar & a restaurant, plus a sauna, a gym & complimentary Wi-Fi.","{'latitude': 30.0183862, 'longitude': -90.15580659999999}",30.0183862,-90.1558066,4,https://www.marriott.com/en-us/hotels/msymm-new-orleans-marriott-metairie-at-lakeway/overview/?scid=f2ae0541-1279-4f24-b197-a979c79310b0,"[{'stars': 5, 'count': 695}, {'stars': 4, 'count': 319}, {'stars': 3, 'count': 167}, {'stars': 2, 'count': 75}, {'stars': 1, 'count': 106}]",1362,"[{'name': 'Nature', 'description': 'Nature and outdoor activities', 'total_mentioned': 46, 'positive': 44, 'negative': 1, 'neutral': 1}, {'name': 'Parking', 'description': 'Parking', 'total_mentioned': 158, 'positive': 46, 'negative': 97, 'neutral': 15}, {'name': 'Bar', 'description': 'Bar or lounge', 'total_mentioned': 71, 'positive': 35, 'negative': 30, 'neutral': 6}, {'name': 'Room', 'description': 'Room amenities', 'total_mentioned': 128, 'positive': 60, 'negative': 55, 'neutral': 13}, {'name': 'Business', 'description': 'Business', 'total_mentioned': 53, 'positive': 29, 'negative': 16, 'neutral': 8}, {'name': 'Gym', 'description': 'Gym', 'total_mentioned': 25, 'positive': 12, 'negative': 13, 'neutral': 0}]","3838, North Causeway Boulevard, Metairie, Jefferson Parish, Louisiana, 70002, United States"
International House Hotel,"Plush rooms & suites, some with soaking tubs, in a chic hotel offering a posh bar & spa treatments.","{'latitude': 29.951235699999998, 'longitude': -90.06892769999999}",29.9512357,-90.06892769999999,4,https://www.ihhotel.com/?utm_source=local&utm_medium=organic&utm_campaign=website_link,"[{'stars': 5, 'count': 569}, {'stars': 4, 'count': 206}, {'stars': 3, 'count': 76}, {'stars': 2, 'count': 49}, {'stars': 1, 'count': 58}]",958,"[{'name': 'Bar', 'description': 'Bar or lounge', 'total_mentioned': 191, 'positive': 143, 'negative': 29, 'neutral': 19}, {'name': 'Service', 'description': 'Service', 'total_mentioned': 366, 'positive': 282, 'negative': 62, 'neutral': 22}, {'name': 'Property', 'description': 'Property', 'total_mentioned': 397, 'positive': 296, 'negative': 70, 'neutral': 31}, {'name': 'Dining', 'description': 'Food and Beverage', 'total_mentioned': 136, 'positive': 107, 'negative': 18, 'neutral': 11}, {'name': 'Location', 'description': 'Location', 'total_mentioned': 226, 'positive': 189, 'negative': 13, 'neutral': 24}, {'name': 'Cleanliness', 'description': 'Cleanliness', 'total_mentioned': 153, 'positive': 108, 'negative': 37, 'neutral': 8}]","217, Camp Street, Storyville, New Orleans, Orleans Parish, Louisiana, 70115, United States"
The Chloe.,"Chic rooms & suites in a refined hotel featuring a restaurant, 2 bars & an outdoor pool.","{'latitude': 29.9270805, 'longitude': -90.0993106}",29.9270805,-90.0993106,4,https://www.thechloenola.com/,"[{'stars': 5, 'count': 249}, {'stars': 4, 'count': 31}, {'stars': 3, 'count': 18}, {'stars': 2, 'count': 15}, {'stars': 1, 'count': 6}]",319,"[{'name': 'Bar', 'description': 'Bar or lounge', 'total_mentioned': 88, 'positive': 66, 'negative': 13, 'neutral': 9}, {'name': 'Dining', 'description': 'Food and Beverage', 'total_mentioned': 82, 'positive': 66, 'negative': 9, 'neutral': 7}, {'name': 'Fitness', 'description': 'Fitness', 'total_mentioned': 35, 'positive': 30, 'negative': 3, 'neutral': 2}, {'name': 'Pool', 'description': 'Pool', 'total_mentioned': 21, 'positive': 19, 'negative': 2, 'neutral': 0}, {'name': 'Breakfast', 'description': 'Breakfast', 'total_mentioned': 35, 'positive': 31, 'negative': 1, 'neutral': 3}, {'name': 'Service', 'description': 'Service', 'total_mentioned': 89, 'positive': 69, 'negative': 16, 'neutral': 4}]","4125, Saint Charles Avenue, Garden District, New Orleans, Orleans Parish, Louisiana, 70115, United States"
Sully Mansion,Elegant bed-&-breakfast in a 19th-century mansion with a furnished veranda & a courtyard.,"{'latitude': 29.9304824, 'longitude': -90.0842991}",29.9304824,-90.0842991,4,http://sullymansion.com/,"[{'stars': 5, 'count': 124}, {'stars': 4, 'count': 11}, {'stars': 3, 'count': 3}, {'stars': 2, 'count': 1}, {'stars': 1, 'count': 1}]",140,"[{'name': 'Couples', 'description': 'Couple friendly', 'total_mentioned': 20, 'positive': 18, 'negative': 0, 'neutral': 2}, {'name': 'Breakfast', 'description': 'Breakfast', 'total_mentioned': 41, 'positive': 38, 'negative': 2, 'neutral': 1}, {'name': 'Restaurant', 'description': 'Restaurant', 'total_mentioned': 23, 'positive': 21, 'negative': 2, 'neutral': 0}, {'name': 'Service', 'description': 'Service', 'total_mentioned': 54, 'positive': 51, 'negative': 1, 'neutral': 2}, {'name': 'Location', 'description': 'Location', 'total_mentioned': 49, 'positive': 45, 'negative': 0, 'neutral': 4}, {'name': 'Sleep', 'description': 'Sleep', 'total_mentioned': 25, 'positive': 20, 'negative': 3, 'neutral': 2}]","1501, Fourth Street, Garden District, New Orleans, Orleans Parish, Louisiana, 70130, United States"
Hyatt Regency New Orleans,"Luxe lodging offering cozy quarters with city views, plus entertainment, dining & a rooftop pool.","{'latitude': 29.9494838, 'longitude': -90.0764379}",29.9494838,-90.0764379,4,https://www.hyatt.com/hyatt-regency/en-US/msyrn-hyatt-regency-new-orleans/?src=corp_lclb_gmb_seo_msyrn,"[{'stars': 5, 'count': 4677}, {'stars': 4, 'count': 1754}, {'stars': 3, 'count': 538}, {'stars': 2, 'count': 194}, {'stars': 1, 'count': 287}]",7450,"[{'name': 'Business', 'description': 'Business', 'total_mentioned': 412, 'positive': 259, 'negative': 76, 'neutral': 77}, {'name': 'Accessibility', 'description': 'Accessibility', 'total_mentioned': 382, 'positive': 131, 'negative': 192, 'neutral': 59}, {'name': 'Property', 'description': 'Property', 'total_mentioned': 1925, 'positive': 1519, 'negative': 268, 'neutral': 138}, {'name': 'Service', 'description': 'Service', 'total_mentioned': 1493, 'positive': 1173, 'negative': 267, 'neutral': 53}, {'name': 'Parking', 'description': 'Parking', 'total_mentioned': 260, 'positive': 103, 'negative': 120, 'neutral': 37}, {'name': 'Dining', 'description': 'Food and Beverage', 'total_mentioned': 366, 'positive': 250, 'negative': 87, 'neutral': 29}]","601, Loyola Avenue, Storyville, New Orleans, Orleans Parish, Louisiana, 70163, United States"
Omni Riverfront Hotel,"Upscale rooms with 42-inch TVs, coffeemakers & Wi-Fi, plus bistro/bar & a fitness center.","{'latitude': 29.945520799999997, 'longitude': -90.06488709999999}",29.9455208,-90.06488709999999,4,https://www.omnihotels.com/hotels/new-orleans-riverfront?utm_source=gmblisting&utm_medium=organic,"[{'stars': 5, 'count': 1003}, {'stars': 4, 'count': 451}, {'stars': 3, 'count': 153}, {'stars': 2, 'count': 94}, {'stars': 1, 'count': 111}]",1812,"[{'name': 'Service', 'description': 'Service', 'total_mentioned': 588, 'positive': 456, 'negative': 107, 'neutral': 25}, {'name': 'Parking', 'description': 'Parking', 'total_mentioned': 110, 'positive': 38, 'negative': 57, 'neutral': 15}, {'name': 'Location', 'description': 'Location', 'total_mentioned': 356, 'positive': 307, 'negative': 22, 'neutral': 27}, {'name': 'Property', 'description': 'Property', 'total_mentioned': 528, 'positive': 390, 'negative': 102, 'neutral': 36}, {'name': 'Cleanliness', 'description': 'Cleanliness', 'total_mentioned': 240, 'positive': 167, 'negative': 64, 'neutral': 9}, {'name': 'Bar', 'description': 'Bar or lounge', 'total_mentioned': 99, 'positive': 61, 'negative': 25, 'neutral': 13}]","Omni Hotel Riverfront New Orleans, 701, Convention Center Boulevard, Storyville, New Orleans, Orleans Parish, Louisiana, 70130, United States"
Le Pavillon Hotel,"Luxe hotel with baroque decor offering elegant rooms & suites, plus a cocktail bar & event space.","{'latitude': 29.9505233, 'longitude': -90.0727996}",29.9505233,-90.0727996,4,https://www.lepavillon.com/?utm_source=google&utm_medium=organic&utm_campaign=gbp_listing,"[{'stars': 5, 'count': 1343}, {'stars': 4, 'count': 460}, {'stars': 3, 'count': 210}, {'stars': 2, 'count': 136}, {'stars': 1, 'count': 217}]",2366,"[{'name': 'Bathroom', 'description': 'Bathroom and toiletries', 'total_mentioned': 310, 'positive': 55, 'negative': 220, 'neutral': 35}, {'name': 'Service', 'description': 'Service', 'total_mentioned': 849, 'positive': 555, 'negative': 232, 'neutral': 62}, {'name': 'Fitness', 'description': 'Fitness', 'total_mentioned': 198, 'positive': 76, 'negative': 99, 'neutral': 23}, {'name': 'Property', 'description': 'Property', 'total_mentioned': 930, 'positive': 673, 'negative': 184, 'neutral': 73}, {'name': 'Bar', 'description': 'Bar or lounge', 'total_mentioned': 215, 'positive': 143, 'negative': 51, 'neutral': 21}, {'name': 'Parking', 'description': 'Parking', 'total_mentioned': 165, 'positive': 49, 'negative': 81, 'neutral': 35}]","Le Pavillon, New Orleans, a Tribute Portfolio Hotel, 833, Poydras Street, Storyville, New Orleans, Orleans Parish, Louisiana, 70112, United States"
The Pontchartrain Hotel,"Storied hideaway dating from 1927 & offering luxe suites, 2 eateries, a coffee shop & a rooftop bar.","{'latitude': 29.934991999999994, 'longitude': -90.0796649}",29.934991999999998,-90.0796649,4,https://thepontchartrainhotel.com/?utm_source=google-gbp&utm_medium=organic&utm_campaign=gbp,"[{'stars': 5, 'count': 867}, {'stars': 4, 'count': 229}, {'stars': 3, 'count': 69}, {'stars': 2, 'count': 30}, {'stars': 1, 'count': 49}]",1244,"[{'name': 'Bar', 'description': 'Bar or lounge', 'total_mentioned': 358, 'positive': 298, 'negative': 31, 'neutral': 29}, {'name': 'Dining', 'description': 'Food and Beverage', 'total_mentioned': 233, 'positive': 187, 'negative': 20, 'neutral': 26}, {'name': 'Nature', 'description': 'Nature and outdoor activities', 'total_mentioned': 31, 'positive': 31, 'negative': 0, 'neutral': 0}, {'name': 'Property', 'description': 'Property', 'total_mentioned': 358, 'positive': 298, 'negative': 35, 'neutral': 25}, {'name': 'Service', 'description': 'Service', 'total_mentioned': 289, 'positive': 233, 'negative': 48, 'neutral': 8}, {'name': 'Room', 'description': 'Room amenities', 'total_mentioned': 110, 'positive': 71, 'negative': 28, 'neutral': 11}]","The Pontchartrain Hotel, Josephine Street, Central City Historic District, Garden District, New Orleans, Orleans Parish, Louisiana, 70130, United States"
888 Baronne,Chic units with kitchens & eclectic decor in a trendy apartment hotel offering a gym & rooftop pool.,"{'latitude': 29.945228399999998, 'longitude': -90.0744274}",29.9452284,-90.0744274,4,,"[{'stars': 5, 'count': 192}, {'stars': 4, 'count': 54}, {'stars': 3, 'count': 9}, {'stars': 2, 'count': 10}, {'stars': 1, 'count': 37}]",302,"[{'name': 'Fitness', 'description': 'Fitness', 'total_mentioned': 49, 'positive': 33, 'negative': 14, 'neutral': 2}, {'name': 'Pool', 'description': 'Pool', 'total_mentioned': 31, 'positive': 24, 'negative': 6, 'neutral': 1}, {'name': 'Parking', 'description': 'Parking', 'total_mentioned': 28, 'positive': 8, 'negative': 13, 'neutral': 7}, {'name': 'Bathroom', 'description': 'Bathroom and toiletries', 'total_mentioned': 36, 'positive': 8, 'negative': 22, 'neutral': 6}, {'name': 'Cleanliness', 'description': 'Cleanliness', 'total_mentioned': 55, 'positive': 25, 'negative': 24, 'neutral': 6}, {'name': 'Property', 'description': 'Property', 'total_mentioned': 98, 'positive': 69, 'negative': 22, 'neutral': 7}]","846, Baronne Street, Storyville, New Orleans, Orleans Parish, Louisiana, 70103, United States"
Loews New Orleans Hotel,"Elegant rooms with views & luxe linens, plus a posh Creole restaurant, a spa & a saltwater lap pool.","{'latitude': 29.948121699999998, 'longitude': -90.06613829999999}",29.9481217,-90.06613829999999,4,https://www.loewshotels.com/new-orleans,"[{'stars': 5, 'count': 1425}, {'stars': 4, 'count': 448}, {'stars': 3, 'count': 140}, {'stars': 2, 'count': 75}, {'stars': 1, 'count': 84}]",2172,"[{'name': 'Service', 'description': 'Service', 'total_mentioned': 650, 'positive': 540, 'negative': 82, 'neutral': 28}, {'name': 'Property', 'description': 'Property', 'total_mentioned': 585, 'positive': 493, 'negative': 66, 'neutral': 26}, {'name': 'Wellness', 'description': 'Wellness', 'total_mentioned': 28, 'positive': 23, 'negative': 4, 'neutral': 1}, {'name': 'Spa', 'description': 'Spa', 'total_mentioned': 24, 'positive': 21, 'negative': 3, 'neutral': 0}, {'name': 'Location', 'description': 'Location', 'total_mentioned': 365, 'positive': 327, 'negative': 11, 'neutral': 27}, {'name': 'Bar', 'description': 'Bar or lounge', 'total_mentioned': 129, 'positive': 88, 'negative': 27, 'neutral': 14}]","300, Poydras Street, Storyville, New Orleans, Orleans Parish, Louisiana, 70130, United States"
Renaissance New Orleans Pere Marquette French Quarter Area Hotel,"Upmarket lodging with a coffee shop, a gym & club rooms with perks.","{'latitude': 29.9532311, 'longitude': -90.0717092}",29.9532311,-90.0717092,4,https://www.marriott.com/en-us/hotels/msybr-renaissance-new-orleans-pere-marquette-french-quarter-area-hotel/overview/?scid=f2ae0541-1279-4f24-b197-a979c79310b0,"[{'stars': 5, 'count': 857}, {'stars': 4, 'count': 451}, {'stars': 3, 'count': 113}, {'stars': 2, 'count': 54}, {'stars': 1, 'count': 84}]",1559,"[{'name': 'Service', 'description': 'Service', 'total_mentioned': 516, 'positive': 410, 'negative': 76, 'neutral': 30}, {'name': 'Property', 'description': 'Property', 'total_mentioned': 519, 'positive': 396, 'negative': 82, 'neutral': 41}, {'name': 'Location', 'description': 'Location', 'total_mentioned': 343, 'positive': 285, 'negative': 20, 'neutral': 38}, {'name': 'Parking', 'description': 'Parking', 'total_mentioned': 80, 'positive': 28, 'negative': 42, 'neutral': 10}, {'name': 'Bathroom', 'description': 'Bathroom and toiletries', 'total_mentioned': 106, 'positive': 31, 'negative': 62, 'neutral': 13}, {'name': 'Bar', 'description': 'Bar or lounge', 'total_mentioned': 88, 'positive': 66, 'negative': 13, 'neutral': 9}]","Renaissance New Orleans Pere Marquette French Quarter Area Hotel, Common Street, Storyville, New Orleans, Orleans Parish, Louisiana, 70170, United States"
The Natchez Vacation Rentals,"Chic, upscale condos with kitchens & exposed brick in a restored 1830 building with an outdoor pool.","{'latitude': 29.949826, 'longitude': -90.0687341}",29.949826,-90.0687341,4,http://www.thenatchez.com/,"[{'stars': 5, 'count': 140}, {'stars': 4, 'count': 25}, {'stars': 3, 'count': 8}, {'stars': 2, 'count': 0}, {'stars': 1, 'count': 11}]",184,"[{'name': 'Hot Tub', 'description': 'Hot tub', 'total_mentioned': 13, 'positive': 12, 'negative': 1, 'neutral': 0}, {'name': 'Fitness', 'description': 'Fitness', 'total_mentioned': 20, 'positive': 18, 'negative': 1, 'neutral': 1}, {'name': 'Bathroom', 'description': 'Bathroom and toiletries', 'total_mentioned': 36, 'positive': 28, 'negative': 8, 'neutral': 0}, {'name': 'Location', 'description': 'Location', 'total_mentioned': 60, 'positive': 56, 'negative': 1, 'neutral': 3}, {'name': 'Family', 'description': 'Family friendly', 'total_mentioned': 16, 'positive': 12, 'negative': 3, 'neutral': 1}, {'name': 'Service', 'description': 'Service', 'total_mentioned': 54, 'positive': 46, 'negative': 8, 'neutral': 0}]","The Natchez Vacation Rentals, 530, Natchez Street, Storyville, New Orleans, Orleans Parish, Louisiana, 70130, United States"
Old No. 77 Hotel & Chandlery,Hip hotel in 3 18th-century warehouses featuring rooms with exposed brick & elegant furniture.,"{'latitude': 29.9479257, 'longitude': -90.0674355}",29.9479257,-90.0674355,4,https://www.old77hotel.com/,"[{'stars': 5, 'count': 623}, {'stars': 4, 'count': 315}, {'stars': 3, 'count': 109}, {'stars': 2, 'count': 45}, {'stars': 1, 'count': 67}]",1159,"[{'name': 'Property', 'description': 'Property', 'total_mentioned': 518, 'positive': 378, 'negative': 102, 'neutral': 38}, {'name': 'Bar', 'description': 'Bar or lounge', 'total_mentioned': 127, 'positive': 102, 'negative': 18, 'neutral': 7}, {'name': 'Service', 'description': 'Service', 'total_mentioned': 341, 'positive': 251, 'negative': 71, 'neutral': 19}, {'name': 'Sleep', 'description': 'Sleep', 'total_mentioned': 184, 'positive': 76, 'negative': 78, 'neutral': 30}, {'name': 'Parking', 'description': 'Parking', 'total_mentioned': 65, 'positive': 24, 'negative': 34, 'neutral': 7}, {'name': 'Pets', 'description': 'Pets', 'total_mentioned': 22, 'positive': 14, 'negative': 7, 'neutral': 1}]","Ambassador Hotel, 535, Tchoupitoulas Street, Storyville, New Orleans, Orleans Parish, Louisiana, 70130, United States"
Auld Sweet Olive Bed and Breakfast,Nature-themed rooms in an airy 1850s Creole house offering a courtyard with olive trees & a hammock.,"{'latitude': 29.9675409, 'longitude': -90.05261709999999}",29.9675409,-90.05261709999999,4,https://sweetolive.com/,"[{'stars': 5, 'count': 129}, {'stars': 4, 'count': 6}, {'stars': 3, 'count': 3}, {'stars': 2, 'count': 1}, {'stars': 1, 'count': 1}]",140,"[{'name': 'Breakfast', 'description': 'Breakfast', 'total_mentioned': 59, 'positive': 57, 'negative': 1, 'neutral': 1}, {'name': 'Restaurant', 'description': 'Restaurant', 'total_mentioned': 35, 'positive': 34, 'negative': 0, 'neutral': 1}, {'name': 'Fitness', 'description': 'Fitness', 'total_mentioned': 28, 'positive': 28, 'negative': 0, 'neutral': 0}, {'name': 'Pool', 'description': 'Pool', 'total_mentioned': 18, 'positive': 18, 'negative': 0, 'neutral': 0}, {'name': 'Sleep', 'description': 'Sleep', 'total_mentioned': 47, 'positive': 38, 'negative': 1, 'neutral': 8}, {'name': 'Hot Tub', 'description': 'Hot tub', 'total_mentioned': 6, 'positive': 6, 'negative': 0, 'neutral': 0}]","2460, North Rampart Street, Faubourg Marigny, New Orleans, Orleans Parish, Louisiana, 70117, United States"
Hotel Peter and Paul,"Upmarket hotel in an 1860 church & school with refined rooms, a chic bar & free Wi-Fi.","{'latitude': 29.966749199999995, 'longitude': -90.05521159999999}",29.966749199999995,-90.05521159999999,4,http://www.hotelpeterandpaul.com/,"[{'stars': 5, 'count': 376}, {'stars': 4, 'count': 53}, {'stars': 3, 'count': 17}, {'stars': 2, 'count': 6}, {'stars': 1, 'count': 11}]",463,"[{'name': 'Bar', 'description': 'Bar or lounge', 'total_mentioned': 73, 'positive': 55, 'negative': 12, 'neutral': 6}, {'name': 'Property', 'description': 'Property', 'total_mentioned': 211, 'positive': 186, 'negative': 10, 'neutral': 15}, {'name': 'Service', 'description': 'Service', 'total_mentioned': 168, 'positive': 144, 'negative': 14, 'neutral': 10}, {'name': 'Dining', 'description': 'Food and Beverage', 'total_mentioned': 64, 'positive': 54, 'negative': 4, 'neutral': 6}, {'name': 'Couples', 'description': 'Couple friendly', 'total_mentioned': 15, 'positive': 11, 'negative': 0, 'neutral': 4}, {'name': 'Safety', 'description': 'Safety', 'total_mentioned': 35, 'positive': 27, 'negative': 7, 'neutral': 1}]","Burgundy Street, Faubourg Marigny, New Orleans, Orleans Parish, Louisiana, 70117, United States"
Club Wyndham La Belle Maison,,"{'latitude': 29.950931899999997, 'longitude': -90.06785479999999}",29.9509319,-90.06785479999999,4,https://www.extraholidays.com/new-orleans-louisiana/wyndham-la-belle-maison?Identifier=psearch&hotelid=15444&utm_medium=referral&utm_source=google.com-local&utm_campaign=yext&utm_content=wynlabellemaison,"[{'stars': 5, 'count': 1112}, {'stars': 4, 'count': 379}, {'stars': 3, 'count': 85}, {'stars': 2, 'count': 25}, {'stars': 1, 'count': 45}]",1646,"[{'name': 'Location', 'description': 'Location', 'total_mentioned': 417, 'positive': 375, 'negative': 13, 'neutral': 29}, {'name': 'Service', 'description': 'Service', 'total_mentioned': 459, 'positive': 389, 'negative': 45, 'neutral': 25}, {'name': 'Property', 'description': 'Property', 'total_mentioned': 542, 'positive': 480, 'negative': 24, 'neutral': 38}, {'name': 'Parking', 'description': 'Parking', 'total_mentioned': 102, 'positive': 41, 'negative': 45, 'neutral': 16}, {'name': 'Wellness', 'description': 'Wellness', 'total_mentioned': 22, 'positive': 18, 'negative': 2, 'neutral': 2}, {'name': 'Fitness', 'description': 'Fitness', 'total_mentioned': 72, 'positive': 42, 'negative': 22, 'neutral': 8}]","Wyndham La Belle Maison, 209, Magazine Street, Storyville, New Orleans, Orleans Parish, Louisiana, 70130, United States"
