Name,Description,Coordinates,Hotel Class,Link,Ratings,Reviews,Reviews Breakdown
TownePlace Suites New Orleans Metairie,"Relaxed all-suite hotel with free Wi-Fi & continental breakfast, plus a gym & an outdoor pool.","{'latitude': 29.9646448, 'longitude': -90.1912036}",2,https://www.marriott.com/en-us/hotels/msytm-towneplace-suites-new-orleans-metairie/overview/?scid=f2ae0541-1279-4f24-b197-a979c79310b0,"[{'stars': 5, 'count': 296}, {'stars': 4, 'count': 188}, {'stars': 3, 'count': 72}, {'stars': 2, 'count': 39}, {'stars': 1, 'count': 67}]",662,"[{'name': 'Accessibility', 'description': 'Accessibility', 'total_mentioned': 11, 'positive': 2, 'negative': 8, 'neutral': 1}, {'name': 'Pool', 'description': 'Pool', 'total_mentioned': 12, 'positive': 11, 'negative': 0, 'neutral': 1}, {'name': 'Nightlife', 'description': 'Nightlife', 'total_mentioned': 9, 'positive': 6, 'negative': 0, 'neutral': 3}, {'name': 'Transit', 'description': 'Public transit', 'total_mentioned': 8, 'positive': 6, 'negative': 0, 'neutral': 2}, {'name': 'Gym', 'description': 'Gym', 'total_mentioned': 5, 'positive': 2, 'negative': 1, 'neutral': 2}, {'name': 'Service', 'description': 'Service', 'total_mentioned': 175, 'positive': 130, 'negative': 38, 'neutral': 7}]"
#1212 12th FL SKYLINE CITYSCAPE VIEWS-ROOFTOP POOL,N/A,"{'latitude': 29.953861236572266, 'longitude': -90.0728530883789}",N/A,https://new.rentalsunited.com/Property/3782696?sc=554691,N/A,2,N/A
New Orleans Marriott Metairie at Lakeway,"Polished hotel offering a cafe, a bar & a restaurant, plus a sauna, a gym & complimentary Wi-Fi.","{'latitude': 30.0183862, 'longitude': -90.15580659999999}",4,https://www.marriott.com/en-us/hotels/msymm-new-orleans-marriott-metairie-at-lakeway/overview/?scid=f2ae0541-1279-4f24-b197-a979c79310b0,"[{'stars': 5, 'count': 695}, {'stars': 4, 'count': 319}, {'stars': 3, 'count': 167}, {'stars': 2, 'count': 75}, {'stars': 1, 'count': 106}]",1362,"[{'name': 'Nature', 'description': 'Nature and outdoor activities', 'total_mentioned': 46, 'positive': 44, 'negative': 1, 'neutral': 1}, {'name': 'Parking', 'description': 'Parking', 'total_mentioned': 158, 'positive': 46, 'negative': 97, 'neutral': 15}, {'name': 'Bar', 'description': 'Bar or lounge', 'total_mentioned': 71, 'positive': 35, 'negative': 30, 'neutral': 6}, {'name': 'Room', 'description': 'Room amenities', 'total_mentioned': 128, 'positive': 60, 'negative': 55, 'neutral': 13}, {'name': 'Business', 'description': 'Business', 'total_mentioned': 53, 'positive': 29, 'negative': 16, 'neutral': 8}, {'name': 'Gym', 'description': 'Gym', 'total_mentioned': 25, 'positive': 12, 'negative': 13, 'neutral': 0}]"
The Pelham Hotel,Homey hotel with an old-world vibe offering a cozy restaurant & complimentary Wi-Fi.,"{'latitude': 29.9509937, 'longitude': -90.0672534}",3,http://www.thepelhamhotel.com/,"[{'stars': 5, 'count': 513}, {'stars': 4, 'count': 263}, {'stars': 3, 'count': 94}, {'stars': 2, 'count': 40}, {'stars': 1, 'count': 79}]",989,"[{'name': 'Property', 'description': 'Property', 'total_mentioned': 414, 'positive': 304, 'negative': 81, 'neutral': 29}, {'name': 'Service', 'description': 'Service', 'total_mentioned': 330, 'positive': 247, 'negative': 72, 'neutral': 11}, {'name': 'Location', 'description': 'Location', 'total_mentioned': 275, 'positive': 236, 'negative': 9, 'neutral': 30}, {'name': 'Parking', 'description': 'Parking', 'total_mentioned': 80, 'positive': 17, 'negative': 51, 'neutral': 12}, {'name': 'Cleanliness', 'description': 'Cleanliness', 'total_mentioned': 185, 'positive': 132, 'negative': 37, 'neutral': 16}, {'name': 'Bathroom', 'description': 'Bathroom and toiletries', 'total_mentioned': 72, 'positive': 26, 'negative': 41, 'neutral': 5}]"
Red Roof Inn New Orleans - Westbank,N/A,"{'latitude': 29.895479599999994, 'longitude': -90.08826309999999}",2,https://www.redroof.com/property/la/Harvey/RRI1087?utm_source=GMB&utm_medium=Google&utm_campaign=GMB_Performance_RRI1087,"[{'stars': 5, 'count': 66}, {'stars': 4, 'count': 33}, {'stars': 3, 'count': 60}, {'stars': 2, 'count': 25}, {'stars': 1, 'count': 170}]",354,"[{'name': 'Cleanliness', 'description': 'Cleanliness', 'total_mentioned': 113, 'positive': 15, 'negative': 94, 'neutral': 4}, {'name': 'Bathroom', 'description': 'Bathroom and toiletries', 'total_mentioned': 72, 'positive': 3, 'negative': 67, 'neutral': 2}, {'name': 'Sleep', 'description': 'Sleep', 'total_mentioned': 82, 'positive': 4, 'negative': 76, 'neutral': 2}, {'name': 'Property', 'description': 'Property', 'total_mentioned': 98, 'positive': 22, 'negative': 70, 'neutral': 6}, {'name': 'Pets', 'description': 'Pets', 'total_mentioned': 8, 'positive': 3, 'negative': 5, 'neutral': 0}, {'name': 'Kitchen', 'description': 'Kitchen', 'total_mentioned': 27, 'positive': 3, 'negative': 22, 'neutral': 2}]"
"Blake Hotel New Orleans, BW Signature Collection","Traditional rooms with free Wi-Fi & city or park views, plus a casual cafe serving weekend brunch.","{'latitude': 29.949247099999997, 'longitude': -90.070604}",3,https://www.bestwestern.com/en_US/book/hotel-rooms.19120.html?iata=00171880&ssob=BLBWI0004G&cid=BLBWI0004G:google:gmb:19120,"[{'stars': 5, 'count': 460}, {'stars': 4, 'count': 355}, {'stars': 3, 'count': 208}, {'stars': 2, 'count': 112}, {'stars': 1, 'count': 208}]",1343,"[{'name': 'Parking', 'description': 'Parking', 'total_mentioned': 146, 'positive': 19, 'negative': 112, 'neutral': 15}, {'name': 'Cleanliness', 'description': 'Cleanliness', 'total_mentioned': 312, 'positive': 141, 'negative': 148, 'neutral': 23}, {'name': 'Bathroom', 'description': 'Bathroom and toiletries', 'total_mentioned': 173, 'positive': 20, 'negative': 139, 'neutral': 14}, {'name': 'Service', 'description': 'Service', 'total_mentioned': 459, 'positive': 269, 'negative': 164, 'neutral': 26}, {'name': 'Property', 'description': 'Property', 'total_mentioned': 480, 'positive': 249, 'negative': 182, 'neutral': 49}, {'name': 'Sleep', 'description': 'Sleep', 'total_mentioned': 194, 'positive': 37, 'negative': 128, 'neutral': 29}]"
Catahoula New Orleans,"Low-key rooms in a chic hotel offering a stylish cocktail bar, plus a rooftop bar with city views","{'latitude': 29.951846099999994, 'longitude': -90.0732132}",2,https://catahoulahotel.com/,"[{'stars': 5, 'count': 359}, {'stars': 4, 'count': 141}, {'stars': 3, 'count': 45}, {'stars': 2, 'count': 45}, {'stars': 1, 'count': 97}]",687,"[{'name': 'Bar', 'description': 'Bar or lounge', 'total_mentioned': 199, 'positive': 156, 'negative': 22, 'neutral': 21}, {'name': 'Bathroom', 'description': 'Bathroom and toiletries', 'total_mentioned': 107, 'positive': 17, 'negative': 72, 'neutral': 18}, {'name': 'Sleep', 'description': 'Sleep', 'total_mentioned': 122, 'positive': 33, 'negative': 72, 'neutral': 17}, {'name': 'Dining', 'description': 'Food and Beverage', 'total_mentioned': 119, 'positive': 95, 'negative': 11, 'neutral': 13}, {'name': 'Property', 'description': 'Property', 'total_mentioned': 277, 'positive': 165, 'negative': 89, 'neutral': 23}, {'name': 'Room', 'description': 'Room amenities', 'total_mentioned': 97, 'positive': 22, 'negative': 62, 'neutral': 13}]"
Moxy New Orleans Downtown/French Quarter Area,"Contemporary hotel offering stylish quarters, plus a lively, 24-hour cafe/bar & a gym.","{'latitude': 29.953517299999994, 'longitude': -90.0731787}",3,https://www.marriott.com/en-us/hotels/msyof-moxy-new-orleans-downtown-french-quarter-area/overview/?scid=f2ae0541-1279-4f24-b197-a979c79310b0,"[{'stars': 5, 'count': 666}, {'stars': 4, 'count': 323}, {'stars': 3, 'count': 146}, {'stars': 2, 'count': 81}, {'stars': 1, 'count': 124}]",1340,"[{'name': 'Bar', 'description': 'Bar or lounge', 'total_mentioned': 260, 'positive': 174, 'negative': 51, 'neutral': 35}, {'name': 'Property', 'description': 'Property', 'total_mentioned': 504, 'positive': 320, 'negative': 126, 'neutral': 58}, {'name': 'Bathroom', 'description': 'Bathroom and toiletries', 'total_mentioned': 146, 'positive': 40, 'negative': 93, 'neutral': 13}, {'name': 'Service', 'description': 'Service', 'total_mentioned': 405, 'positive': 253, 'negative': 130, 'neutral': 22}, {'name': 'Dining', 'description': 'Food and Beverage', 'total_mentioned': 138, 'positive': 91, 'negative': 28, 'neutral': 19}, {'name': 'Parking', 'description': 'Parking', 'total_mentioned': 72, 'positive': 14, 'negative': 43, 'neutral': 15}]"
The Jung Hotel & Residences,"Modern rooms & suites in an upmarket hotel offering a restaurant, a cocktail bar & a rooftop pool.","{'latitude': 29.957205100000003, 'longitude': -90.0758125}",3,http://www.junghotel.com/,"[{'stars': 5, 'count': 1003}, {'stars': 4, 'count': 270}, {'stars': 3, 'count': 117}, {'stars': 2, 'count': 53}, {'stars': 1, 'count': 73}]",1516,"[{'name': 'Fitness', 'description': 'Fitness', 'total_mentioned': 124, 'positive': 65, 'negative': 39, 'neutral': 20}, {'name': 'Property', 'description': 'Property', 'total_mentioned': 540, 'positive': 444, 'negative': 55, 'neutral': 41}, {'name': 'Service', 'description': 'Service', 'total_mentioned': 408, 'positive': 299, 'negative': 83, 'neutral': 26}, {'name': 'Pool', 'description': 'Pool', 'total_mentioned': 74, 'positive': 49, 'negative': 13, 'neutral': 12}, {'name': 'Bathroom', 'description': 'Bathroom and toiletries', 'total_mentioned': 132, 'positive': 59, 'negative': 55, 'neutral': 18}, {'name': 'Parking', 'description': 'Parking', 'total_mentioned': 105, 'positive': 45, 'negative': 48, 'neutral': 12}]"
Aloft New Orleans Downtown,"Slick lodging with a funky lobby lounge & a cocktail bar, plus a rooftop pool & a fitness room.","{'latitude': 29.952657100000003, 'longitude': -90.0724602}",3,https://www.marriott.com/en-us/hotels/msyal-aloft-new-orleans-downtown/overview/?scid=f2ae0541-1279-4f24-b197-a979c79310b0,"[{'stars': 5, 'count': 883}, {'stars': 4, 'count': 412}, {'stars': 3, 'count': 144}, {'stars': 2, 'count': 59}, {'stars': 1, 'count': 117}]",1615,"[{'name': 'Pets', 'description': 'Pets', 'total_mentioned': 42, 'positive': 24, 'negative': 15, 'neutral': 3}, {'name': 'Service', 'description': 'Service', 'total_mentioned': 454, 'positive': 319, 'negative': 117, 'neutral': 18}, {'name': 'Bar', 'description': 'Bar or lounge', 'total_mentioned': 146, 'positive': 112, 'negative': 21, 'neutral': 13}, {'name': 'Parking', 'description': 'Parking', 'total_mentioned': 111, 'positive': 30, 'negative': 62, 'neutral': 19}, {'name': 'Fitness', 'description': 'Fitness', 'total_mentioned': 103, 'positive': 63, 'negative': 28, 'neutral': 12}, {'name': 'Property', 'description': 'Property', 'total_mentioned': 513, 'positive': 383, 'negative': 98, 'neutral': 32}]"
"The Mercantile Hotel New Orleans, LA","Upscale all-suite hotel set in a restored sugar refinery, plus a fitness center & free breakfast.","{'latitude': 29.9455734, 'longitude': -90.066036}",3,https://themercantilehotelneworleans.com/,"[{'stars': 5, 'count': 461}, {'stars': 4, 'count': 121}, {'stars': 3, 'count': 46}, {'stars': 2, 'count': 33}, {'stars': 1, 'count': 55}]",716,"[{'name': 'Property', 'description': 'Property', 'total_mentioned': 334, 'positive': 260, 'negative': 53, 'neutral': 21}, {'name': 'Bar', 'description': 'Bar or lounge', 'total_mentioned': 84, 'positive': 61, 'negative': 13, 'neutral': 10}, {'name': 'Service', 'description': 'Service', 'total_mentioned': 273, 'positive': 200, 'negative': 62, 'neutral': 11}, {'name': 'Parking', 'description': 'Parking', 'total_mentioned': 63, 'positive': 20, 'negative': 35, 'neutral': 8}, {'name': 'Breakfast', 'description': 'Breakfast', 'total_mentioned': 73, 'positive': 40, 'negative': 24, 'neutral': 9}, {'name': 'Location', 'description': 'Location', 'total_mentioned': 191, 'positive': 152, 'negative': 15, 'neutral': 24}]"
Club Wyndham Avenue Plaza,"Straightforward studios & 1-bedroom units with kitchenettes, plus a rooftop sundeck & 2 pools.","{'latitude': 29.9347516, 'longitude': -90.08004559999999}",3,https://www.avenueplazaresort.com/?Identifier=psearch&hotelid=3553&utm_medium=referral&utm_source=google.com-local&utm_campaign=yext&utm_content=avenueplazaresort,"[{'stars': 5, 'count': 1136}, {'stars': 4, 'count': 533}, {'stars': 3, 'count': 156}, {'stars': 2, 'count': 45}, {'stars': 1, 'count': 72}]",1942,"[{'name': 'Service', 'description': 'Service', 'total_mentioned': 634, 'positive': 537, 'negative': 73, 'neutral': 24}, {'name': 'Fitness', 'description': 'Fitness', 'total_mentioned': 101, 'positive': 74, 'negative': 14, 'neutral': 13}, {'name': 'Parking', 'description': 'Parking', 'total_mentioned': 106, 'positive': 42, 'negative': 46, 'neutral': 18}, {'name': 'Hot Tub', 'description': 'Hot tub', 'total_mentioned': 35, 'positive': 27, 'negative': 3, 'neutral': 5}, {'name': 'Location', 'description': 'Location', 'total_mentioned': 354, 'positive': 307, 'negative': 20, 'neutral': 27}, {'name': 'Property', 'description': 'Property', 'total_mentioned': 518, 'positive': 405, 'negative': 72, 'neutral': 41}]"
Maison Dupuy Hotel,"Elegant rooms in 5 adjoining townhouses, plus an outdoor pool, an American bistro & a courtyard.","{'latitude': 29.959336999999998, 'longitude': -90.0683102}",3,http://www.maisondupuy.com/,"[{'stars': 5, 'count': 874}, {'stars': 4, 'count': 486}, {'stars': 3, 'count': 200}, {'stars': 2, 'count': 83}, {'stars': 1, 'count': 114}]",1757,"[{'name': 'Fitness', 'description': 'Fitness', 'total_mentioned': 153, 'positive': 105, 'negative': 34, 'neutral': 14}, {'name': 'Service', 'description': 'Service', 'total_mentioned': 573, 'positive': 430, 'negative': 113, 'neutral': 30}, {'name': 'Location', 'description': 'Location', 'total_mentioned': 458, 'positive': 387, 'negative': 30, 'neutral': 41}, {'name': 'Property', 'description': 'Property', 'total_mentioned': 602, 'positive': 387, 'negative': 154, 'neutral': 61}, {'name': 'Pool', 'description': 'Pool', 'total_mentioned': 91, 'positive': 76, 'negative': 8, 'neutral': 7}, {'name': 'Room', 'description': 'Room amenities', 'total_mentioned': 188, 'positive': 61, 'negative': 109, 'neutral': 18}]"
Wyndham New Orleans - French Quarter,"Sophisticated lodging with an indoor pool & fitness center, plus Southern dining & free Wi-Fi.","{'latitude': 29.953758800000003, 'longitude': -90.06835339999999}",3,https://www.wyndhamhotels.com/wyndham/new-orleans-louisiana/wyndham-new-orleans-french-quarter/overview?CID=LC:46q62bu8edfbx3y:47157&iata=00093796,"[{'stars': 5, 'count': 1755}, {'stars': 4, 'count': 989}, {'stars': 3, 'count': 422}, {'stars': 2, 'count': 159}, {'stars': 1, 'count': 218}]",3543,"[{'name': 'Location', 'description': 'Location', 'total_mentioned': 986, 'positive': 828, 'negative': 89, 'neutral': 69}, {'name': 'Parking', 'description': 'Parking', 'total_mentioned': 293, 'positive': 104, 'negative': 144, 'neutral': 45}, {'name': 'Service', 'description': 'Service', 'total_mentioned': 1035, 'positive': 750, 'negative': 223, 'neutral': 62}, {'name': 'Cleanliness', 'description': 'Cleanliness', 'total_mentioned': 675, 'positive': 479, 'negative': 155, 'neutral': 41}, {'name': 'Fitness', 'description': 'Fitness', 'total_mentioned': 180, 'positive': 91, 'negative': 69, 'neutral': 20}, {'name': 'Property', 'description': 'Property', 'total_mentioned': 1000, 'positive': 707, 'negative': 211, 'neutral': 82}]"
The Lafayette New Orleans by Kasa,"Landmark French Regency-style hotel offering wrought-iron balconies, warm rooms & a steakhouse.","{'latitude': 29.947718899999998, 'longitude': -90.07097519999999}",3,https://kasa.com/properties/the-lafayette-new-orleans-by-kasa?utm_source=Google&utm_medium=nonpaid&utm_campaign=GMB&utm_term=VisitHotelWebsiteButton&utm_content=LNO,"[{'stars': 5, 'count': 399}, {'stars': 4, 'count': 194}, {'stars': 3, 'count': 52}, {'stars': 2, 'count': 26}, {'stars': 1, 'count': 46}]",717,"[{'name': 'Service', 'description': 'Service', 'total_mentioned': 249, 'positive': 201, 'negative': 39, 'neutral': 9}, {'name': 'Property', 'description': 'Property', 'total_mentioned': 274, 'positive': 212, 'negative': 37, 'neutral': 25}, {'name': 'Location', 'description': 'Location', 'total_mentioned': 190, 'positive': 167, 'negative': 8, 'neutral': 15}, {'name': 'Cleanliness', 'description': 'Cleanliness', 'total_mentioned': 139, 'positive': 108, 'negative': 27, 'neutral': 4}, {'name': 'Bathroom', 'description': 'Bathroom and toiletries', 'total_mentioned': 57, 'positive': 12, 'negative': 39, 'neutral': 6}, {'name': 'Parking', 'description': 'Parking', 'total_mentioned': 43, 'positive': 18, 'negative': 16, 'neutral': 9}]"
Inn on St Ann,"Airy rooms & suites, some with balconies, in a refined hotel dating from 1830, plus a courtyard.","{'latitude': 29.960967799999995, 'longitude': -90.0668985}",3,https://www.frenchquarterguesthouses.com/our-hotels/inn-on-st-ann,"[{'stars': 5, 'count': 224}, {'stars': 4, 'count': 82}, {'stars': 3, 'count': 27}, {'stars': 2, 'count': 15}, {'stars': 1, 'count': 20}]",368,"[{'name': 'Property', 'description': 'Property', 'total_mentioned': 162, 'positive': 120, 'negative': 24, 'neutral': 18}, {'name': 'Location', 'description': 'Location', 'total_mentioned': 115, 'positive': 98, 'negative': 3, 'neutral': 14}, {'name': 'Service', 'description': 'Service', 'total_mentioned': 139, 'positive': 114, 'negative': 17, 'neutral': 8}, {'name': 'Cleanliness', 'description': 'Cleanliness', 'total_mentioned': 76, 'positive': 54, 'negative': 15, 'neutral': 7}, {'name': 'Room', 'description': 'Room amenities', 'total_mentioned': 48, 'positive': 16, 'negative': 24, 'neutral': 8}, {'name': 'Sleep', 'description': 'Sleep', 'total_mentioned': 59, 'positive': 25, 'negative': 23, 'neutral': 11}]"
International House Hotel,"Plush rooms & suites, some with soaking tubs, in a chic hotel offering a posh bar & spa treatments.","{'latitude': 29.951235699999998, 'longitude': -90.06892769999999}",4,https://www.ihhotel.com/?utm_source=local&utm_medium=organic&utm_campaign=website_link,"[{'stars': 5, 'count': 569}, {'stars': 4, 'count': 206}, {'stars': 3, 'count': 76}, {'stars': 2, 'count': 49}, {'stars': 1, 'count': 58}]",958,"[{'name': 'Bar', 'description': 'Bar or lounge', 'total_mentioned': 191, 'positive': 143, 'negative': 29, 'neutral': 19}, {'name': 'Service', 'description': 'Service', 'total_mentioned': 366, 'positive': 282, 'negative': 62, 'neutral': 22}, {'name': 'Property', 'description': 'Property', 'total_mentioned': 397, 'positive': 296, 'negative': 70, 'neutral': 31}, {'name': 'Dining', 'description': 'Food and Beverage', 'total_mentioned': 136, 'positive': 107, 'negative': 18, 'neutral': 11}, {'name': 'Location', 'description': 'Location', 'total_mentioned': 226, 'positive': 189, 'negative': 13, 'neutral': 24}, {'name': 'Cleanliness', 'description': 'Cleanliness', 'total_mentioned': 153, 'positive': 108, 'negative': 37, 'neutral': 8}]"
New Orleans KOA Holiday,N/A,"{'latitude': 29.971432999999998, 'longitude': -90.23438929999999}",N/A,https://koa.com/campgrounds/new-orleans/?utm_source=google&utm_medium=organic&utm_campaign=gbp,"[{'stars': 5, 'count': 470}, {'stars': 4, 'count': 178}, {'stars': 3, 'count': 64}, {'stars': 2, 'count': 18}, {'stars': 1, 'count': 38}]",768,"[{'name': 'Service', 'description': 'Service', 'total_mentioned': 296, 'positive': 263, 'negative': 20, 'neutral': 13}, {'name': 'Cleanliness', 'description': 'Cleanliness', 'total_mentioned': 206, 'positive': 189, 'negative': 12, 'neutral': 5}, {'name': 'Location', 'description': 'Location', 'total_mentioned': 157, 'positive': 116, 'negative': 12, 'neutral': 29}, {'name': 'Sleep', 'description': 'Sleep', 'total_mentioned': 59, 'positive': 5, 'negative': 35, 'neutral': 19}]"
"St Charles Coach House, Ascend Hotel Collection","Relaxed hotel offering a bar/restaurant, a lounge & meeting space, plus complimentary Wi-Fi.","{'latitude': 29.935491599999995, 'longitude': -90.0792062}",3,https://www.choicehotels.com/louisiana/new-orleans/ascend-hotels/la087?mc=llgoxxpx,"[{'stars': 5, 'count': 347}, {'stars': 4, 'count': 112}, {'stars': 3, 'count': 36}, {'stars': 2, 'count': 9}, {'stars': 1, 'count': 15}]",519,"[{'name': 'Parking', 'description': 'Parking', 'total_mentioned': 66, 'positive': 52, 'negative': 6, 'neutral': 8}, {'name': 'Service', 'description': 'Service', 'total_mentioned': 196, 'positive': 172, 'negative': 12, 'neutral': 12}, {'name': 'Property', 'description': 'Property', 'total_mentioned': 205, 'positive': 187, 'negative': 11, 'neutral': 7}, {'name': 'Cleanliness', 'description': 'Cleanliness', 'total_mentioned': 110, 'positive': 90, 'negative': 14, 'neutral': 6}, {'name': 'Location', 'description': 'Location', 'total_mentioned': 118, 'positive': 103, 'negative': 4, 'neutral': 11}, {'name': 'Sleep', 'description': 'Sleep', 'total_mentioned': 59, 'positive': 41, 'negative': 13, 'neutral': 5}]"
