Name,Description,Coordinates,Hotel Class,Link,Ratings,Reviews,Reviews Breakdown
#1212 12th FL SKYLINE CITYSCAPE VIEWS-ROOFTOP POOL,N/A,"{'latitude': 29.953861236572266, 'longitude': -90.0728530883789}",N/A,https://new.rentalsunited.com/Property/3782696?sc=554691,N/A,2,N/A
The Pelham Hotel,Homey hotel with an old-world vibe offering a cozy restaurant & complimentary Wi-Fi.,"{'latitude': 29.9509937, 'longitude': -90.0672534}",3,http://www.thepelhamhotel.com/,"[{'stars': 5, 'count': 513}, {'stars': 4, 'count': 263}, {'stars': 3, 'count': 94}, {'stars': 2, 'count': 40}, {'stars': 1, 'count': 79}]",989,"[{'name': 'Property', 'description': 'Property', 'total_mentioned': 414, 'positive': 304, 'negative': 81, 'neutral': 29}, {'name': 'Service', 'description': 'Service', 'total_mentioned': 330, 'positive': 247, 'negative': 72, 'neutral': 11}, {'name': 'Location', 'description': 'Location', 'total_mentioned': 275, 'positive': 236, 'negative': 9, 'neutral': 30}, {'name': 'Parking', 'description': 'Parking', 'total_mentioned': 80, 'positive': 17, 'negative': 51, 'neutral': 12}, {'name': 'Cleanliness', 'description': 'Cleanliness', 'total_mentioned': 185, 'positive': 132, 'negative': 37, 'neutral': 16}, {'name': 'Bathroom', 'description': 'Bathroom and toiletries', 'total_mentioned': 72, 'positive': 26, 'negative': 41, 'neutral': 5}]"
Catahoula New Orleans,"Low-key rooms in a chic hotel offering a stylish cocktail bar, plus a rooftop bar with city views","{'latitude': 29.951846099999994, 'longitude': -90.0732132}",2,https://catahoulahotel.com/,"[{'stars': 5, 'count': 359}, {'stars': 4, 'count': 141}, {'stars': 3, 'count': 45}, {'stars': 2, 'count': 45}, {'stars': 1, 'count': 97}]",687,"[{'name': 'Bar', 'description': 'Bar or lounge', 'total_mentioned': 199, 'positive': 156, 'negative': 22, 'neutral': 21}, {'name': 'Bathroom', 'description': 'Bathroom and toiletries', 'total_mentioned': 107, 'positive': 17, 'negative': 72, 'neutral': 18}, {'name': 'Sleep', 'description': 'Sleep', 'total_mentioned': 122, 'positive': 33, 'negative': 72, 'neutral': 17}, {'name': 'Dining', 'description': 'Food and Beverage', 'total_mentioned': 119, 'positive': 95, 'negative': 11, 'neutral': 13}, {'name': 'Property', 'description': 'Property', 'total_mentioned': 277, 'positive': 165, 'negative': 89, 'neutral': 23}, {'name': 'Room', 'description': 'Room amenities', 'total_mentioned': 97, 'positive': 22, 'negative': 62, 'neutral': 13}]"
Moxy New Orleans Downtown/French Quarter Area,"Contemporary hotel offering stylish quarters, plus a lively, 24-hour cafe/bar & a gym.","{'latitude': 29.953517299999994, 'longitude': -90.0731787}",3,https://www.marriott.com/en-us/hotels/msyof-moxy-new-orleans-downtown-french-quarter-area/overview/?scid=f2ae0541-1279-4f24-b197-a979c79310b0,"[{'stars': 5, 'count': 666}, {'stars': 4, 'count': 323}, {'stars': 3, 'count': 146}, {'stars': 2, 'count': 81}, {'stars': 1, 'count': 124}]",1340,"[{'name': 'Bar', 'description': 'Bar or lounge', 'total_mentioned': 260, 'positive': 174, 'negative': 51, 'neutral': 35}, {'name': 'Property', 'description': 'Property', 'total_mentioned': 504, 'positive': 320, 'negative': 126, 'neutral': 58}, {'name': 'Bathroom', 'description': 'Bathroom and toiletries', 'total_mentioned': 146, 'positive': 40, 'negative': 93, 'neutral': 13}, {'name': 'Service', 'description': 'Service', 'total_mentioned': 405, 'positive': 253, 'negative': 130, 'neutral': 22}, {'name': 'Dining', 'description': 'Food and Beverage', 'total_mentioned': 138, 'positive': 91, 'negative': 28, 'neutral': 19}, {'name': 'Parking', 'description': 'Parking', 'total_mentioned': 72, 'positive': 14, 'negative': 43, 'neutral': 15}]"
"Blake Hotel New Orleans, BW Signature Collection","Traditional rooms with free Wi-Fi & city or park views, plus a casual cafe serving weekend brunch.","{'latitude': 29.949247099999997, 'longitude': -90.070604}",3,https://www.bestwestern.com/en_US/book/hotel-rooms.19120.html?iata=00171880&ssob=BLBWI0004G&cid=BLBWI0004G:google:gmb:19120,"[{'stars': 5, 'count': 460}, {'stars': 4, 'count': 355}, {'stars': 3, 'count': 208}, {'stars': 2, 'count': 112}, {'stars': 1, 'count': 208}]",1343,"[{'name': 'Parking', 'description': 'Parking', 'total_mentioned': 146, 'positive': 19, 'negative': 112, 'neutral': 15}, {'name': 'Cleanliness', 'description': 'Cleanliness', 'total_mentioned': 312, 'positive': 141, 'negative': 148, 'neutral': 23}, {'name': 'Bathroom', 'description': 'Bathroom and toiletries', 'total_mentioned': 173, 'positive': 20, 'negative': 139, 'neutral': 14}, {'name': 'Service', 'description': 'Service', 'total_mentioned': 459, 'positive': 269, 'negative': 164, 'neutral': 26}, {'name': 'Property', 'description': 'Property', 'total_mentioned': 480, 'positive': 249, 'negative': 182, 'neutral': 49}, {'name': 'Sleep', 'description': 'Sleep', 'total_mentioned': 194, 'positive': 37, 'negative': 128, 'neutral': 29}]"
Aloft New Orleans Downtown,"Slick lodging with a funky lobby lounge & a cocktail bar, plus a rooftop pool & a fitness room.","{'latitude': 29.952657100000003, 'longitude': -90.0724602}",3,https://www.marriott.com/en-us/hotels/msyal-aloft-new-orleans-downtown/overview/?scid=f2ae0541-1279-4f24-b197-a979c79310b0,"[{'stars': 5, 'count': 883}, {'stars': 4, 'count': 412}, {'stars': 3, 'count': 144}, {'stars': 2, 'count': 59}, {'stars': 1, 'count': 117}]",1615,"[{'name': 'Pets', 'description': 'Pets', 'total_mentioned': 42, 'positive': 24, 'negative': 15, 'neutral': 3}, {'name': 'Service', 'description': 'Service', 'total_mentioned': 454, 'positive': 319, 'negative': 117, 'neutral': 18}, {'name': 'Bar', 'description': 'Bar or lounge', 'total_mentioned': 146, 'positive': 112, 'negative': 21, 'neutral': 13}, {'name': 'Parking', 'description': 'Parking', 'total_mentioned': 111, 'positive': 30, 'negative': 62, 'neutral': 19}, {'name': 'Fitness', 'description': 'Fitness', 'total_mentioned': 103, 'positive': 63, 'negative': 28, 'neutral': 12}, {'name': 'Property', 'description': 'Property', 'total_mentioned': 513, 'positive': 383, 'negative': 98, 'neutral': 32}]"
The Jung Hotel & Residences,"Modern rooms & suites in an upmarket hotel offering a restaurant, a cocktail bar & a rooftop pool.","{'latitude': 29.957205100000003, 'longitude': -90.0758125}",3,http://www.junghotel.com/,"[{'stars': 5, 'count': 1003}, {'stars': 4, 'count': 270}, {'stars': 3, 'count': 117}, {'stars': 2, 'count': 53}, {'stars': 1, 'count': 73}]",1516,"[{'name': 'Fitness', 'description': 'Fitness', 'total_mentioned': 124, 'positive': 65, 'negative': 39, 'neutral': 20}, {'name': 'Property', 'description': 'Property', 'total_mentioned': 540, 'positive': 444, 'negative': 55, 'neutral': 41}, {'name': 'Service', 'description': 'Service', 'total_mentioned': 408, 'positive': 299, 'negative': 83, 'neutral': 26}, {'name': 'Pool', 'description': 'Pool', 'total_mentioned': 74, 'positive': 49, 'negative': 13, 'neutral': 12}, {'name': 'Bathroom', 'description': 'Bathroom and toiletries', 'total_mentioned': 132, 'positive': 59, 'negative': 55, 'neutral': 18}, {'name': 'Parking', 'description': 'Parking', 'total_mentioned': 105, 'positive': 45, 'negative': 48, 'neutral': 12}]"
The Lafayette New Orleans by Kasa,"Landmark French Regency-style hotel offering wrought-iron balconies, warm rooms & a steakhouse.","{'latitude': 29.947718899999998, 'longitude': -90.07097519999999}",3,https://kasa.com/properties/the-lafayette-new-orleans-by-kasa?utm_source=Google&utm_medium=nonpaid&utm_campaign=GMB&utm_term=VisitHotelWebsiteButton&utm_content=LNO,"[{'stars': 5, 'count': 399}, {'stars': 4, 'count': 194}, {'stars': 3, 'count': 52}, {'stars': 2, 'count': 26}, {'stars': 1, 'count': 46}]",717,"[{'name': 'Service', 'description': 'Service', 'total_mentioned': 249, 'positive': 201, 'negative': 39, 'neutral': 9}, {'name': 'Property', 'description': 'Property', 'total_mentioned': 274, 'positive': 212, 'negative': 37, 'neutral': 25}, {'name': 'Location', 'description': 'Location', 'total_mentioned': 190, 'positive': 167, 'negative': 8, 'neutral': 15}, {'name': 'Cleanliness', 'description': 'Cleanliness', 'total_mentioned': 139, 'positive': 108, 'negative': 27, 'neutral': 4}, {'name': 'Bathroom', 'description': 'Bathroom and toiletries', 'total_mentioned': 57, 'positive': 12, 'negative': 39, 'neutral': 6}, {'name': 'Parking', 'description': 'Parking', 'total_mentioned': 43, 'positive': 18, 'negative': 16, 'neutral': 9}]"
Wyndham New Orleans - French Quarter,"Sophisticated lodging with an indoor pool & fitness center, plus Southern dining & free Wi-Fi.","{'latitude': 29.953758800000003, 'longitude': -90.06835339999999}",3,https://www.wyndhamhotels.com/wyndham/new-orleans-louisiana/wyndham-new-orleans-french-quarter/overview?CID=LC:46q62bu8edfbx3y:47157&iata=00093796,"[{'stars': 5, 'count': 1755}, {'stars': 4, 'count': 989}, {'stars': 3, 'count': 422}, {'stars': 2, 'count': 159}, {'stars': 1, 'count': 218}]",3543,"[{'name': 'Location', 'description': 'Location', 'total_mentioned': 986, 'positive': 828, 'negative': 89, 'neutral': 69}, {'name': 'Parking', 'description': 'Parking', 'total_mentioned': 293, 'positive': 104, 'negative': 144, 'neutral': 45}, {'name': 'Service', 'description': 'Service', 'total_mentioned': 1035, 'positive': 750, 'negative': 223, 'neutral': 62}, {'name': 'Cleanliness', 'description': 'Cleanliness', 'total_mentioned': 675, 'positive': 479, 'negative': 155, 'neutral': 41}, {'name': 'Fitness', 'description': 'Fitness', 'total_mentioned': 180, 'positive': 91, 'negative': 69, 'neutral': 20}, {'name': 'Property', 'description': 'Property', 'total_mentioned': 1000, 'positive': 707, 'negative': 211, 'neutral': 82}]"
International House Hotel,"Plush rooms & suites, some with soaking tubs, in a chic hotel offering a posh bar & spa treatments.","{'latitude': 29.951235699999998, 'longitude': -90.06892769999999}",4,https://www.ihhotel.com/?utm_source=local&utm_medium=organic&utm_campaign=website_link,"[{'stars': 5, 'count': 569}, {'stars': 4, 'count': 206}, {'stars': 3, 'count': 76}, {'stars': 2, 'count': 49}, {'stars': 1, 'count': 58}]",958,"[{'name': 'Bar', 'description': 'Bar or lounge', 'total_mentioned': 191, 'positive': 143, 'negative': 29, 'neutral': 19}, {'name': 'Service', 'description': 'Service', 'total_mentioned': 366, 'positive': 282, 'negative': 62, 'neutral': 22}, {'name': 'Property', 'description': 'Property', 'total_mentioned': 397, 'positive': 296, 'negative': 70, 'neutral': 31}, {'name': 'Dining', 'description': 'Food and Beverage', 'total_mentioned': 136, 'positive': 107, 'negative': 18, 'neutral': 11}, {'name': 'Location', 'description': 'Location', 'total_mentioned': 226, 'positive': 189, 'negative': 13, 'neutral': 24}, {'name': 'Cleanliness', 'description': 'Cleanliness', 'total_mentioned': 153, 'positive': 108, 'negative': 37, 'neutral': 8}]"
Renaissance New Orleans Pere Marquette French Quarter Area Hotel,"Upmarket lodging with a coffee shop, a gym & club rooms with perks.","{'latitude': 29.9532311, 'longitude': -90.0717092}",4,https://www.marriott.com/en-us/hotels/msybr-renaissance-new-orleans-pere-marquette-french-quarter-area-hotel/overview/?scid=f2ae0541-1279-4f24-b197-a979c79310b0,"[{'stars': 5, 'count': 857}, {'stars': 4, 'count': 451}, {'stars': 3, 'count': 113}, {'stars': 2, 'count': 54}, {'stars': 1, 'count': 84}]",1559,"[{'name': 'Service', 'description': 'Service', 'total_mentioned': 516, 'positive': 410, 'negative': 76, 'neutral': 30}, {'name': 'Property', 'description': 'Property', 'total_mentioned': 519, 'positive': 396, 'negative': 82, 'neutral': 41}, {'name': 'Location', 'description': 'Location', 'total_mentioned': 343, 'positive': 285, 'negative': 20, 'neutral': 38}, {'name': 'Parking', 'description': 'Parking', 'total_mentioned': 80, 'positive': 28, 'negative': 42, 'neutral': 10}, {'name': 'Bathroom', 'description': 'Bathroom and toiletries', 'total_mentioned': 106, 'positive': 31, 'negative': 62, 'neutral': 13}, {'name': 'Bar', 'description': 'Bar or lounge', 'total_mentioned': 88, 'positive': 66, 'negative': 13, 'neutral': 9}]"
Cambria Hotel New Orleans Downtown Warehouse District,"Refined rooms & suites in a trendy hotel with a restaurant, a bar & a hip lobby lounge.","{'latitude': 29.946816199999997, 'longitude': -90.06710819999999}",3,http://www.cambrianeworleans.com/,"[{'stars': 5, 'count': 950}, {'stars': 4, 'count': 256}, {'stars': 3, 'count': 52}, {'stars': 2, 'count': 29}, {'stars': 1, 'count': 59}]",1346,"[{'name': 'Service', 'description': 'Service', 'total_mentioned': 559, 'positive': 474, 'negative': 70, 'neutral': 15}, {'name': 'Parking', 'description': 'Parking', 'total_mentioned': 145, 'positive': 65, 'negative': 56, 'neutral': 24}, {'name': 'Property', 'description': 'Property', 'total_mentioned': 570, 'positive': 506, 'negative': 44, 'neutral': 20}, {'name': 'Bar', 'description': 'Bar or lounge', 'total_mentioned': 123, 'positive': 92, 'negative': 16, 'neutral': 15}, {'name': 'Location', 'description': 'Location', 'total_mentioned': 348, 'positive': 305, 'negative': 11, 'neutral': 32}, {'name': 'Cleanliness', 'description': 'Cleanliness', 'total_mentioned': 277, 'positive': 234, 'negative': 34, 'neutral': 9}]"
Dauphine Orleans Hotel,"Storied hotel featuring contemporary rooms, a saltwater pool & a bar.","{'latitude': 29.957345599999996, 'longitude': -90.0684177}",3,http://www.dauphineorleans.com/,"[{'stars': 5, 'count': 583}, {'stars': 4, 'count': 334}, {'stars': 3, 'count': 119}, {'stars': 2, 'count': 40}, {'stars': 1, 'count': 59}]",1135,"[{'name': 'Property', 'description': 'Property', 'total_mentioned': 390, 'positive': 273, 'negative': 85, 'neutral': 32}, {'name': 'Parking', 'description': 'Parking', 'total_mentioned': 95, 'positive': 54, 'negative': 26, 'neutral': 15}, {'name': 'Location', 'description': 'Location', 'total_mentioned': 290, 'positive': 253, 'negative': 13, 'neutral': 24}, {'name': 'Service', 'description': 'Service', 'total_mentioned': 343, 'positive': 278, 'negative': 41, 'neutral': 24}, {'name': 'Fitness', 'description': 'Fitness', 'total_mentioned': 86, 'positive': 64, 'negative': 12, 'neutral': 10}, {'name': 'Bar', 'description': 'Bar or lounge', 'total_mentioned': 98, 'positive': 70, 'negative': 18, 'neutral': 10}]"
"NOPSI Hotel, New Orleans","Refined hotel featuring a cocktail lounge & relaxed dining, plus a rooftop pool, bar & gym.","{'latitude': 29.952048800000004, 'longitude': -90.07265}",4,http://www.nopsihotel.com/,"[{'stars': 5, 'count': 1120}, {'stars': 4, 'count': 294}, {'stars': 3, 'count': 110}, {'stars': 2, 'count': 49}, {'stars': 1, 'count': 87}]",1660,"[{'name': 'Bar', 'description': 'Bar or lounge', 'total_mentioned': 307, 'positive': 233, 'negative': 41, 'neutral': 33}, {'name': 'Fitness', 'description': 'Fitness', 'total_mentioned': 164, 'positive': 126, 'negative': 24, 'neutral': 14}, {'name': 'Pool', 'description': 'Pool', 'total_mentioned': 114, 'positive': 99, 'negative': 8, 'neutral': 7}, {'name': 'Dining', 'description': 'Food and Beverage', 'total_mentioned': 222, 'positive': 166, 'negative': 37, 'neutral': 19}, {'name': 'Service', 'description': 'Service', 'total_mentioned': 504, 'positive': 383, 'negative': 93, 'neutral': 28}, {'name': 'Property', 'description': 'Property', 'total_mentioned': 553, 'positive': 456, 'negative': 65, 'neutral': 32}]"
Hotel Mazarin,"Posh, French-inspired hotel offering 2 upscale bars, a courtyard & a fitness room.","{'latitude': 29.955160299999996, 'longitude': -90.06809059999999}",3,http://www.hotelmazarin.com/,"[{'stars': 5, 'count': 699}, {'stars': 4, 'count': 237}, {'stars': 3, 'count': 64}, {'stars': 2, 'count': 20}, {'stars': 1, 'count': 40}]",1060,"[{'name': 'Breakfast', 'description': 'Breakfast', 'total_mentioned': 187, 'positive': 161, 'negative': 15, 'neutral': 11}, {'name': 'Property', 'description': 'Property', 'total_mentioned': 433, 'positive': 352, 'negative': 46, 'neutral': 35}, {'name': 'Restaurant', 'description': 'Restaurant', 'total_mentioned': 110, 'positive': 96, 'negative': 10, 'neutral': 4}, {'name': 'Location', 'description': 'Location', 'total_mentioned': 307, 'positive': 271, 'negative': 15, 'neutral': 21}, {'name': 'Service', 'description': 'Service', 'total_mentioned': 331, 'positive': 275, 'negative': 40, 'neutral': 16}, {'name': 'Bar', 'description': 'Bar or lounge', 'total_mentioned': 103, 'positive': 89, 'negative': 5, 'neutral': 9}]"
Hyatt Regency New Orleans,"Luxe lodging offering cozy quarters with city views, plus entertainment, dining & a rooftop pool.","{'latitude': 29.9494838, 'longitude': -90.0764379}",4,https://www.hyatt.com/hyatt-regency/en-US/msyrn-hyatt-regency-new-orleans/?src=corp_lclb_gmb_seo_msyrn,"[{'stars': 5, 'count': 4677}, {'stars': 4, 'count': 1754}, {'stars': 3, 'count': 538}, {'stars': 2, 'count': 194}, {'stars': 1, 'count': 287}]",7450,"[{'name': 'Business', 'description': 'Business', 'total_mentioned': 412, 'positive': 259, 'negative': 76, 'neutral': 77}, {'name': 'Accessibility', 'description': 'Accessibility', 'total_mentioned': 382, 'positive': 131, 'negative': 192, 'neutral': 59}, {'name': 'Property', 'description': 'Property', 'total_mentioned': 1925, 'positive': 1519, 'negative': 268, 'neutral': 138}, {'name': 'Service', 'description': 'Service', 'total_mentioned': 1493, 'positive': 1173, 'negative': 267, 'neutral': 53}, {'name': 'Parking', 'description': 'Parking', 'total_mentioned': 260, 'positive': 103, 'negative': 120, 'neutral': 37}, {'name': 'Dining', 'description': 'Food and Beverage', 'total_mentioned': 366, 'positive': 250, 'negative': 87, 'neutral': 29}]"
Hotel Monteleone,"French Quarter grande dame hotel offering plush rooms, a rooftop pool & a revolving carousel bar.","{'latitude': 29.954221999999998, 'longitude': -90.0677562}",4,http://hotelmonteleone.com/,"[{'stars': 5, 'count': 4325}, {'stars': 4, 'count': 1264}, {'stars': 3, 'count': 297}, {'stars': 2, 'count': 83}, {'stars': 1, 'count': 135}]",6104,"[{'name': 'Bar', 'description': 'Bar or lounge', 'total_mentioned': 1531, 'positive': 1256, 'negative': 114, 'neutral': 161}, {'name': 'Dining', 'description': 'Food and Beverage', 'total_mentioned': 1263, 'positive': 1056, 'negative': 85, 'neutral': 122}, {'name': 'Property', 'description': 'Property', 'total_mentioned': 1553, 'positive': 1308, 'negative': 148, 'neutral': 97}, {'name': 'Service', 'description': 'Service', 'total_mentioned': 1208, 'positive': 1021, 'negative': 139, 'neutral': 48}, {'name': 'Fitness', 'description': 'Fitness', 'total_mentioned': 229, 'positive': 203, 'negative': 17, 'neutral': 9}, {'name': 'Pool', 'description': 'Pool', 'total_mentioned': 166, 'positive': 153, 'negative': 8, 'neutral': 5}]"
Hyatt House New Orleans/Downtown,"Airy quarters, some with kitchens, in a sophisticated downtown hotel offering a bar & a gym.","{'latitude': 29.950768300000004, 'longitude': -90.0767572}",3,https://www.hyatt.com/hyatt-house/en-US/msyxd-hyatt-house-new-orleans-downtown?src=corp_lclb_google_seo_msyxd&%3Futm_source=google&utm_medium=organic&utm_campaign=lmr,"[{'stars': 5, 'count': 929}, {'stars': 4, 'count': 319}, {'stars': 3, 'count': 85}, {'stars': 2, 'count': 37}, {'stars': 1, 'count': 58}]",1428,"[{'name': 'Breakfast', 'description': 'Breakfast', 'total_mentioned': 231, 'positive': 196, 'negative': 23, 'neutral': 12}, {'name': 'Restaurant', 'description': 'Restaurant', 'total_mentioned': 127, 'positive': 105, 'negative': 13, 'neutral': 9}, {'name': 'Parking', 'description': 'Parking', 'total_mentioned': 97, 'positive': 29, 'negative': 51, 'neutral': 17}, {'name': 'Property', 'description': 'Property', 'total_mentioned': 405, 'positive': 325, 'negative': 51, 'neutral': 29}, {'name': 'Accessibility', 'description': 'Accessibility', 'total_mentioned': 64, 'positive': 11, 'negative': 36, 'neutral': 17}, {'name': 'Service', 'description': 'Service', 'total_mentioned': 302, 'positive': 237, 'negative': 52, 'neutral': 13}]"
Club Wyndham La Belle Maison,N/A,"{'latitude': 29.950931899999997, 'longitude': -90.06785479999999}",4,https://www.extraholidays.com/new-orleans-louisiana/wyndham-la-belle-maison?Identifier=psearch&hotelid=15444&utm_medium=referral&utm_source=google.com-local&utm_campaign=yext&utm_content=wynlabellemaison,"[{'stars': 5, 'count': 1112}, {'stars': 4, 'count': 379}, {'stars': 3, 'count': 85}, {'stars': 2, 'count': 25}, {'stars': 1, 'count': 45}]",1646,"[{'name': 'Location', 'description': 'Location', 'total_mentioned': 417, 'positive': 375, 'negative': 13, 'neutral': 29}, {'name': 'Service', 'description': 'Service', 'total_mentioned': 459, 'positive': 389, 'negative': 45, 'neutral': 25}, {'name': 'Property', 'description': 'Property', 'total_mentioned': 542, 'positive': 480, 'negative': 24, 'neutral': 38}, {'name': 'Parking', 'description': 'Parking', 'total_mentioned': 102, 'positive': 41, 'negative': 45, 'neutral': 16}, {'name': 'Wellness', 'description': 'Wellness', 'total_mentioned': 22, 'positive': 18, 'negative': 2, 'neutral': 2}, {'name': 'Fitness', 'description': 'Fitness', 'total_mentioned': 72, 'positive': 42, 'negative': 22, 'neutral': 8}]"
