Name,Description,Coordinates,Hotel Class,Link,Ratings,Reviews,Reviews Breakdown
TownePlace Suites Battle Creek,Streamlined studios & 1- to 2-bedroom apartments in a casual hotel offering free breakfast & a pool.,"{'latitude': 42.267863000000006, 'longitude': -85.1705398}",3,https://www.marriott.com/en-us/hotels/btlts-towneplace-suites-battle-creek/overview/?scid=f2ae0541-1279-4f24-b197-a979c79310b0,"[{'stars': 5, 'count': 165}, {'stars': 4, 'count': 77}, {'stars': 3, 'count': 24}, {'stars': 2, 'count': 25}, {'stars': 1, 'count': 46}]",337,"[{'name': 'Property', 'description': 'Property', 'total_mentioned': 113, 'positive': 69, 'negative': 33, 'neutral': 11}, {'name': 'Breakfast', 'description': 'Breakfast', 'total_mentioned': 42, 'positive': 31, 'negative': 7, 'neutral': 4}, {'name': 'Location', 'description': 'Location', 'total_mentioned': 23, 'positive': 21, 'negative': 1, 'neutral': 1}, {'name': 'Room', 'description': 'Room amenities', 'total_mentioned': 19, 'positive': 7, 'negative': 12, 'neutral': 0}, {'name': 'Bathroom', 'description': 'Bathroom and toiletries', 'total_mentioned': 31, 'positive': 6, 'negative': 19, 'neutral': 6}]"
Red Roof Inn Battle Creek,"Simple rooms in an unassuming hotel offering a heated pool, plus  parking & Wi-Fi access.","{'latitude': 42.260063099999996, 'longitude': -85.1967715}",2,https://www.redroof.com/property/mi/battle-creek/RRI335?utm_source=GMB&utm_medium=Google&utm_campaign=GMB_Performance_RRI335,"[{'stars': 5, 'count': 193}, {'stars': 4, 'count': 124}, {'stars': 3, 'count': 133}, {'stars': 2, 'count': 92}, {'stars': 1, 'count': 214}]",756,"[{'name': 'Cleanliness', 'description': 'Cleanliness', 'total_mentioned': 278, 'positive': 92, 'negative': 175, 'neutral': 11}, {'name': 'Bathroom', 'description': 'Bathroom and toiletries', 'total_mentioned': 119, 'positive': 4, 'negative': 109, 'neutral': 6}, {'name': 'Sleep', 'description': 'Sleep', 'total_mentioned': 172, 'positive': 33, 'negative': 124, 'neutral': 15}, {'name': 'Breakfast', 'description': 'Breakfast', 'total_mentioned': 55, 'positive': 26, 'negative': 25, 'neutral': 4}, {'name': 'Room', 'description': 'Room amenities', 'total_mentioned': 57, 'positive': 5, 'negative': 45, 'neutral': 7}, {'name': 'Kitchen', 'description': 'Kitchen', 'total_mentioned': 29, 'positive': 3, 'negative': 24, 'neutral': 2}]"
The Inn at Gull Lake,N/A,"{'latitude': 42.36908830000001, 'longitude': -85.3874246}",N/A,https://innatgulllake.com/,"[{'stars': 5, 'count': 45}, {'stars': 4, 'count': 12}, {'stars': 3, 'count': 1}, {'stars': 2, 'count': 5}, {'stars': 1, 'count': 12}]",75,"[{'name': 'Property', 'description': 'Property', 'total_mentioned': 29, 'positive': 22, 'negative': 5, 'neutral': 2}, {'name': 'Service', 'description': 'Service', 'total_mentioned': 29, 'positive': 21, 'negative': 7, 'neutral': 1}, {'name': 'Cleanliness', 'description': 'Cleanliness', 'total_mentioned': 22, 'positive': 15, 'negative': 5, 'neutral': 2}]"
Nuance Naturist Bed & Breakfast,N/A,"{'latitude': 42.415233199999996, 'longitude': -85.1986436}",N/A,https://www.nuancebb.us/,"[{'stars': 5, 'count': 15}, {'stars': 4, 'count': 0}, {'stars': 3, 'count': 0}, {'stars': 2, 'count': 2}, {'stars': 1, 'count': 0}]",17,N/A
