Name,Description,Coordinates,Hotel Class,Link,Ratings,Reviews,Reviews Breakdown
Extended Stay America Select Suites - St Louis - Westport - East Lackland Rd.,Informal quarters with kitchens in a low-key all-suite hotel offering free Wi-Fi & breakfast.,"{'latitude': 38.6993957, 'longitude': -90.435451}",2,https://www.extendedstayamerica.com/hotels/mo/st-louis/westport-east-lackland-rd?channel=gmb-listing&utm_source=google&utm_medium=organic&utm_campaign=gmb_listing,"[{'stars': 5, 'count': 331}, {'stars': 4, 'count': 134}, {'stars': 3, 'count': 110}, {'stars': 2, 'count': 74}, {'stars': 1, 'count': 203}]",852,"[{'name': 'Pets', 'description': 'Pets', 'total_mentioned': 21, 'positive': 8, 'negative': 9, 'neutral': 4}, {'name': 'Safety', 'description': 'Safety', 'total_mentioned': 41, 'positive': 13, 'negative': 26, 'neutral': 2}, {'name': 'Wi-Fi', 'description': 'Wi-Fi', 'total_mentioned': 15, 'positive': 6, 'negative': 9, 'neutral': 0}, {'name': 'Parking', 'description': 'Parking', 'total_mentioned': 16, 'positive': 3, 'negative': 11, 'neutral': 2}, {'name': 'Air Conditioning', 'description': 'Air conditioning', 'total_mentioned': 13, 'positive': 2, 'negative': 11, 'neutral': 0}, {'name': 'TV', 'description': 'Room entertainment', 'total_mentioned': 14, 'positive': 1, 'negative': 9, 'neutral': 4}]"
Shady Lane Cabins & Motel,"Humble quarters, some with kitchens, in a simple motel offering BBQs, a game room & a playground.","{'latitude': 37.156516, 'longitude': -91.359708}",N/A,http://shadylanecabins.com/,"[{'stars': 5, 'count': 120}, {'stars': 4, 'count': 31}, {'stars': 3, 'count': 1}, {'stars': 2, 'count': 5}, {'stars': 1, 'count': 16}]",173,"[{'name': 'Wi-Fi', 'description': 'Wi-Fi', 'total_mentioned': 6, 'positive': 3, 'negative': 2, 'neutral': 1}, {'name': 'Cleanliness', 'description': 'Cleanliness', 'total_mentioned': 53, 'positive': 44, 'negative': 7, 'neutral': 2}, {'name': 'Room', 'description': 'Room amenities', 'total_mentioned': 15, 'positive': 6, 'negative': 7, 'neutral': 2}, {'name': 'Bathroom', 'description': 'Bathroom and toiletries', 'total_mentioned': 13, 'positive': 4, 'negative': 7, 'neutral': 2}, {'name': 'Bar', 'description': 'Bar or lounge', 'total_mentioned': 6, 'positive': 6, 'negative': 0, 'neutral': 0}, {'name': 'Dining', 'description': 'Food and Beverage', 'total_mentioned': 10, 'positive': 8, 'negative': 1, 'neutral': 1}]"
Deer Run Estate LLC,N/A,"{'latitude': 37.3436455, 'longitude': -92.8764654}",N/A,N/A,"[{'stars': 5, 'count': 3}, {'stars': 4, 'count': 0}, {'stars': 3, 'count': 0}, {'stars': 2, 'count': 0}, {'stars': 1, 'count': 0}]",3,N/A
Branson King Resort and Suites,N/A,"{'latitude': 36.6332629, 'longitude': -93.2793567}",3,https://www.bransonkingresort.com/,"[{'stars': 5, 'count': 349}, {'stars': 4, 'count': 103}, {'stars': 3, 'count': 75}, {'stars': 2, 'count': 72}, {'stars': 1, 'count': 175}]",774,"[{'name': 'Breakfast', 'description': 'Breakfast', 'total_mentioned': 213, 'positive': 167, 'negative': 27, 'neutral': 19}, {'name': 'Bathroom', 'description': 'Bathroom and toiletries', 'total_mentioned': 149, 'positive': 9, 'negative': 125, 'neutral': 15}, {'name': 'Cleanliness', 'description': 'Cleanliness', 'total_mentioned': 290, 'positive': 124, 'negative': 148, 'neutral': 18}, {'name': 'Service', 'description': 'Service', 'total_mentioned': 288, 'positive': 181, 'negative': 89, 'neutral': 18}, {'name': 'Restaurant', 'description': 'Restaurant', 'total_mentioned': 109, 'positive': 84, 'negative': 12, 'neutral': 13}, {'name': 'Sleep', 'description': 'Sleep', 'total_mentioned': 179, 'positive': 41, 'negative': 121, 'neutral': 17}]"
The Suites at Fall Creek,"Modest quarters with kitchen facilities in a casual resort offering mini-golf, a marina & 2 pools.","{'latitude': 36.605145799999995, 'longitude': -93.28333850000001}",3,https://www.tophotelreservations.com/the-suites-at-fall-creek/special-offers?utm_source=google&utm_medium=organic&utm_campaign=pfc-gmb-listing&utm_content=gmb-listing_weblink,"[{'stars': 5, 'count': 1192}, {'stars': 4, 'count': 521}, {'stars': 3, 'count': 248}, {'stars': 2, 'count': 106}, {'stars': 1, 'count': 137}]",2204,"[{'name': 'Property', 'description': 'Property', 'total_mentioned': 672, 'positive': 477, 'negative': 134, 'neutral': 61}, {'name': 'Bathroom', 'description': 'Bathroom and toiletries', 'total_mentioned': 204, 'positive': 59, 'negative': 119, 'neutral': 26}, {'name': 'Fitness', 'description': 'Fitness', 'total_mentioned': 208, 'positive': 127, 'negative': 61, 'neutral': 20}, {'name': 'Service', 'description': 'Service', 'total_mentioned': 388, 'positive': 272, 'negative': 92, 'neutral': 24}, {'name': 'Family', 'description': 'Family friendly', 'total_mentioned': 182, 'positive': 134, 'negative': 34, 'neutral': 14}, {'name': 'Kitchen', 'description': 'Kitchen', 'total_mentioned': 124, 'positive': 66, 'negative': 38, 'neutral': 20}]"
Alhonna Resort & Marina,"Simple rooms, apartments & cottages in a waterfront resort featuring a marina & a restaurant/bar.","{'latitude': 38.1993681, 'longitude': -92.7515983}",3,http://www.thealhonnaresort.com/,"[{'stars': 5, 'count': 334}, {'stars': 4, 'count': 134}, {'stars': 3, 'count': 35}, {'stars': 2, 'count': 12}, {'stars': 1, 'count': 15}]",530,"[{'name': 'Service', 'description': 'Service', 'total_mentioned': 91, 'positive': 80, 'negative': 9, 'neutral': 2}, {'name': 'Property', 'description': 'Property', 'total_mentioned': 88, 'positive': 69, 'negative': 14, 'neutral': 5}, {'name': 'Family', 'description': 'Family friendly', 'total_mentioned': 43, 'positive': 40, 'negative': 1, 'neutral': 2}, {'name': 'Sleep', 'description': 'Sleep', 'total_mentioned': 23, 'positive': 7, 'negative': 14, 'neutral': 2}]"
Big Cedar Lodge,"Rustic-chic resort on 800 acres with a range of rooms & log cabins, plus dining & recreation.","{'latitude': 36.531748, 'longitude': -93.2488309}",4,http://www.bigcedar.com/?utm_source=local-directories&utm_medium=organic&utm_campaign=travelclick-localconnect,"[{'stars': 5, 'count': 2542}, {'stars': 4, 'count': 376}, {'stars': 3, 'count': 116}, {'stars': 2, 'count': 67}, {'stars': 1, 'count': 165}]",3266,"[{'name': 'Property', 'description': 'Property', 'total_mentioned': 601, 'positive': 490, 'negative': 77, 'neutral': 34}, {'name': 'Family', 'description': 'Family friendly', 'total_mentioned': 288, 'positive': 239, 'negative': 28, 'neutral': 21}, {'name': 'Service', 'description': 'Service', 'total_mentioned': 423, 'positive': 302, 'negative': 96, 'neutral': 25}, {'name': 'Wi-Fi', 'description': 'Wi-Fi', 'total_mentioned': 11, 'positive': 4, 'negative': 6, 'neutral': 1}, {'name': 'Accessibility', 'description': 'Accessibility', 'total_mentioned': 19, 'positive': 6, 'negative': 12, 'neutral': 1}, {'name': 'Safety', 'description': 'Safety', 'total_mentioned': 16, 'positive': 3, 'negative': 13, 'neutral': 0}]"
Big Cedar,N/A,"{'latitude': 36.5370439, 'longitude': -93.2762877}",N/A,http://bigcedar.com/,"[{'stars': 5, 'count': 426}, {'stars': 4, 'count': 44}, {'stars': 3, 'count': 11}, {'stars': 2, 'count': 4}, {'stars': 1, 'count': 8}]",493,"[{'name': 'Property', 'description': 'Property', 'total_mentioned': 87, 'positive': 73, 'negative': 10, 'neutral': 4}, {'name': 'Nature', 'description': 'Nature and outdoor activities', 'total_mentioned': 30, 'positive': 29, 'negative': 0, 'neutral': 1}, {'name': 'Family', 'description': 'Family friendly', 'total_mentioned': 27, 'positive': 25, 'negative': 1, 'neutral': 1}]"
Coldwater Ranch,Plain cabins with kitchens & lake views on a horseback riding & hunting resort with charcoal grills.,"{'latitude': 37.1929321, 'longitude': -91.3426513}",N/A,http://www.coldwaterranch.com/,"[{'stars': 5, 'count': 34}, {'stars': 4, 'count': 15}, {'stars': 3, 'count': 0}, {'stars': 2, 'count': 2}, {'stars': 1, 'count': 7}]",58,"[{'name': 'Cleanliness', 'description': 'Cleanliness', 'total_mentioned': 14, 'positive': 11, 'negative': 2, 'neutral': 1}, {'name': 'Bathroom', 'description': 'Bathroom and toiletries', 'total_mentioned': 10, 'positive': 7, 'negative': 2, 'neutral': 1}]"
Hyatt Vacation Club at The Lodges at Timber Ridge,"High-end rooms & lodges in a resort offering dining, a water park, a theater & 2 golf courses.","{'latitude': 36.6076279, 'longitude': -93.2929605}",4,https://www.vacationclubrentals.com/mo/branson/lodges-timber-ridge,"[{'stars': 5, 'count': 1762}, {'stars': 4, 'count': 676}, {'stars': 3, 'count': 255}, {'stars': 2, 'count': 126}, {'stars': 1, 'count': 215}]",3034,"[{'name': 'Fitness', 'description': 'Fitness', 'total_mentioned': 459, 'positive': 308, 'negative': 102, 'neutral': 49}, {'name': 'Family', 'description': 'Family friendly', 'total_mentioned': 360, 'positive': 281, 'negative': 52, 'neutral': 27}, {'name': 'Nightlife', 'description': 'Nightlife', 'total_mentioned': 181, 'positive': 130, 'negative': 24, 'neutral': 27}, {'name': 'Pool', 'description': 'Pool', 'total_mentioned': 252, 'positive': 187, 'negative': 43, 'neutral': 22}, {'name': 'Service', 'description': 'Service', 'total_mentioned': 529, 'positive': 381, 'negative': 126, 'neutral': 22}, {'name': 'Property', 'description': 'Property', 'total_mentioned': 807, 'positive': 592, 'negative': 151, 'neutral': 64}]"
4J Vacation Rentals,N/A,"{'latitude': 37.9882184, 'longitude': -91.3981817}",N/A,http://www.4jvacationrentals.com/,"[{'stars': 5, 'count': 108}, {'stars': 4, 'count': 3}, {'stars': 3, 'count': 1}, {'stars': 2, 'count': 0}, {'stars': 1, 'count': 2}]",114,"[{'name': 'Cleanliness', 'description': 'Cleanliness', 'total_mentioned': 33, 'positive': 31, 'negative': 2, 'neutral': 0}, {'name': 'Property', 'description': 'Property', 'total_mentioned': 33, 'positive': 29, 'negative': 3, 'neutral': 1}, {'name': 'Room', 'description': 'Room amenities', 'total_mentioned': 20, 'positive': 19, 'negative': 1, 'neutral': 0}]"
"Candlewood Suites St. Louis - St. Charles, an IHG Hotel",N/A,"{'latitude': 38.7783084, 'longitude': -90.5274364}",2,https://www.ihg.com/candlewood/hotels/us/en/st-charles/stlom/hoteldetail?cm_mmc=GoogleMaps-_-CW-_-US-_-STLOM,"[{'stars': 5, 'count': 24}, {'stars': 4, 'count': 17}, {'stars': 3, 'count': 12}, {'stars': 2, 'count': 11}, {'stars': 1, 'count': 38}]",102,"[{'name': 'Cleanliness', 'description': 'Cleanliness', 'total_mentioned': 37, 'positive': 6, 'negative': 29, 'neutral': 2}, {'name': 'Kitchen', 'description': 'Kitchen', 'total_mentioned': 18, 'positive': 4, 'negative': 12, 'neutral': 2}, {'name': 'Service', 'description': 'Service', 'total_mentioned': 38, 'positive': 11, 'negative': 23, 'neutral': 4}, {'name': 'Property', 'description': 'Property', 'total_mentioned': 47, 'positive': 12, 'negative': 28, 'neutral': 7}, {'name': 'Bathroom', 'description': 'Bathroom and toiletries', 'total_mentioned': 18, 'positive': 1, 'negative': 16, 'neutral': 1}, {'name': 'Sleep', 'description': 'Sleep', 'total_mentioned': 17, 'positive': 2, 'negative': 14, 'neutral': 1}]"
Watermill Cove Resort,"Rustic-chic villas in a premium lakeside resort offering 2 outdoor pools & mini-golf, plus fishing.","{'latitude': 36.6330694, 'longitude': -93.3491873}",N/A,http://watermillcove.com/,"[{'stars': 5, 'count': 263}, {'stars': 4, 'count': 34}, {'stars': 3, 'count': 3}, {'stars': 2, 'count': 4}, {'stars': 1, 'count': 5}]",309,"[{'name': 'Family', 'description': 'Family friendly', 'total_mentioned': 78, 'positive': 75, 'negative': 0, 'neutral': 3}, {'name': 'Fitness', 'description': 'Fitness', 'total_mentioned': 44, 'positive': 40, 'negative': 3, 'neutral': 1}, {'name': 'Property', 'description': 'Property', 'total_mentioned': 79, 'positive': 74, 'negative': 3, 'neutral': 2}, {'name': 'Accessibility', 'description': 'Accessibility', 'total_mentioned': 5, 'positive': 2, 'negative': 2, 'neutral': 1}, {'name': 'Room', 'description': 'Room amenities', 'total_mentioned': 32, 'positive': 26, 'negative': 3, 'neutral': 3}, {'name': 'Nature', 'description': 'Nature and outdoor activities', 'total_mentioned': 21, 'positive': 15, 'negative': 1, 'neutral': 5}]"
Grand Crowne Resort,"Relaxed resort featuring 1- to 3-bedroom condos with kitchens, as well as a pool & a playground.","{'latitude': 36.629845700000004, 'longitude': -93.26472389999999}",3,http://www.grandcrownebranson.com/,"[{'stars': 5, 'count': 1113}, {'stars': 4, 'count': 442}, {'stars': 3, 'count': 169}, {'stars': 2, 'count': 63}, {'stars': 1, 'count': 93}]",1880,"[{'name': 'Bathroom', 'description': 'Bathroom and toiletries', 'total_mentioned': 204, 'positive': 92, 'negative': 82, 'neutral': 30}, {'name': 'Fitness', 'description': 'Fitness', 'total_mentioned': 185, 'positive': 118, 'negative': 48, 'neutral': 19}, {'name': 'Hot Tub', 'description': 'Hot tub', 'total_mentioned': 82, 'positive': 51, 'negative': 20, 'neutral': 11}, {'name': 'Property', 'description': 'Property', 'total_mentioned': 563, 'positive': 417, 'negative': 105, 'neutral': 41}, {'name': 'Cleanliness', 'description': 'Cleanliness', 'total_mentioned': 340, 'positive': 235, 'negative': 90, 'neutral': 15}, {'name': 'Kitchen', 'description': 'Kitchen', 'total_mentioned': 115, 'positive': 59, 'negative': 37, 'neutral': 19}]"
Bird's Nest Lodge,N/A,"{'latitude': 37.9968566, 'longitude': -91.3601084}",N/A,https://birdsnestlodge.godaddysites.com/,"[{'stars': 5, 'count': 65}, {'stars': 4, 'count': 10}, {'stars': 3, 'count': 2}, {'stars': 2, 'count': 7}, {'stars': 1, 'count': 21}]",105,"[{'name': 'Service', 'description': 'Service', 'total_mentioned': 35, 'positive': 21, 'negative': 8, 'neutral': 6}, {'name': 'Family', 'description': 'Family friendly', 'total_mentioned': 15, 'positive': 10, 'negative': 5, 'neutral': 0}, {'name': 'Room', 'description': 'Room amenities', 'total_mentioned': 10, 'positive': 3, 'negative': 7, 'neutral': 0}, {'name': 'Property', 'description': 'Property', 'total_mentioned': 20, 'positive': 8, 'negative': 10, 'neutral': 2}, {'name': 'Sleep', 'description': 'Sleep', 'total_mentioned': 16, 'positive': 2, 'negative': 14, 'neutral': 0}]"
Falls Lodge At Big Cedar,N/A,"{'latitude': 36.536099199999995, 'longitude': -93.27208619999999}",N/A,N/A,"[{'stars': 5, 'count': 216}, {'stars': 4, 'count': 29}, {'stars': 3, 'count': 10}, {'stars': 2, 'count': 4}, {'stars': 1, 'count': 7}]",266,"[{'name': 'Property', 'description': 'Property', 'total_mentioned': 62, 'positive': 55, 'negative': 6, 'neutral': 1}, {'name': 'Service', 'description': 'Service', 'total_mentioned': 21, 'positive': 20, 'negative': 1, 'neutral': 0}, {'name': 'Nature', 'description': 'Nature and outdoor activities', 'total_mentioned': 21, 'positive': 17, 'negative': 2, 'neutral': 2}]"
Cabins at Grand Mountain,N/A,"{'latitude': 36.6422473, 'longitude': -93.2727164}",N/A,http://www.thousandhillsvacations.com/?utm_source=cabins_gmb,"[{'stars': 5, 'count': 58}, {'stars': 4, 'count': 7}, {'stars': 3, 'count': 8}, {'stars': 2, 'count': 2}, {'stars': 1, 'count': 1}]",76,"[{'name': 'Bathroom', 'description': 'Bathroom and toiletries', 'total_mentioned': 8, 'positive': 5, 'negative': 2, 'neutral': 1}, {'name': 'Location', 'description': 'Location', 'total_mentioned': 13, 'positive': 11, 'negative': 1, 'neutral': 1}, {'name': 'Cleanliness', 'description': 'Cleanliness', 'total_mentioned': 14, 'positive': 6, 'negative': 8, 'neutral': 0}, {'name': 'Sleep', 'description': 'Sleep', 'total_mentioned': 10, 'positive': 5, 'negative': 4, 'neutral': 1}, {'name': 'Kitchen', 'description': 'Kitchen', 'total_mentioned': 6, 'positive': 4, 'negative': 2, 'neutral': 0}, {'name': 'Property', 'description': 'Property', 'total_mentioned': 19, 'positive': 14, 'negative': 4, 'neutral': 1}]"
Basswood Resort,"Modern suites & cabins in a woodsy getaway offering a pizza parlor, a seasonal pool & a games room.","{'latitude': 39.3792054, 'longitude': -94.700311}",2,https://basswoodresort.com/?utm_source=google&utm_medium=maps,"[{'stars': 5, 'count': 609}, {'stars': 4, 'count': 220}, {'stars': 3, 'count': 84}, {'stars': 2, 'count': 55}, {'stars': 1, 'count': 94}]",1062,"[{'name': 'Family', 'description': 'Family friendly', 'total_mentioned': 212, 'positive': 163, 'negative': 32, 'neutral': 17}, {'name': 'Property', 'description': 'Property', 'total_mentioned': 202, 'positive': 151, 'negative': 35, 'neutral': 16}, {'name': 'Nature', 'description': 'Nature and outdoor activities', 'total_mentioned': 68, 'positive': 56, 'negative': 7, 'neutral': 5}, {'name': 'Wi-Fi', 'description': 'Wi-Fi', 'total_mentioned': 25, 'positive': 5, 'negative': 15, 'neutral': 5}, {'name': 'Sleep', 'description': 'Sleep', 'total_mentioned': 95, 'positive': 21, 'negative': 61, 'neutral': 13}]"
