Name,Description,Coordinates,Latitude,Longitude,Hotel Class,Link,Ratings,Reviews,Reviews Breakdown,Address
Budget Inn,,"{'latitude': 37.6219171, 'longitude': -120.98646099999998}",37.6219171,-120.98646099999998,1,,"[{'stars': 5, 'count': 29}, {'stars': 4, 'count': 9}, {'stars': 3, 'count': 12}, {'stars': 2, 'count': 24}, {'stars': 1, 'count': 28}]",102,"[{'name': 'Cleanliness', 'description': 'Cleanliness', 'total_mentioned': 6, 'positive': 4, 'negative': 2, 'neutral': 0}, {'name': 'Property', 'description': 'Property', 'total_mentioned': 10, 'positive': 6, 'negative': 3, 'neutral': 1}]","589, South 9th Street, Bystrom, Stanislaus County, California, 95351, United States"
Extended Stay America Select Suites - St Louis - Westport - East Lackland Rd.,Informal quarters with kitchens in a low-key all-suite hotel offering free Wi-Fi & breakfast.,"{'latitude': 38.6993957, 'longitude': -90.435451}",38.6993957,-90.435451,2,https://www.extendedstayamerica.com/hotels/mo/st-louis/westport-east-lackland-rd?channel=gmb-listing&utm_source=google&utm_medium=organic&utm_campaign=gmb_listing,"[{'stars': 5, 'count': 331}, {'stars': 4, 'count': 134}, {'stars': 3, 'count': 110}, {'stars': 2, 'count': 74}, {'stars': 1, 'count': 203}]",852,"[{'name': 'Pets', 'description': 'Pets', 'total_mentioned': 21, 'positive': 8, 'negative': 9, 'neutral': 4}, {'name': 'Safety', 'description': 'Safety', 'total_mentioned': 41, 'positive': 13, 'negative': 26, 'neutral': 2}, {'name': 'Wi-Fi', 'description': 'Wi-Fi', 'total_mentioned': 15, 'positive': 6, 'negative': 9, 'neutral': 0}, {'name': 'Parking', 'description': 'Parking', 'total_mentioned': 16, 'positive': 3, 'negative': 11, 'neutral': 2}, {'name': 'Air Conditioning', 'description': 'Air conditioning', 'total_mentioned': 13, 'positive': 2, 'negative': 11, 'neutral': 0}, {'name': 'TV', 'description': 'Room entertainment', 'total_mentioned': 14, 'positive': 1, 'negative': 9, 'neutral': 4}]","Extended Stay America, 11827, Lackland Road, Maryland Heights, Saint Louis County, Missouri, 63146, United States"
Red Roof Inn St Louis - Westport,"Simple rooms in an unassuming hotel offering free Wi-Fi & parking, plus laundry facilities.","{'latitude': 38.699550800000004, 'longitude': -90.4364172}",38.6995508,-90.4364172,2,https://www.redroof.com/property/mo/saint-louis/RRI126?utm_source=GMB&utm_medium=Google&utm_campaign=GMB_Performance_RRI126,"[{'stars': 5, 'count': 255}, {'stars': 4, 'count': 163}, {'stars': 3, 'count': 182}, {'stars': 2, 'count': 131}, {'stars': 1, 'count': 401}]",1132,"[{'name': 'Pets', 'description': 'Pets', 'total_mentioned': 34, 'positive': 9, 'negative': 20, 'neutral': 5}, {'name': 'Wellness', 'description': 'Wellness', 'total_mentioned': 7, 'positive': 0, 'negative': 7, 'neutral': 0}, {'name': 'Safety', 'description': 'Safety', 'total_mentioned': 36, 'positive': 6, 'negative': 26, 'neutral': 4}, {'name': 'Air Conditioning', 'description': 'Air conditioning', 'total_mentioned': 28, 'positive': 1, 'negative': 23, 'neutral': 4}, {'name': 'TV', 'description': 'Room entertainment', 'total_mentioned': 19, 'positive': 4, 'negative': 12, 'neutral': 3}, {'name': 'Wi-Fi', 'description': 'Wi-Fi', 'total_mentioned': 11, 'positive': 4, 'negative': 7, 'neutral': 0}]","Red Roof Inn, 11837, Lackland Road, Maryland Heights, Saint Louis County, Missouri, 63146, United States"
Red Roof Inn St Louis - Florissant,Low-key rooms with cable TV in an unpretentious budget hotel offering free parking & Wi-Fi.,"{'latitude': 38.775962199999995, 'longitude': -90.3318717}",38.7759622,-90.3318717,2,https://www.redroof.com/property/mo/Florissant/RRI024?utm_source=GMB&utm_medium=Google&utm_campaign=GMB_Performance_RRI024,"[{'stars': 5, 'count': 97}, {'stars': 4, 'count': 55}, {'stars': 3, 'count': 69}, {'stars': 2, 'count': 42}, {'stars': 1, 'count': 165}]",428,"[{'name': 'Pets', 'description': 'Pets', 'total_mentioned': 8, 'positive': 5, 'negative': 3, 'neutral': 0}, {'name': 'Cleanliness', 'description': 'Cleanliness', 'total_mentioned': 109, 'positive': 18, 'negative': 87, 'neutral': 4}, {'name': 'Sleep', 'description': 'Sleep', 'total_mentioned': 72, 'positive': 5, 'negative': 61, 'neutral': 6}, {'name': 'Property', 'description': 'Property', 'total_mentioned': 106, 'positive': 18, 'negative': 81, 'neutral': 7}, {'name': 'Bathroom', 'description': 'Bathroom and toiletries', 'total_mentioned': 54, 'positive': 3, 'negative': 50, 'neutral': 1}, {'name': 'Service', 'description': 'Service', 'total_mentioned': 56, 'positive': 14, 'negative': 38, 'neutral': 4}]","Red Roof Inn, Dunn Road, Florissant, Saint Louis County, Missouri, 63031, United States"
Red Roof Inn Bridgeton,"Low-key rooms in a down-to-earth budget hotel offering free Wi-Fi, coffee & tea, plus parking.","{'latitude': 38.7589465, 'longitude': -90.4378682}",38.7589465,-90.4378682,2,https://www.redroof.com/property/mo/Bridgeton/RRI1017?utm_source=GMB&utm_medium=Google&utm_campaign=GMB_Performance_RRI1017,"[{'stars': 5, 'count': 111}, {'stars': 4, 'count': 61}, {'stars': 3, 'count': 68}, {'stars': 2, 'count': 47}, {'stars': 1, 'count': 160}]",447,"[{'name': 'Pets', 'description': 'Pets', 'total_mentioned': 9, 'positive': 6, 'negative': 3, 'neutral': 0}, {'name': 'Cleanliness', 'description': 'Cleanliness', 'total_mentioned': 135, 'positive': 34, 'negative': 98, 'neutral': 3}, {'name': 'Property', 'description': 'Property', 'total_mentioned': 121, 'positive': 38, 'negative': 77, 'neutral': 6}, {'name': 'Air Conditioning', 'description': 'Air conditioning', 'total_mentioned': 10, 'positive': 0, 'negative': 10, 'neutral': 0}, {'name': 'TV', 'description': 'Room entertainment', 'total_mentioned': 13, 'positive': 0, 'negative': 12, 'neutral': 1}, {'name': 'Sleep', 'description': 'Sleep', 'total_mentioned': 87, 'positive': 7, 'negative': 75, 'neutral': 5}]","3470, Hollenberg Drive, Natural Bridge Junction, Bridgeton, Saint Louis County, Missouri, 63044, United States"
"Candlewood Suites St. Louis - St. Charles, an IHG Hotel",,"{'latitude': 38.7783084, 'longitude': -90.5274364}",38.7783084,-90.5274364,2,https://www.ihg.com/candlewood/hotels/us/en/st-charles/stlom/hoteldetail?cm_mmc=GoogleMaps-_-CW-_-US-_-STLOM,"[{'stars': 5, 'count': 24}, {'stars': 4, 'count': 17}, {'stars': 3, 'count': 12}, {'stars': 2, 'count': 11}, {'stars': 1, 'count': 38}]",102,"[{'name': 'Cleanliness', 'description': 'Cleanliness', 'total_mentioned': 37, 'positive': 6, 'negative': 29, 'neutral': 2}, {'name': 'Kitchen', 'description': 'Kitchen', 'total_mentioned': 18, 'positive': 4, 'negative': 12, 'neutral': 2}, {'name': 'Service', 'description': 'Service', 'total_mentioned': 38, 'positive': 11, 'negative': 23, 'neutral': 4}, {'name': 'Property', 'description': 'Property', 'total_mentioned': 47, 'positive': 12, 'negative': 28, 'neutral': 7}, {'name': 'Bathroom', 'description': 'Bathroom and toiletries', 'total_mentioned': 18, 'positive': 1, 'negative': 16, 'neutral': 1}, {'name': 'Sleep', 'description': 'Sleep', 'total_mentioned': 17, 'positive': 2, 'negative': 14, 'neutral': 1}]","Candlewood Suites St. Louis - St. Charles, 1800, Zumbehl Road, Saint Charles, Saint Charles County, Missouri, 63303, United States"
Basswood Resort,"Modern suites & cabins in a woodsy getaway offering a pizza parlor, a seasonal pool & a games room.","{'latitude': 39.3792054, 'longitude': -94.700311}",39.3792054,-94.700311,2,https://basswoodresort.com/?utm_source=google&utm_medium=maps,"[{'stars': 5, 'count': 609}, {'stars': 4, 'count': 220}, {'stars': 3, 'count': 84}, {'stars': 2, 'count': 55}, {'stars': 1, 'count': 94}]",1062,"[{'name': 'Family', 'description': 'Family friendly', 'total_mentioned': 212, 'positive': 163, 'negative': 32, 'neutral': 17}, {'name': 'Property', 'description': 'Property', 'total_mentioned': 202, 'positive': 151, 'negative': 35, 'neutral': 16}, {'name': 'Nature', 'description': 'Nature and outdoor activities', 'total_mentioned': 68, 'positive': 56, 'negative': 7, 'neutral': 5}, {'name': 'Wi-Fi', 'description': 'Wi-Fi', 'total_mentioned': 25, 'positive': 5, 'negative': 15, 'neutral': 5}, {'name': 'Sleep', 'description': 'Sleep', 'total_mentioned': 95, 'positive': 21, 'negative': 61, 'neutral': 13}]","Basswood Lake Road, Kerrville, Platte County, Missouri, United States"
Poker Mage | Play Poker Online,,"{'latitude': 37.666454699999996, 'longitude': -120.9946679}",37.6664547,-120.9946679,2,http://www.hotelsmarinet.com/,"[{'stars': 5, 'count': 28}, {'stars': 4, 'count': 17}, {'stars': 3, 'count': 27}, {'stars': 2, 'count': 34}, {'stars': 1, 'count': 97}]",203,"[{'name': 'Air Conditioning', 'description': 'Air conditioning', 'total_mentioned': 13, 'positive': 0, 'negative': 12, 'neutral': 1}, {'name': 'Room', 'description': 'Room amenities', 'total_mentioned': 23, 'positive': 1, 'negative': 21, 'neutral': 1}, {'name': 'Safety', 'description': 'Safety', 'total_mentioned': 19, 'positive': 0, 'negative': 17, 'neutral': 2}, {'name': 'Bathroom', 'description': 'Bathroom and toiletries', 'total_mentioned': 16, 'positive': 0, 'negative': 15, 'neutral': 1}, {'name': 'Sleep', 'description': 'Sleep', 'total_mentioned': 20, 'positive': 2, 'negative': 17, 'neutral': 1}, {'name': 'Cleanliness', 'description': 'Cleanliness', 'total_mentioned': 48, 'positive': 3, 'negative': 44, 'neutral': 1}]","Ramada Modesto Yosemite Area, 1525, McHenry Avenue, Modesto, Stanislaus County, California, 95350, United States"
"Seven Gables Inn, St. Louis West, a Tribute Portfolio Hotel","Polished 1926 inn offering uniquely decorated rooms & suites, plus free continental breakfast.","{'latitude': 38.6511782, 'longitude': -90.3392215}",38.6511782,-90.3392215,3,https://www.marriott.com/en-us/hotels/stltw-seven-gables-inn-st-louis-west-a-tribute-portfolio-hotel/overview/?scid=f2ae0541-1279-4f24-b197-a979c79310b0,"[{'stars': 5, 'count': 214}, {'stars': 4, 'count': 57}, {'stars': 3, 'count': 15}, {'stars': 2, 'count': 13}, {'stars': 1, 'count': 28}]",327,"[{'name': 'Couples', 'description': 'Couple friendly', 'total_mentioned': 33, 'positive': 24, 'negative': 7, 'neutral': 2}, {'name': 'Nightlife', 'description': 'Nightlife', 'total_mentioned': 16, 'positive': 9, 'negative': 5, 'neutral': 2}, {'name': 'TV', 'description': 'Room entertainment', 'total_mentioned': 9, 'positive': 4, 'negative': 5, 'neutral': 0}, {'name': 'Breakfast', 'description': 'Breakfast', 'total_mentioned': 54, 'positive': 41, 'negative': 8, 'neutral': 5}, {'name': 'Dining', 'description': 'Food and Beverage', 'total_mentioned': 56, 'positive': 44, 'negative': 10, 'neutral': 2}, {'name': 'Bathroom', 'description': 'Bathroom and toiletries', 'total_mentioned': 34, 'positive': 21, 'negative': 11, 'neutral': 2}]","Seven Gables Inn Tribute Portfolio, 26, North Meramec Avenue, Clayton, Saint Louis County, Missouri, 63105, United States"
Grand Center Inn,"Uniquely decorated rooms in upscale historic inn offering event space, free WiFi & parking.","{'latitude': 38.6411151, 'longitude': -90.23354719999999}",38.6411151,-90.2335472,3,http://www.grandcenterinn.com/,"[{'stars': 5, 'count': 12}, {'stars': 4, 'count': 0}, {'stars': 3, 'count': 0}, {'stars': 2, 'count': 0}, {'stars': 1, 'count': 6}]",18,"[{'name': 'Location', 'description': 'Location', 'total_mentioned': 8, 'positive': 4, 'negative': 1, 'neutral': 3}, {'name': 'Breakfast', 'description': 'Breakfast', 'total_mentioned': 5, 'positive': 5, 'negative': 0, 'neutral': 0}, {'name': 'Restaurant', 'description': 'Restaurant', 'total_mentioned': 5, 'positive': 4, 'negative': 1, 'neutral': 0}, {'name': 'Property', 'description': 'Property', 'total_mentioned': 11, 'positive': 9, 'negative': 2, 'neutral': 0}, {'name': 'Service', 'description': 'Service', 'total_mentioned': 7, 'positive': 3, 'negative': 4, 'neutral': 0}]","3716, Grandel Square, Covenant Blu Grand Center, Saint Louis, Missouri, 63108, United States"
"Hotel Indigo St. Louis - Downtown, an IHG Hotel","Modern quarters in a stylish hotel offering breakfast, plus a gym, a restaurant & a rooftop bar.","{'latitude': 38.627939999999995, 'longitude': -90.18932}",38.62794,-90.18932,3,https://www.ihg.com/hotelindigo/hotels/us/en/st-louis/stlid/hoteldetail?cm_mmc=GoogleMaps-_-IN-_-US-_-STLID,"[{'stars': 5, 'count': 229}, {'stars': 4, 'count': 100}, {'stars': 3, 'count': 53}, {'stars': 2, 'count': 43}, {'stars': 1, 'count': 83}]",508,"[{'name': 'Parking', 'description': 'Parking', 'total_mentioned': 90, 'positive': 29, 'negative': 50, 'neutral': 11}, {'name': 'Service', 'description': 'Service', 'total_mentioned': 226, 'positive': 127, 'negative': 80, 'neutral': 19}, {'name': 'Cleanliness', 'description': 'Cleanliness', 'total_mentioned': 128, 'positive': 62, 'negative': 55, 'neutral': 11}, {'name': 'Property', 'description': 'Property', 'total_mentioned': 217, 'positive': 111, 'negative': 76, 'neutral': 30}, {'name': 'Sleep', 'description': 'Sleep', 'total_mentioned': 97, 'positive': 27, 'negative': 62, 'neutral': 8}, {'name': 'Bathroom', 'description': 'Bathroom and toiletries', 'total_mentioned': 78, 'positive': 12, 'negative': 60, 'neutral': 6}]","LaSalle Building, 501, Olive Street, Downtown, Saint Louis, Missouri, 63101, United States"
Branson King Resort and Suites,,"{'latitude': 36.6332629, 'longitude': -93.2793567}",36.6332629,-93.2793567,3,https://www.bransonkingresort.com/,"[{'stars': 5, 'count': 349}, {'stars': 4, 'count': 103}, {'stars': 3, 'count': 75}, {'stars': 2, 'count': 72}, {'stars': 1, 'count': 175}]",774,"[{'name': 'Breakfast', 'description': 'Breakfast', 'total_mentioned': 213, 'positive': 167, 'negative': 27, 'neutral': 19}, {'name': 'Bathroom', 'description': 'Bathroom and toiletries', 'total_mentioned': 149, 'positive': 9, 'negative': 125, 'neutral': 15}, {'name': 'Cleanliness', 'description': 'Cleanliness', 'total_mentioned': 290, 'positive': 124, 'negative': 148, 'neutral': 18}, {'name': 'Service', 'description': 'Service', 'total_mentioned': 288, 'positive': 181, 'negative': 89, 'neutral': 18}, {'name': 'Restaurant', 'description': 'Restaurant', 'total_mentioned': 109, 'positive': 84, 'negative': 12, 'neutral': 13}, {'name': 'Sleep', 'description': 'Sleep', 'total_mentioned': 179, 'positive': 41, 'negative': 121, 'neutral': 17}]","Entrance Drive, Branson, Taney County, Missouri, 65516, United States"
The Suites at Fall Creek,"Modest quarters with kitchen facilities in a casual resort offering mini-golf, a marina & 2 pools.","{'latitude': 36.605145799999995, 'longitude': -93.28333850000001}",36.6051458,-93.2833385,3,https://www.tophotelreservations.com/the-suites-at-fall-creek/special-offers?utm_source=google&utm_medium=organic&utm_campaign=pfc-gmb-listing&utm_content=gmb-listing_weblink,"[{'stars': 5, 'count': 1192}, {'stars': 4, 'count': 521}, {'stars': 3, 'count': 248}, {'stars': 2, 'count': 106}, {'stars': 1, 'count': 137}]",2204,"[{'name': 'Property', 'description': 'Property', 'total_mentioned': 672, 'positive': 477, 'negative': 134, 'neutral': 61}, {'name': 'Bathroom', 'description': 'Bathroom and toiletries', 'total_mentioned': 204, 'positive': 59, 'negative': 119, 'neutral': 26}, {'name': 'Fitness', 'description': 'Fitness', 'total_mentioned': 208, 'positive': 127, 'negative': 61, 'neutral': 20}, {'name': 'Service', 'description': 'Service', 'total_mentioned': 388, 'positive': 272, 'negative': 92, 'neutral': 24}, {'name': 'Family', 'description': 'Family friendly', 'total_mentioned': 182, 'positive': 134, 'negative': 34, 'neutral': 14}, {'name': 'Kitchen', 'description': 'Kitchen', 'total_mentioned': 124, 'positive': 66, 'negative': 38, 'neutral': 20}]","The Suites at Fall Creek, Fall Creek Drive, Branson, Taney County, Missouri, 65516, United States"
Alhonna Resort & Marina,"Simple rooms, apartments & cottages in a waterfront resort featuring a marina & a restaurant/bar.","{'latitude': 38.1993681, 'longitude': -92.7515983}",38.1993681,-92.7515983,3,http://www.thealhonnaresort.com/,"[{'stars': 5, 'count': 334}, {'stars': 4, 'count': 134}, {'stars': 3, 'count': 35}, {'stars': 2, 'count': 12}, {'stars': 1, 'count': 15}]",530,"[{'name': 'Service', 'description': 'Service', 'total_mentioned': 91, 'positive': 80, 'negative': 9, 'neutral': 2}, {'name': 'Property', 'description': 'Property', 'total_mentioned': 88, 'positive': 69, 'negative': 14, 'neutral': 5}, {'name': 'Family', 'description': 'Family friendly', 'total_mentioned': 43, 'positive': 40, 'negative': 1, 'neutral': 2}, {'name': 'Sleep', 'description': 'Sleep', 'total_mentioned': 23, 'positive': 7, 'negative': 14, 'neutral': 2}]","Alhonna Resort & Marina, 677, Outer Drive, Lake Ozark, Camden County, Missouri, 65049, United States"
Grand Crowne Resort,"Relaxed resort featuring 1- to 3-bedroom condos with kitchens, as well as a pool & a playground.","{'latitude': 36.629845700000004, 'longitude': -93.26472389999999}",36.6298457,-93.2647239,3,http://www.grandcrownebranson.com/,"[{'stars': 5, 'count': 1113}, {'stars': 4, 'count': 442}, {'stars': 3, 'count': 169}, {'stars': 2, 'count': 63}, {'stars': 1, 'count': 93}]",1880,"[{'name': 'Bathroom', 'description': 'Bathroom and toiletries', 'total_mentioned': 204, 'positive': 92, 'negative': 82, 'neutral': 30}, {'name': 'Fitness', 'description': 'Fitness', 'total_mentioned': 185, 'positive': 118, 'negative': 48, 'neutral': 19}, {'name': 'Hot Tub', 'description': 'Hot tub', 'total_mentioned': 82, 'positive': 51, 'negative': 20, 'neutral': 11}, {'name': 'Property', 'description': 'Property', 'total_mentioned': 563, 'positive': 417, 'negative': 105, 'neutral': 41}, {'name': 'Cleanliness', 'description': 'Cleanliness', 'total_mentioned': 340, 'positive': 235, 'negative': 90, 'neutral': 15}, {'name': 'Kitchen', 'description': 'Kitchen', 'total_mentioned': 115, 'positive': 59, 'negative': 37, 'neutral': 19}]","Branson, Taney County, Missouri, 65615, United States"
"Aviator Hotel & Suites South I-55, BW Signature Collection","Suburban hotel with free WiFi & an American restaurant, plus an indoor pool & fitness center.","{'latitude': 38.512553, 'longitude': -90.33382999999999}",38.512553,-90.33383,3,https://www.aviatorhotelsuites.com/,"[{'stars': 5, 'count': 667}, {'stars': 4, 'count': 363}, {'stars': 3, 'count': 217}, {'stars': 2, 'count': 90}, {'stars': 1, 'count': 141}]",1478,"[{'name': 'Service', 'description': 'Service', 'total_mentioned': 423, 'positive': 287, 'negative': 104, 'neutral': 32}, {'name': 'Atmosphere', 'description': 'Atmosphere', 'total_mentioned': 52, 'positive': 47, 'negative': 2, 'neutral': 3}, {'name': 'Location', 'description': 'Location', 'total_mentioned': 83, 'positive': 57, 'negative': 15, 'neutral': 11}, {'name': 'TV', 'description': 'Room entertainment', 'total_mentioned': 16, 'positive': 4, 'negative': 10, 'neutral': 2}, {'name': 'Wi-Fi', 'description': 'Wi-Fi', 'total_mentioned': 13, 'positive': 2, 'negative': 8, 'neutral': 3}, {'name': 'Air Conditioning', 'description': 'Air conditioning', 'total_mentioned': 18, 'positive': 4, 'negative': 14, 'neutral': 0}]","Aviator Hotel & Suites, BW Signature Collection, 6921, South Lindbergh Boulevard, Saint Louis, Saint Louis County, Missouri, 63125, United States"
Residence Inn St. Louis Airport/Earth City,"Contemporary all-suite hotel with an indoor pool, plus free hot breakfast & an airport shuttle.","{'latitude': 38.761437099999995, 'longitude': -90.45400570000001}",38.7614371,-90.4540057,3,https://www.marriott.com/en-us/hotels/stlri-residence-inn-st-louis-airport-earth-city/overview/?scid=f2ae0541-1279-4f24-b197-a979c79310b0,"[{'stars': 5, 'count': 300}, {'stars': 4, 'count': 155}, {'stars': 3, 'count': 71}, {'stars': 2, 'count': 24}, {'stars': 1, 'count': 38}]",588,"[{'name': 'Pets', 'description': 'Pets', 'total_mentioned': 11, 'positive': 5, 'negative': 4, 'neutral': 2}, {'name': 'Family', 'description': 'Family friendly', 'total_mentioned': 22, 'positive': 14, 'negative': 7, 'neutral': 1}, {'name': 'Pool', 'description': 'Pool', 'total_mentioned': 7, 'positive': 4, 'negative': 3, 'neutral': 0}, {'name': 'Accessibility', 'description': 'Accessibility', 'total_mentioned': 13, 'positive': 3, 'negative': 10, 'neutral': 0}, {'name': 'Bar', 'description': 'Bar or lounge', 'total_mentioned': 14, 'positive': 11, 'negative': 2, 'neutral': 1}, {'name': 'Gym', 'description': 'Gym', 'total_mentioned': 7, 'positive': 3, 'negative': 4, 'neutral': 0}]","Residence Inn St. Louis Airport/Earth City, 3290, Rider Trail South, Bridgeton, Saint Louis County, Missouri, 63045, United States"
Lemp Mansion,,"{'latitude': 38.5931742, 'longitude': -90.21587600000001}",38.5931742,-90.215876,3,http://www.lempmansion.com/,"[{'stars': 5, 'count': 1327}, {'stars': 4, 'count': 285}, {'stars': 3, 'count': 78}, {'stars': 2, 'count': 38}, {'stars': 1, 'count': 36}]",1764,"[{'name': 'Dining', 'description': 'Food and Beverage', 'total_mentioned': 346, 'positive': 286, 'negative': 38, 'neutral': 22}, {'name': 'Family', 'description': 'Family friendly', 'total_mentioned': 127, 'positive': 105, 'negative': 12, 'neutral': 10}, {'name': 'Couples', 'description': 'Couple friendly', 'total_mentioned': 47, 'positive': 41, 'negative': 2, 'neutral': 4}, {'name': 'Breakfast', 'description': 'Breakfast', 'total_mentioned': 145, 'positive': 131, 'negative': 5, 'neutral': 9}, {'name': 'Service', 'description': 'Service', 'total_mentioned': 304, 'positive': 258, 'negative': 37, 'neutral': 9}, {'name': 'Bar', 'description': 'Bar or lounge', 'total_mentioned': 73, 'positive': 43, 'negative': 20, 'neutral': 10}]","Lemp Mansion, 3322, Demenil Place, Benton Park, Saint Louis, Missouri, 63118, United States"
DraftKings at Casino Queen,,"{'latitude': 38.625882, 'longitude': -90.174103}",38.625882,-90.174103,3,https://draftkingsatcasinoqueen.com/?utm_source=2060digital&utm_medium=localseo&utm_campaign=gbp,"[{'stars': 5, 'count': 1693}, {'stars': 4, 'count': 897}, {'stars': 3, 'count': 619}, {'stars': 2, 'count': 294}, {'stars': 1, 'count': 438}]",3941,"[{'name': 'Nightlife', 'description': 'Nightlife', 'total_mentioned': 613, 'positive': 312, 'negative': 209, 'neutral': 92}, {'name': 'Dining', 'description': 'Food and Beverage', 'total_mentioned': 180, 'positive': 96, 'negative': 62, 'neutral': 22}, {'name': 'Bar', 'description': 'Bar or lounge', 'total_mentioned': 130, 'positive': 68, 'negative': 46, 'neutral': 16}, {'name': 'Parking', 'description': 'Parking', 'total_mentioned': 93, 'positive': 27, 'negative': 58, 'neutral': 8}, {'name': 'Safety', 'description': 'Safety', 'total_mentioned': 88, 'positive': 29, 'negative': 44, 'neutral': 15}, {'name': 'Bathroom', 'description': 'Bathroom and toiletries', 'total_mentioned': 76, 'positive': 10, 'negative': 60, 'neutral': 6}]","Casino Queen, 200, Front Street, East St. Louis, Saint Clair County, Illinois, 62201, United States"
DoubleTree by Hilton Hotel Modesto,"Modern lodging with a restaurant & a spa, plus an outdoor pool & a free airport shuttle.","{'latitude': 37.6417301, 'longitude': -121.002812}",37.6417301,-121.002812,3,https://www.hilton.com/en/hotels/dsto-dt-doubletree-modesto/?SEO_id=GMB-AMER-DT-DSTODT&y_source=1_MTM3MjY4OC03MTUtbG9jYXRpb24ud2Vic2l0ZQ%3D%3D,"[{'stars': 5, 'count': 1176}, {'stars': 4, 'count': 577}, {'stars': 3, 'count': 209}, {'stars': 2, 'count': 107}, {'stars': 1, 'count': 120}]",2189,"[{'name': 'Parking', 'description': 'Parking', 'total_mentioned': 159, 'positive': 50, 'negative': 91, 'neutral': 18}, {'name': 'Bar', 'description': 'Bar or lounge', 'total_mentioned': 109, 'positive': 84, 'negative': 16, 'neutral': 9}, {'name': 'Dining', 'description': 'Food and Beverage', 'total_mentioned': 135, 'positive': 108, 'negative': 20, 'neutral': 7}, {'name': 'Couples', 'description': 'Couple friendly', 'total_mentioned': 25, 'positive': 15, 'negative': 3, 'neutral': 7}, {'name': 'Breakfast', 'description': 'Breakfast', 'total_mentioned': 113, 'positive': 81, 'negative': 27, 'neutral': 5}, {'name': 'Transit', 'description': 'Public transit', 'total_mentioned': 47, 'positive': 14, 'negative': 26, 'neutral': 7}]","Modesto Center Plaza, 1150, 9th Street, Modesto, Stanislaus County, California, 95354, United States"
The Cheshire,"Upscale quarters in a Britain-inspired lodging with free breakfast, an outdoor pool & dining.","{'latitude': 38.633327699999995, 'longitude': -90.306958}",38.6333277,-90.306958,4,http://www.cheshirestl.com/,"[{'stars': 5, 'count': 1081}, {'stars': 4, 'count': 449}, {'stars': 3, 'count': 179}, {'stars': 2, 'count': 125}, {'stars': 1, 'count': 130}]",1964,"[{'name': 'Bar', 'description': 'Bar or lounge', 'total_mentioned': 273, 'positive': 215, 'negative': 31, 'neutral': 27}, {'name': 'Breakfast', 'description': 'Breakfast', 'total_mentioned': 242, 'positive': 189, 'negative': 35, 'neutral': 18}, {'name': 'Restaurant', 'description': 'Restaurant', 'total_mentioned': 108, 'positive': 86, 'negative': 19, 'neutral': 3}, {'name': 'Couples', 'description': 'Couple friendly', 'total_mentioned': 45, 'positive': 32, 'negative': 3, 'neutral': 10}, {'name': 'Nightlife', 'description': 'Nightlife', 'total_mentioned': 88, 'positive': 55, 'negative': 19, 'neutral': 14}, {'name': 'Dining', 'description': 'Food and Beverage', 'total_mentioned': 238, 'positive': 187, 'negative': 26, 'neutral': 25}]","Cheshire Inn, 6300, Clayton Road, Hi-Pointe, Richmond Heights, Saint Louis County, Missouri, 63117, United States"
Moonrise Hotel,Stylish rooms & suites in an outerspace-themed boutique hotel with a hip rooftop bar & local fare.,"{'latitude': 38.6555695, 'longitude': -90.29870760000001}",38.6555695,-90.2987076,4,http://moonrisehotel.com/,"[{'stars': 5, 'count': 1637}, {'stars': 4, 'count': 525}, {'stars': 3, 'count': 130}, {'stars': 2, 'count': 39}, {'stars': 1, 'count': 87}]",2418,"[{'name': 'Bar', 'description': 'Bar or lounge', 'total_mentioned': 653, 'positive': 544, 'negative': 51, 'neutral': 58}, {'name': 'Dining', 'description': 'Food and Beverage', 'total_mentioned': 467, 'positive': 397, 'negative': 43, 'neutral': 27}, {'name': 'Property', 'description': 'Property', 'total_mentioned': 748, 'positive': 666, 'negative': 47, 'neutral': 35}, {'name': 'Service', 'description': 'Service', 'total_mentioned': 583, 'positive': 470, 'negative': 91, 'neutral': 22}, {'name': 'Pets', 'description': 'Pets', 'total_mentioned': 72, 'positive': 66, 'negative': 3, 'neutral': 3}, {'name': 'Atmosphere', 'description': 'Atmosphere', 'total_mentioned': 231, 'positive': 219, 'negative': 7, 'neutral': 5}]","Eclipse Restaurant, 6177, Delmar Boulevard, Skinker DeBaliviere, Saint Louis, Missouri, 63112, United States"
"The Ritz-Carlton, St. Louis","Posh hotel featuring upscale restaurants, a cigar club & a lounge, plus a spa & a fitness center.","{'latitude': 38.6483683, 'longitude': -90.33114069999999}",38.6483683,-90.3311407,4,https://www.ritzcarlton.com/en/hotels/stlrz-the-ritz-carlton-st-louis/overview/?scid=f2ae0541-1279-4f24-b197-a979c79310b0,"[{'stars': 5, 'count': 1351}, {'stars': 4, 'count': 280}, {'stars': 3, 'count': 79}, {'stars': 2, 'count': 21}, {'stars': 1, 'count': 44}]",1775,"[{'name': 'Nightlife', 'description': 'Nightlife', 'total_mentioned': 65, 'positive': 46, 'negative': 3, 'neutral': 16}, {'name': 'Couples', 'description': 'Couple friendly', 'total_mentioned': 43, 'positive': 33, 'negative': 2, 'neutral': 8}, {'name': 'Wellness', 'description': 'Wellness', 'total_mentioned': 19, 'positive': 13, 'negative': 4, 'neutral': 2}, {'name': 'Business', 'description': 'Business', 'total_mentioned': 62, 'positive': 44, 'negative': 3, 'neutral': 15}, {'name': 'Bar', 'description': 'Bar or lounge', 'total_mentioned': 135, 'positive': 107, 'negative': 14, 'neutral': 14}, {'name': 'Dining', 'description': 'Food and Beverage', 'total_mentioned': 179, 'positive': 146, 'negative': 17, 'neutral': 16}]","Ritz-Carlton Hotel St. Louis, 100, Carondelet Plaza, Clayton, Saint Louis County, Missouri, 63105, United States"
"St. Louis Union Station Hotel, Curio Collection by Hilton","Upscale hotel in a converted 1894 train station, featuring a gastropub & a nightly 3D light show.","{'latitude': 38.6287193, 'longitude': -90.2075881}",38.6287193,-90.2075881,4,https://www.hilton.com/en/hotels/stlcuqq-st-louis-union-station-hotel/?SEO_id=GMB-AMER-QQ-STLCUQQ&y_source=1_MTM3MjYxMy03MTUtbG9jYXRpb24ud2Vic2l0ZQ%3D%3D,"[{'stars': 5, 'count': 5449}, {'stars': 4, 'count': 2015}, {'stars': 3, 'count': 701}, {'stars': 2, 'count': 317}, {'stars': 1, 'count': 441}]",8923,"[{'name': 'Property', 'description': 'Property', 'total_mentioned': 2123, 'positive': 1584, 'negative': 376, 'neutral': 163}, {'name': 'Service', 'description': 'Service', 'total_mentioned': 1446, 'positive': 977, 'negative': 391, 'neutral': 78}, {'name': 'Transit', 'description': 'Public transit', 'total_mentioned': 310, 'positive': 206, 'negative': 40, 'neutral': 64}, {'name': 'Parking', 'description': 'Parking', 'total_mentioned': 390, 'positive': 118, 'negative': 218, 'neutral': 54}, {'name': 'Bar', 'description': 'Bar or lounge', 'total_mentioned': 420, 'positive': 293, 'negative': 70, 'neutral': 57}, {'name': 'Nightlife', 'description': 'Nightlife', 'total_mentioned': 349, 'positive': 262, 'negative': 47, 'neutral': 40}]","St. Louis Union Station, 1820, Market Street, Downtown West, Saint Louis, Missouri, 63103, United States"
Hyatt Regency St. Louis at The Arch,"Refined rooms, some with Arch views, in an upmarket hotel featuring fine dining & a gym.","{'latitude': 38.6262038, 'longitude': -90.18776969999999}",38.6262038,-90.1877697,4,https://www.hyatt.com/hyatt-regency/en-US/stlrs-hyatt-regency-st-louis-at-the-arch?src=corp_lclb_google_seo_stlrs&%3Futm_source=google&utm_medium=organic&utm_campaign=lmr,"[{'stars': 5, 'count': 3935}, {'stars': 4, 'count': 1643}, {'stars': 3, 'count': 575}, {'stars': 2, 'count': 261}, {'stars': 1, 'count': 348}]",6762,"[{'name': 'Parking', 'description': 'Parking', 'total_mentioned': 668, 'positive': 136, 'negative': 412, 'neutral': 120}, {'name': 'Service', 'description': 'Service', 'total_mentioned': 1662, 'positive': 1267, 'negative': 304, 'neutral': 91}, {'name': 'Location', 'description': 'Location', 'total_mentioned': 1074, 'positive': 898, 'negative': 71, 'neutral': 105}, {'name': 'Property', 'description': 'Property', 'total_mentioned': 1924, 'positive': 1446, 'negative': 330, 'neutral': 148}, {'name': 'Cleanliness', 'description': 'Cleanliness', 'total_mentioned': 1023, 'positive': 706, 'negative': 278, 'neutral': 39}, {'name': 'Nature', 'description': 'Nature and outdoor activities', 'total_mentioned': 178, 'positive': 171, 'negative': 5, 'neutral': 2}]","Hyatt Regency St. Louis at the Arch, 315, Chestnut Street, Downtown, Saint Louis, Missouri, 63102, United States"
The Last Hotel STL,"Upscale quarters, dining & a rooftop pool in a fashionable hotel set in a converted shoe factory.","{'latitude': 38.63270000000001, 'longitude': -90.2006746}",38.63270000000001,-90.2006746,4,https://thelasthotelstl.com/,"[{'stars': 5, 'count': 523}, {'stars': 4, 'count': 142}, {'stars': 3, 'count': 70}, {'stars': 2, 'count': 60}, {'stars': 1, 'count': 95}]",890,"[{'name': 'Bar', 'description': 'Bar or lounge', 'total_mentioned': 194, 'positive': 114, 'negative': 57, 'neutral': 23}, {'name': 'Fitness', 'description': 'Fitness', 'total_mentioned': 174, 'positive': 106, 'negative': 50, 'neutral': 18}, {'name': 'Pool', 'description': 'Pool', 'total_mentioned': 124, 'positive': 82, 'negative': 29, 'neutral': 13}, {'name': 'Service', 'description': 'Service', 'total_mentioned': 365, 'positive': 240, 'negative': 88, 'neutral': 37}, {'name': 'Property', 'description': 'Property', 'total_mentioned': 369, 'positive': 256, 'negative': 87, 'neutral': 26}, {'name': 'Parking', 'description': 'Parking', 'total_mentioned': 104, 'positive': 45, 'negative': 42, 'neutral': 17}]","Washington Avenue, Downtown West, Saint Louis, Missouri, 63108, United States"
Angad Arts Hotel,"Trendy quarters with murals in a hip, art-themed boutique hotel with a restaurant & 3 bars.","{'latitude': 38.639462, 'longitude': -90.230544}",38.639462,-90.230544,4,https://www.angadartshotel.com/,"[{'stars': 5, 'count': 761}, {'stars': 4, 'count': 176}, {'stars': 3, 'count': 69}, {'stars': 2, 'count': 57}, {'stars': 1, 'count': 88}]",1151,"[{'name': 'Bar', 'description': 'Bar or lounge', 'total_mentioned': 246, 'positive': 173, 'negative': 53, 'neutral': 20}, {'name': 'Property', 'description': 'Property', 'total_mentioned': 482, 'positive': 368, 'negative': 81, 'neutral': 33}, {'name': 'Service', 'description': 'Service', 'total_mentioned': 319, 'positive': 205, 'negative': 98, 'neutral': 16}, {'name': 'Dining', 'description': 'Food and Beverage', 'total_mentioned': 166, 'positive': 110, 'negative': 44, 'neutral': 12}, {'name': 'Room', 'description': 'Room amenities', 'total_mentioned': 140, 'positive': 80, 'negative': 50, 'neutral': 10}, {'name': 'Parking', 'description': 'Parking', 'total_mentioned': 91, 'positive': 39, 'negative': 40, 'neutral': 12}]","Angad Arts Hotel, 3550, Samuel Shepard Drive, Covenant Blu Grand Center, Saint Louis, Missouri, 63103, United States"
"Magnolia Hotel St. Louis, a Tribute Portfolio Hotel","Grand hotel with elegant rooms & suites, plus a stylish bar & a restaurant","{'latitude': 38.6300076, 'longitude': -90.1921261}",38.6300076,-90.1921261,4,https://www.marriott.com/en-us/hotels/stltr-magnolia-hotel-st-louis-a-tribute-portfolio-hotel/overview/?scid=f2ae0541-1279-4f24-b197-a979c79310b0,"[{'stars': 5, 'count': 708}, {'stars': 4, 'count': 286}, {'stars': 3, 'count': 118}, {'stars': 2, 'count': 46}, {'stars': 1, 'count': 53}]",1211,"[{'name': 'Property', 'description': 'Property', 'total_mentioned': 491, 'positive': 388, 'negative': 70, 'neutral': 33}, {'name': 'Service', 'description': 'Service', 'total_mentioned': 382, 'positive': 296, 'negative': 66, 'neutral': 20}, {'name': 'Parking', 'description': 'Parking', 'total_mentioned': 127, 'positive': 48, 'negative': 61, 'neutral': 18}, {'name': 'Bar', 'description': 'Bar or lounge', 'total_mentioned': 108, 'positive': 82, 'negative': 14, 'neutral': 12}, {'name': 'Cleanliness', 'description': 'Cleanliness', 'total_mentioned': 179, 'positive': 120, 'negative': 51, 'neutral': 8}, {'name': 'Location', 'description': 'Location', 'total_mentioned': 170, 'positive': 149, 'negative': 9, 'neutral': 12}]","Magnolia Hotel, 421, North 8th Street, Downtown, Saint Louis, Missouri, 63101, United States"
"Hotel Saint Louis, Autograph Collection","Refined quarters in an upmarket hotel offering a restaurant, a bar & a spa, plus a rooftop pool.","{'latitude': 38.6284969, 'longitude': -90.1916093}",38.6284969,-90.1916093,4,https://www.marriott.com/en-us/hotels/stlak-hotel-saint-louis-autograph-collection/overview/?scid=f2ae0541-1279-4f24-b197-a979c79310b0,"[{'stars': 5, 'count': 588}, {'stars': 4, 'count': 106}, {'stars': 3, 'count': 44}, {'stars': 2, 'count': 31}, {'stars': 1, 'count': 50}]",819,"[{'name': 'Spa', 'description': 'Spa', 'total_mentioned': 24, 'positive': 20, 'negative': 3, 'neutral': 1}, {'name': 'Property', 'description': 'Property', 'total_mentioned': 341, 'positive': 286, 'negative': 35, 'neutral': 20}, {'name': 'Service', 'description': 'Service', 'total_mentioned': 289, 'positive': 209, 'negative': 62, 'neutral': 18}, {'name': 'Wellness', 'description': 'Wellness', 'total_mentioned': 24, 'positive': 20, 'negative': 2, 'neutral': 2}, {'name': 'Bar', 'description': 'Bar or lounge', 'total_mentioned': 104, 'positive': 68, 'negative': 22, 'neutral': 14}, {'name': 'Dining', 'description': 'Food and Beverage', 'total_mentioned': 101, 'positive': 62, 'negative': 30, 'neutral': 9}]","Hotel Saint Louis, Autograph Collection, 705, Olive Street, Downtown, Saint Louis, Missouri, 63101, United States"
The Westin St. Louis,"Airy rooms & suites, some with stadium views, plus a warehouse-style restaurant, a spa & a gym.","{'latitude': 38.6237417, 'longitude': -90.1949104}",38.6237417,-90.1949104,4,https://www.marriott.com/en-us/hotels/stlwi-the-westin-st-louis/overview/?scid=f2ae0541-1279-4f24-b197-a979c79310b0,"[{'stars': 5, 'count': 1262}, {'stars': 4, 'count': 448}, {'stars': 3, 'count': 155}, {'stars': 2, 'count': 104}, {'stars': 1, 'count': 136}]",2105,"[{'name': 'Property', 'description': 'Property', 'total_mentioned': 765, 'positive': 591, 'negative': 122, 'neutral': 52}, {'name': 'Service', 'description': 'Service', 'total_mentioned': 585, 'positive': 412, 'negative': 139, 'neutral': 34}, {'name': 'Location', 'description': 'Location', 'total_mentioned': 361, 'positive': 288, 'negative': 29, 'neutral': 44}, {'name': 'Parking', 'description': 'Parking', 'total_mentioned': 187, 'positive': 72, 'negative': 81, 'neutral': 34}, {'name': 'Cleanliness', 'description': 'Cleanliness', 'total_mentioned': 313, 'positive': 219, 'negative': 83, 'neutral': 11}, {'name': 'Bathroom', 'description': 'Bathroom and toiletries', 'total_mentioned': 216, 'positive': 121, 'negative': 74, 'neutral': 21}]","The Westin St. Louis, 811, Spruce Street, Downtown, Saint Louis, Missouri, 63102, United States"
Big Cedar Lodge,"Rustic-chic resort on 800 acres with a range of rooms & log cabins, plus dining & recreation.","{'latitude': 36.531748, 'longitude': -93.2488309}",36.531748,-93.2488309,4,http://www.bigcedar.com/?utm_source=local-directories&utm_medium=organic&utm_campaign=travelclick-localconnect,"[{'stars': 5, 'count': 2542}, {'stars': 4, 'count': 376}, {'stars': 3, 'count': 116}, {'stars': 2, 'count': 67}, {'stars': 1, 'count': 165}]",3266,"[{'name': 'Property', 'description': 'Property', 'total_mentioned': 601, 'positive': 490, 'negative': 77, 'neutral': 34}, {'name': 'Family', 'description': 'Family friendly', 'total_mentioned': 288, 'positive': 239, 'negative': 28, 'neutral': 21}, {'name': 'Service', 'description': 'Service', 'total_mentioned': 423, 'positive': 302, 'negative': 96, 'neutral': 25}, {'name': 'Wi-Fi', 'description': 'Wi-Fi', 'total_mentioned': 11, 'positive': 4, 'negative': 6, 'neutral': 1}, {'name': 'Accessibility', 'description': 'Accessibility', 'total_mentioned': 19, 'positive': 6, 'negative': 12, 'neutral': 1}, {'name': 'Safety', 'description': 'Safety', 'total_mentioned': 16, 'positive': 3, 'negative': 13, 'neutral': 0}]","Ridgedale Road, Taney County, Missouri, 65739, United States"
Hyatt Vacation Club at The Lodges at Timber Ridge,"High-end rooms & lodges in a resort offering dining, a water park, a theater & 2 golf courses.","{'latitude': 36.6076279, 'longitude': -93.2929605}",36.6076279,-93.2929605,4,https://www.vacationclubrentals.com/mo/branson/lodges-timber-ridge,"[{'stars': 5, 'count': 1762}, {'stars': 4, 'count': 676}, {'stars': 3, 'count': 255}, {'stars': 2, 'count': 126}, {'stars': 1, 'count': 215}]",3034,"[{'name': 'Fitness', 'description': 'Fitness', 'total_mentioned': 459, 'positive': 308, 'negative': 102, 'neutral': 49}, {'name': 'Family', 'description': 'Family friendly', 'total_mentioned': 360, 'positive': 281, 'negative': 52, 'neutral': 27}, {'name': 'Nightlife', 'description': 'Nightlife', 'total_mentioned': 181, 'positive': 130, 'negative': 24, 'neutral': 27}, {'name': 'Pool', 'description': 'Pool', 'total_mentioned': 252, 'positive': 187, 'negative': 43, 'neutral': 22}, {'name': 'Service', 'description': 'Service', 'total_mentioned': 529, 'positive': 381, 'negative': 126, 'neutral': 22}, {'name': 'Property', 'description': 'Property', 'total_mentioned': 807, 'positive': 592, 'negative': 151, 'neutral': 64}]","The Welk Resort Branson, 1984, Welk Resort Circle, Table Rock, Branson, Taney County, Missouri, 65616, United States"
Ameristar Casino Resort Spa St. Charles,"Contemporary, all-suite casino hotel with an indoor/outdoor pool & a 1950s-themed lounge.","{'latitude': 38.766850999999996, 'longitude': -90.4839786}",38.766851,-90.4839786,4,https://ameristarstcharles.boydgaming.com/,"[{'stars': 5, 'count': 7341}, {'stars': 4, 'count': 3362}, {'stars': 3, 'count': 1426}, {'stars': 2, 'count': 556}, {'stars': 1, 'count': 905}]",13590,"[{'name': 'Property', 'description': 'Property', 'total_mentioned': 1614, 'positive': 1290, 'negative': 223, 'neutral': 101}, {'name': 'Nightlife', 'description': 'Nightlife', 'total_mentioned': 2115, 'positive': 1290, 'negative': 509, 'neutral': 316}, {'name': 'Service', 'description': 'Service', 'total_mentioned': 1279, 'positive': 923, 'negative': 309, 'neutral': 47}, {'name': 'Air Conditioning', 'description': 'Air conditioning', 'total_mentioned': 28, 'positive': 2, 'negative': 23, 'neutral': 3}, {'name': 'Kitchen', 'description': 'Kitchen', 'total_mentioned': 50, 'positive': 10, 'negative': 32, 'neutral': 8}, {'name': 'TV', 'description': 'Room entertainment', 'total_mentioned': 69, 'positive': 17, 'negative': 46, 'neutral': 6}]","Ameristar Casino Resort Spa St. Charles, 1, Ameristar Boulevard, Saint Charles, Saint Charles County, Missouri, 63301, United States"
HoteLumiÃ¨re at the Arch,"Airy suites in a casual casino hotel offering rooftop dining with skyline views, a spa & a pool.","{'latitude': 38.632059999999996, 'longitude': -90.1833765}",38.63206,-90.1833765,4,https://www.caesars.com/horseshoe-st-louis/hotel?utm_campaign=GMB&utm_source=google&utm_medium=local&utm_term=hotelumiere&utm_content=hotel,"[{'stars': 5, 'count': 363}, {'stars': 4, 'count': 194}, {'stars': 3, 'count': 141}, {'stars': 2, 'count': 71}, {'stars': 1, 'count': 144}]",913,"[{'name': 'Nightlife', 'description': 'Nightlife', 'total_mentioned': 119, 'positive': 47, 'negative': 48, 'neutral': 24}, {'name': 'Property', 'description': 'Property', 'total_mentioned': 263, 'positive': 119, 'negative': 123, 'neutral': 21}, {'name': 'Cleanliness', 'description': 'Cleanliness', 'total_mentioned': 155, 'positive': 43, 'negative': 101, 'neutral': 11}, {'name': 'Accessibility', 'description': 'Accessibility', 'total_mentioned': 60, 'positive': 5, 'negative': 53, 'neutral': 2}, {'name': 'Service', 'description': 'Service', 'total_mentioned': 193, 'positive': 68, 'negative': 110, 'neutral': 15}, {'name': 'Fitness', 'description': 'Fitness', 'total_mentioned': 55, 'positive': 9, 'negative': 45, 'neutral': 1}]","HoteLumière at the Arch, 901, North 1st Street, Downtown, Saint Louis, Missouri, 63102, United States"
Le MÃ©ridien St. Louis Downtown,"Stylish rooms in a polished hotel featuring a steakhouse & a gelato shop, plus a fitness center.","{'latitude': 38.6286178, 'longitude': -90.195605}",38.6286178,-90.195605,4,https://www.marriott.com/en-us/hotels/stlmo-le-meridien-st-louis-downtown/overview/?scid=f2ae0541-1279-4f24-b197-a979c79310b0,"[{'stars': 5, 'count': 184}, {'stars': 4, 'count': 179}, {'stars': 3, 'count': 116}, {'stars': 2, 'count': 87}, {'stars': 1, 'count': 126}]",692,"[{'name': 'Property', 'description': 'Property', 'total_mentioned': 276, 'positive': 132, 'negative': 113, 'neutral': 31}, {'name': 'Service', 'description': 'Service', 'total_mentioned': 252, 'positive': 146, 'negative': 88, 'neutral': 18}, {'name': 'Parking', 'description': 'Parking', 'total_mentioned': 94, 'positive': 19, 'negative': 65, 'neutral': 10}, {'name': 'Breakfast', 'description': 'Breakfast', 'total_mentioned': 94, 'positive': 41, 'negative': 38, 'neutral': 15}, {'name': 'Sleep', 'description': 'Sleep', 'total_mentioned': 109, 'positive': 30, 'negative': 69, 'neutral': 10}, {'name': 'Bathroom', 'description': 'Bathroom and toiletries', 'total_mentioned': 98, 'positive': 16, 'negative': 73, 'neutral': 9}]","Le Méridien, 1019, Pine Street, Downtown, Saint Louis, Missouri, 63101, United States"
Four Seasons Hotel St. Louis,"Airy rooms with floor-to-ceiling windows, plus a spa, an outdoor pool & a fine-dining restaurant.","{'latitude': 38.6337127, 'longitude': -90.1848297}",38.6337127,-90.1848297,5,https://www.fourseasons.com/stlouis/?utm_source=google&utm_medium=organicsearch&utm_campaign=tor-stl-hre-mid-seo-na&utm_content=na-na&utm_term=na,"[{'stars': 5, 'count': 1525}, {'stars': 4, 'count': 367}, {'stars': 3, 'count': 100}, {'stars': 2, 'count': 37}, {'stars': 1, 'count': 70}]",2099,"[{'name': 'Wellness', 'description': 'Wellness', 'total_mentioned': 75, 'positive': 61, 'negative': 8, 'neutral': 6}, {'name': 'Spa', 'description': 'Spa', 'total_mentioned': 56, 'positive': 43, 'negative': 7, 'neutral': 6}, {'name': 'Service', 'description': 'Service', 'total_mentioned': 397, 'positive': 333, 'negative': 52, 'neutral': 12}, {'name': 'Nature', 'description': 'Nature and outdoor activities', 'total_mentioned': 47, 'positive': 47, 'negative': 0, 'neutral': 0}, {'name': 'Couples', 'description': 'Couple friendly', 'total_mentioned': 32, 'positive': 21, 'negative': 3, 'neutral': 8}, {'name': 'Property', 'description': 'Property', 'total_mentioned': 362, 'positive': 314, 'negative': 34, 'neutral': 14}]","Horseshoe St. Louis, 999, North 2nd Street, Downtown, Saint Louis, Missouri, 63101, United States"
