Name,Description,Coordinates,Latitude,Longitude,Hotel Class,Link,Ratings,Reviews,Reviews Breakdown,Address
Fairfield Inn Deptford,"Unassuming hotel offering complimentary Wi-Fi & breakfast, plus an indoor pool & a gym.","{'latitude': 39.833973799999995, 'longitude': -75.0893198}",39.8339738,-75.0893198,2,https://www.marriott.com/en-us/hotels/phldf-fairfield-inn-deptford/overview/?scid=f2ae0541-1279-4f24-b197-a979c79310b0,"[{'stars': 5, 'count': 254}, {'stars': 4, 'count': 158}, {'stars': 3, 'count': 112}, {'stars': 2, 'count': 58}, {'stars': 1, 'count': 84}]",666,"[{'name': 'Safety', 'description': 'Safety', 'total_mentioned': 17, 'positive': 6, 'negative': 10, 'neutral': 1}, {'name': 'Pool', 'description': 'Pool', 'total_mentioned': 22, 'positive': 12, 'negative': 9, 'neutral': 1}, {'name': 'Nightlife', 'description': 'Nightlife', 'total_mentioned': 8, 'positive': 2, 'negative': 5, 'neutral': 1}, {'name': 'Air Conditioning', 'description': 'Air conditioning', 'total_mentioned': 10, 'positive': 2, 'negative': 6, 'neutral': 2}, {'name': 'Wi-Fi', 'description': 'Wi-Fi', 'total_mentioned': 6, 'positive': 3, 'negative': 2, 'neutral': 1}, {'name': 'Service', 'description': 'Service', 'total_mentioned': 211, 'positive': 142, 'negative': 54, 'neutral': 15}]","Fairfield Inn Deptford, 1160, Hurffville Road, Deptford Township, Gloucester County, New Jersey, 08096, United States"
Red Roof Inn & Suites Philadelphia - Bellmawr,"Laid-back budget hotel offering complimentary perks such as Wi-Fi, breakfast & parking.","{'latitude': 39.8644211, 'longitude': -75.078124}",39.8644211,-75.078124,2,https://www.redroof.com/property/nj/bellmawr/RRI332?utm_source=GMB&utm_medium=Google&utm_campaign=GMB_Performance_RRI332,"[{'stars': 5, 'count': 144}, {'stars': 4, 'count': 97}, {'stars': 3, 'count': 92}, {'stars': 2, 'count': 27}, {'stars': 1, 'count': 99}]",459,"[{'name': 'Service', 'description': 'Service', 'total_mentioned': 122, 'positive': 51, 'negative': 67, 'neutral': 4}, {'name': 'Breakfast', 'description': 'Breakfast', 'total_mentioned': 28, 'positive': 6, 'negative': 18, 'neutral': 4}, {'name': 'Room', 'description': 'Room amenities', 'total_mentioned': 24, 'positive': 6, 'negative': 13, 'neutral': 5}, {'name': 'TV', 'description': 'Room entertainment', 'total_mentioned': 12, 'positive': 4, 'negative': 6, 'neutral': 2}, {'name': 'Property', 'description': 'Property', 'total_mentioned': 139, 'positive': 82, 'negative': 46, 'neutral': 11}, {'name': 'Pets', 'description': 'Pets', 'total_mentioned': 7, 'positive': 1, 'negative': 5, 'neutral': 1}]","Red Roof Inn, 217, Black Horse Pike, Bellmawr, Camden County, New Jersey, 08059, United States"
Red Roof Inn & Suites Mt Holly - McGuire AFB,"Relaxed rooms, some with whirlpool tubs, in a straightforward hotel offering free Wi-Fi & a gym.","{'latitude': 40.0271883, 'longitude': -74.8190839}",40.0271883,-74.8190839,2,https://www.redroof.com/property/nj/mount-holly/rri306?utm_source=GMB&utm_medium=Google&utm_campaign=GMB_Performance_RRI306,"[{'stars': 5, 'count': 200}, {'stars': 4, 'count': 110}, {'stars': 3, 'count': 90}, {'stars': 2, 'count': 49}, {'stars': 1, 'count': 126}]",575,"[{'name': 'Bathroom', 'description': 'Bathroom and toiletries', 'total_mentioned': 85, 'positive': 21, 'negative': 57, 'neutral': 7}, {'name': 'Pets', 'description': 'Pets', 'total_mentioned': 22, 'positive': 12, 'negative': 9, 'neutral': 1}, {'name': 'Cleanliness', 'description': 'Cleanliness', 'total_mentioned': 153, 'positive': 69, 'negative': 78, 'neutral': 6}, {'name': 'Hot Tub', 'description': 'Hot tub', 'total_mentioned': 17, 'positive': 8, 'negative': 8, 'neutral': 1}, {'name': 'Service', 'description': 'Service', 'total_mentioned': 143, 'positive': 79, 'negative': 56, 'neutral': 8}, {'name': 'Property', 'description': 'Property', 'total_mentioned': 163, 'positive': 79, 'negative': 72, 'neutral': 12}]","Red Roof Inn & Suites, NJ Turnpike Exit 5, Westampton Township, Burlington County, New Jersey, 08073, United States"
Red Roof Inn Mt Laurel,"Modest rooms, some with microwaves, in a casual budget hotel offering free parking & Wi-Fi.","{'latitude': 39.9303417, 'longitude': -74.9621174}",39.9303417,-74.9621174,2,https://www.redroof.com/property/nj/mount-laurel/RRI066?utm_source=GMB&utm_medium=Google&utm_campaign=GMB_Performance_RRI066,"[{'stars': 5, 'count': 309}, {'stars': 4, 'count': 224}, {'stars': 3, 'count': 187}, {'stars': 2, 'count': 117}, {'stars': 1, 'count': 259}]",1096,"[{'name': 'Pets', 'description': 'Pets', 'total_mentioned': 44, 'positive': 20, 'negative': 17, 'neutral': 7}, {'name': 'Sleep', 'description': 'Sleep', 'total_mentioned': 179, 'positive': 36, 'negative': 127, 'neutral': 16}, {'name': 'TV', 'description': 'Room entertainment', 'total_mentioned': 40, 'positive': 13, 'negative': 21, 'neutral': 6}, {'name': 'Safety', 'description': 'Safety', 'total_mentioned': 42, 'positive': 6, 'negative': 35, 'neutral': 1}, {'name': 'Transit', 'description': 'Public transit', 'total_mentioned': 6, 'positive': 4, 'negative': 0, 'neutral': 2}, {'name': 'Bathroom', 'description': 'Bathroom and toiletries', 'total_mentioned': 108, 'positive': 12, 'negative': 89, 'neutral': 7}]","Red Roof Inn Mount Laurel, 603, Fellowship Road, Fellowship, Mount Laurel Township, Burlington County, New Jersey, 08054, United States"
Inn of the Dove at Bensalem-Jacuzzi & Fireplace Suites,"All-suites hotel featuring themed, romantic quarters with whirlpool tubs, fireplaces & kitchenettes.","{'latitude': 40.127098, 'longitude': -74.96726509999999}",40.127098,-74.96726509999999,2,https://www.dovesuites.com/,"[{'stars': 5, 'count': 593}, {'stars': 4, 'count': 222}, {'stars': 3, 'count': 87}, {'stars': 2, 'count': 49}, {'stars': 1, 'count': 143}]",1094,"[{'name': 'Couples', 'description': 'Couple friendly', 'total_mentioned': 112, 'positive': 88, 'negative': 13, 'neutral': 11}, {'name': 'Hot Tub', 'description': 'Hot tub', 'total_mentioned': 110, 'positive': 60, 'negative': 42, 'neutral': 8}, {'name': 'Fitness', 'description': 'Fitness', 'total_mentioned': 28, 'positive': 14, 'negative': 6, 'neutral': 8}, {'name': 'Wellness', 'description': 'Wellness', 'total_mentioned': 6, 'positive': 2, 'negative': 4, 'neutral': 0}, {'name': 'Wi-Fi', 'description': 'Wi-Fi', 'total_mentioned': 10, 'positive': 2, 'negative': 6, 'neutral': 2}, {'name': 'Breakfast', 'description': 'Breakfast', 'total_mentioned': 24, 'positive': 7, 'negative': 10, 'neutral': 7}]","3995, Old Street Road, Nottingham, Bensalem Township, Bucks County, Pennsylvania, 19020, United States"
Flying W Enterprises Incorporated,,"{'latitude': 39.935113099999995, 'longitude': -74.8089064}",39.9351131,-74.8089064,2,http://flyingwairport.com/,"[{'stars': 5, 'count': 29}, {'stars': 4, 'count': 16}, {'stars': 3, 'count': 5}, {'stars': 2, 'count': 2}, {'stars': 1, 'count': 3}]",55,"[{'name': 'Bar', 'description': 'Bar or lounge', 'total_mentioned': 9, 'positive': 6, 'negative': 1, 'neutral': 2}, {'name': 'Dining', 'description': 'Food and Beverage', 'total_mentioned': 9, 'positive': 8, 'negative': 0, 'neutral': 1}, {'name': 'Nightlife', 'description': 'Nightlife', 'total_mentioned': 6, 'positive': 5, 'negative': 1, 'neutral': 0}, {'name': 'Family', 'description': 'Family friendly', 'total_mentioned': 5, 'positive': 5, 'negative': 0, 'neutral': 0}, {'name': 'Property', 'description': 'Property', 'total_mentioned': 6, 'positive': 5, 'negative': 0, 'neutral': 1}, {'name': 'Service', 'description': 'Service', 'total_mentioned': 6, 'positive': 4, 'negative': 2, 'neutral': 0}]","Flying W Airport, 60, Fostertown Road, Medford Township, Burlington County, New Jersey, 08055, United States"
SpringHill Suites Philadelphia Langhorne,"Relaxed all-suite hotel featuring an indoor pool & a gym, plus complimentary Wi-Fi & breakfast.","{'latitude': 40.187396, 'longitude': -74.8706849}",40.187396,-74.8706849,2,https://www.marriott.com/en-us/hotels/phlsp-springhill-suites-philadelphia-langhorne/overview/?scid=f2ae0541-1279-4f24-b197-a979c79310b0,"[{'stars': 5, 'count': 311}, {'stars': 4, 'count': 178}, {'stars': 3, 'count': 77}, {'stars': 2, 'count': 49}, {'stars': 1, 'count': 104}]",719,"[{'name': 'Location', 'description': 'Location', 'total_mentioned': 140, 'positive': 103, 'negative': 13, 'neutral': 24}, {'name': 'Atmosphere', 'description': 'Atmosphere', 'total_mentioned': 38, 'positive': 38, 'negative': 0, 'neutral': 0}, {'name': 'TV', 'description': 'Room entertainment', 'total_mentioned': 13, 'positive': 4, 'negative': 8, 'neutral': 1}, {'name': 'Safety', 'description': 'Safety', 'total_mentioned': 13, 'positive': 4, 'negative': 9, 'neutral': 0}, {'name': 'Business', 'description': 'Business', 'total_mentioned': 17, 'positive': 3, 'negative': 12, 'neutral': 2}]","SpringHill Suites Philadelphia Langhorne, 200, North Bucks Town Drive, Langhorne, Bucks County, Pennsylvania, 19047, United States"
Red Roof Inn Philadelphia - Oxford Valley,Down-to-earth rooms in a straightforward hotel featuring complimentary parking & Wi-Fi.,"{'latitude': 40.1912975, 'longitude': -74.86662280000002}",40.1912975,-74.86662280000002,2,https://www.redroof.com/property/pa/langhorne/RRI165?utm_source=GMB&utm_medium=Google&utm_campaign=GMB_Performance_RRI165,"[{'stars': 5, 'count': 243}, {'stars': 4, 'count': 180}, {'stars': 3, 'count': 141}, {'stars': 2, 'count': 64}, {'stars': 1, 'count': 185}]",813,"[{'name': 'Location', 'description': 'Location', 'total_mentioned': 53, 'positive': 30, 'negative': 14, 'neutral': 9}, {'name': 'Atmosphere', 'description': 'Atmosphere', 'total_mentioned': 18, 'positive': 14, 'negative': 2, 'neutral': 2}, {'name': 'Accessibility', 'description': 'Accessibility', 'total_mentioned': 17, 'positive': 4, 'negative': 10, 'neutral': 3}, {'name': 'TV', 'description': 'Room entertainment', 'total_mentioned': 20, 'positive': 7, 'negative': 12, 'neutral': 1}, {'name': 'Safety', 'description': 'Safety', 'total_mentioned': 27, 'positive': 7, 'negative': 18, 'neutral': 2}]","Red Roof Inn, 3100, Cabot Boulevard, Dunlap, Falls Township, Bucks County, Pennsylvania, 19030, United States"
Red Roof Inn Princeton - Ewing,Colorful rooms in an unassuming budget hotel offering complimentary Wi-Fi & parking.,"{'latitude': 40.288959299999995, 'longitude': -74.6904165}",40.2889593,-74.6904165,2,https://www.redroof.com/property/nj/trenton/RRI111?Utm_source=GMB&utm_medium=Google&utm-campaign=GMB_Performance_RRI111,"[{'stars': 5, 'count': 235}, {'stars': 4, 'count': 177}, {'stars': 3, 'count': 148}, {'stars': 2, 'count': 77}, {'stars': 1, 'count': 186}]",823,"[{'name': 'Safety', 'description': 'Safety', 'total_mentioned': 25, 'positive': 7, 'negative': 17, 'neutral': 1}, {'name': 'Kitchen', 'description': 'Kitchen', 'total_mentioned': 43, 'positive': 7, 'negative': 27, 'neutral': 9}, {'name': 'Bathroom', 'description': 'Bathroom and toiletries', 'total_mentioned': 100, 'positive': 14, 'negative': 81, 'neutral': 5}, {'name': 'Cleanliness', 'description': 'Cleanliness', 'total_mentioned': 203, 'positive': 113, 'negative': 81, 'neutral': 9}, {'name': 'Property', 'description': 'Property', 'total_mentioned': 234, 'positive': 120, 'negative': 103, 'neutral': 11}, {'name': 'Pets', 'description': 'Pets', 'total_mentioned': 16, 'positive': 5, 'negative': 10, 'neutral': 1}]","Red Roof Inn Princeton - Ewing, 3203, Brunswick Pike, Lawrence Township, Mercer County, New Jersey, 08648, United States"
Red Roof Inn Bordentown â€“ McGuire AFB,"Colorful rooms in an unfussy budget hotel offering a seasonal outdoor pool, plus free parking.","{'latitude': 40.1295897, 'longitude': -74.704284}",40.1295897,-74.704284,2,https://www.redroof.com/property/nj/Bordentown/RRI1118?utm_source=GMB&utm_medium=Google&utm_campaign=GMB_Performance_RRI1118,"[{'stars': 5, 'count': 208}, {'stars': 4, 'count': 82}, {'stars': 3, 'count': 45}, {'stars': 2, 'count': 20}, {'stars': 1, 'count': 47}]",402,"[{'name': 'Pets', 'description': 'Pets', 'total_mentioned': 21, 'positive': 18, 'negative': 2, 'neutral': 1}, {'name': 'Pool', 'description': 'Pool', 'total_mentioned': 15, 'positive': 10, 'negative': 5, 'neutral': 0}, {'name': 'Fitness', 'description': 'Fitness', 'total_mentioned': 28, 'positive': 16, 'negative': 9, 'neutral': 3}, {'name': 'Family', 'description': 'Family friendly', 'total_mentioned': 18, 'positive': 8, 'negative': 9, 'neutral': 1}, {'name': 'Sleep', 'description': 'Sleep', 'total_mentioned': 61, 'positive': 26, 'negative': 32, 'neutral': 3}, {'name': 'Cleanliness', 'description': 'Cleanliness', 'total_mentioned': 128, 'positive': 92, 'negative': 29, 'neutral': 7}]","US 206, Bordentown Township, Burlington County, New Jersey, 08505, United States"
Carriage House of New Hope,"Charming inn featuring complimentary breakfast, plus a cozy lounge & river views.","{'latitude': 40.3618589, 'longitude': -74.9500726}",40.3618589,-74.9500726,2,http://www.carriagehouseofnewhope.com/,"[{'stars': 5, 'count': 19}, {'stars': 4, 'count': 3}, {'stars': 3, 'count': 0}, {'stars': 2, 'count': 0}, {'stars': 1, 'count': 2}]",24,"[{'name': 'Room', 'description': 'Room amenities', 'total_mentioned': 10, 'positive': 9, 'negative': 1, 'neutral': 0}, {'name': 'Property', 'description': 'Property', 'total_mentioned': 9, 'positive': 9, 'negative': 0, 'neutral': 0}, {'name': 'Location', 'description': 'Location', 'total_mentioned': 7, 'positive': 6, 'negative': 1, 'neutral': 0}, {'name': 'Atmosphere', 'description': 'Atmosphere', 'total_mentioned': 5, 'positive': 5, 'negative': 0, 'neutral': 0}, {'name': 'Service', 'description': 'Service', 'total_mentioned': 5, 'positive': 4, 'negative': 1, 'neutral': 0}]","Carriage House of New Hope, 8, East Mechanic Street, New Hope, Bucks County, Pennsylvania, 18938, United States"
Courtyard Glassboro Rowan University,"Modern hotel offering contemporary rooms & a courtyard fire pit, plus an indoor pool & free WiFi.","{'latitude': 39.7067279, 'longitude': -75.1138}",39.7067279,-75.1138,3,https://www.marriott.com/en-us/hotels/phlgb-courtyard-glassboro-rowan-university/overview/?scid=f2ae0541-1279-4f24-b197-a979c79310b0,"[{'stars': 5, 'count': 432}, {'stars': 4, 'count': 202}, {'stars': 3, 'count': 62}, {'stars': 2, 'count': 32}, {'stars': 1, 'count': 71}]",799,"[{'name': 'Couples', 'description': 'Couple friendly', 'total_mentioned': 25, 'positive': 9, 'negative': 11, 'neutral': 5}, {'name': 'Breakfast', 'description': 'Breakfast', 'total_mentioned': 33, 'positive': 12, 'negative': 17, 'neutral': 4}, {'name': 'Business', 'description': 'Business', 'total_mentioned': 24, 'positive': 8, 'negative': 8, 'neutral': 8}, {'name': 'Fitness', 'description': 'Fitness', 'total_mentioned': 28, 'positive': 11, 'negative': 13, 'neutral': 4}, {'name': 'Bar', 'description': 'Bar or lounge', 'total_mentioned': 22, 'positive': 14, 'negative': 7, 'neutral': 1}, {'name': 'Accessibility', 'description': 'Accessibility', 'total_mentioned': 12, 'positive': 3, 'negative': 5, 'neutral': 4}]","Courtyard - Rowan University, 325, Rowan Boulevard, Glassboro, Gloucester County, New Jersey, 08028, United States"
Courtyard Deptford,"Bright rooms & suites in a casual hotel with a bistro restaurant/bar & a gym, plus free Wi-Fi.","{'latitude': 39.8277145, 'longitude': -75.0874755}",39.8277145,-75.0874755,3,https://www.marriott.com/en-us/hotels/phlpt-courtyard-deptford/overview/?scid=f2ae0541-1279-4f24-b197-a979c79310b0,"[{'stars': 5, 'count': 294}, {'stars': 4, 'count': 125}, {'stars': 3, 'count': 43}, {'stars': 2, 'count': 30}, {'stars': 1, 'count': 70}]",562,"[{'name': 'Air Conditioning', 'description': 'Air conditioning', 'total_mentioned': 7, 'positive': 1, 'negative': 6, 'neutral': 0}, {'name': 'Service', 'description': 'Service', 'total_mentioned': 183, 'positive': 101, 'negative': 74, 'neutral': 8}, {'name': 'Property', 'description': 'Property', 'total_mentioned': 170, 'positive': 120, 'negative': 35, 'neutral': 15}, {'name': 'Cleanliness', 'description': 'Cleanliness', 'total_mentioned': 132, 'positive': 94, 'negative': 35, 'neutral': 3}, {'name': 'Bathroom', 'description': 'Bathroom and toiletries', 'total_mentioned': 60, 'positive': 17, 'negative': 40, 'neutral': 3}, {'name': 'Sleep', 'description': 'Sleep', 'total_mentioned': 52, 'positive': 15, 'negative': 29, 'neutral': 8}]","Courtyard Deptford, 1251, Hurffville Road, Deptford Township, Gloucester County, New Jersey, 08096, United States"
Residence Inn Cherry Hill Philadelphia,"Informal all-suite hotel featuring a seasonal outdoor pool, plus free Wi-Fi, snacks & breakfast.","{'latitude': 39.9092099, 'longitude': -74.9794618}",39.9092099,-74.9794618,3,https://www.marriott.com/en-us/hotels/phlch-residence-inn-cherry-hill-philadelphia/overview/?scid=f2ae0541-1279-4f24-b197-a979c79310b0,"[{'stars': 5, 'count': 260}, {'stars': 4, 'count': 150}, {'stars': 3, 'count': 68}, {'stars': 2, 'count': 18}, {'stars': 1, 'count': 79}]",575,"[{'name': 'Pets', 'description': 'Pets', 'total_mentioned': 11, 'positive': 5, 'negative': 4, 'neutral': 2}, {'name': 'Business', 'description': 'Business', 'total_mentioned': 18, 'positive': 5, 'negative': 9, 'neutral': 4}, {'name': 'Restaurant', 'description': 'Restaurant', 'total_mentioned': 29, 'positive': 24, 'negative': 2, 'neutral': 3}, {'name': 'Gym', 'description': 'Gym', 'total_mentioned': 10, 'positive': 7, 'negative': 3, 'neutral': 0}, {'name': 'Pool', 'description': 'Pool', 'total_mentioned': 10, 'positive': 9, 'negative': 1, 'neutral': 0}, {'name': 'Wi-Fi', 'description': 'Wi-Fi', 'total_mentioned': 9, 'positive': 1, 'negative': 7, 'neutral': 1}]","New Jersey Turnpike, Deer Park, Cherry Hill Township, Camden County, New Jersey, 08034, United States"
Residence Inn Deptford,"Unfussy all-suite hotel with an indoor pool & a sports court, plus free Wi-Fi & hot breakfast.","{'latitude': 39.8346575, 'longitude': -75.0893909}",39.8346575,-75.0893909,3,https://www.marriott.com/en-us/hotels/phlrd-residence-inn-deptford/overview/?scid=f2ae0541-1279-4f24-b197-a979c79310b0,"[{'stars': 5, 'count': 212}, {'stars': 4, 'count': 109}, {'stars': 3, 'count': 71}, {'stars': 2, 'count': 41}, {'stars': 1, 'count': 70}]",503,"[{'name': 'Pets', 'description': 'Pets', 'total_mentioned': 19, 'positive': 7, 'negative': 12, 'neutral': 0}, {'name': 'Pool', 'description': 'Pool', 'total_mentioned': 13, 'positive': 6, 'negative': 5, 'neutral': 2}, {'name': 'Air Conditioning', 'description': 'Air conditioning', 'total_mentioned': 7, 'positive': 0, 'negative': 5, 'neutral': 2}, {'name': 'Wi-Fi', 'description': 'Wi-Fi', 'total_mentioned': 6, 'positive': 0, 'negative': 4, 'neutral': 2}, {'name': 'Service', 'description': 'Service', 'total_mentioned': 160, 'positive': 97, 'negative': 55, 'neutral': 8}, {'name': 'Cleanliness', 'description': 'Cleanliness', 'total_mentioned': 126, 'positive': 69, 'negative': 52, 'neutral': 5}]","Residence Inn Deptford, 1154, Hurffville Road, Deptford Township, Gloucester County, New Jersey, 08096, United States"
Morris House Hotel,"Landmark 1787 property featuring elegant rooms, plus free breakfast, Wi-Fi & afternoon tea.","{'latitude': 39.9473547, 'longitude': -75.1542882}",39.9473547,-75.1542882,3,https://morrishousehotel.com/,"[{'stars': 5, 'count': 309}, {'stars': 4, 'count': 49}, {'stars': 3, 'count': 13}, {'stars': 2, 'count': 5}, {'stars': 1, 'count': 5}]",381,"[{'name': 'Couples', 'description': 'Couple friendly', 'total_mentioned': 27, 'positive': 24, 'negative': 0, 'neutral': 3}, {'name': 'Breakfast', 'description': 'Breakfast', 'total_mentioned': 48, 'positive': 42, 'negative': 2, 'neutral': 4}, {'name': 'Service', 'description': 'Service', 'total_mentioned': 111, 'positive': 105, 'negative': 5, 'neutral': 1}, {'name': 'Property', 'description': 'Property', 'total_mentioned': 134, 'positive': 122, 'negative': 7, 'neutral': 5}, {'name': 'Location', 'description': 'Location', 'total_mentioned': 80, 'positive': 70, 'negative': 3, 'neutral': 7}, {'name': 'Bar', 'description': 'Bar or lounge', 'total_mentioned': 33, 'positive': 27, 'negative': 1, 'neutral': 5}]","Morris House Hotel, 225, South 8th Street, Washington Square West, Center City, Philadelphia, Philadelphia County, Pennsylvania, 19106, United States"
Lokal Hotel Old City,Airy 1- to 2-bedroom apartments in a polished boutique hotel offering free Wi-Fi.,"{'latitude': 39.953276699999996, 'longitude': -75.14486409999999}",39.9532767,-75.14486409999999,3,https://staylokal.com/hotels/old-city-boutique-hotel/,"[{'stars': 5, 'count': 133}, {'stars': 4, 'count': 15}, {'stars': 3, 'count': 7}, {'stars': 2, 'count': 2}, {'stars': 1, 'count': 0}]",157,"[{'name': 'Kitchen', 'description': 'Kitchen', 'total_mentioned': 26, 'positive': 24, 'negative': 2, 'neutral': 0}, {'name': 'Location', 'description': 'Location', 'total_mentioned': 63, 'positive': 59, 'negative': 1, 'neutral': 3}, {'name': 'Room', 'description': 'Room amenities', 'total_mentioned': 32, 'positive': 19, 'negative': 8, 'neutral': 5}, {'name': 'Property', 'description': 'Property', 'total_mentioned': 83, 'positive': 74, 'negative': 2, 'neutral': 7}, {'name': 'Family', 'description': 'Family friendly', 'total_mentioned': 13, 'positive': 11, 'negative': 0, 'neutral': 2}, {'name': 'Couples', 'description': 'Couple friendly', 'total_mentioned': 7, 'positive': 7, 'negative': 0, 'neutral': 0}]","139, North 3rd Street, Center City, Philadelphia, Philadelphia County, Pennsylvania, 19106, United States"
Philadelphia Hotel Bella Vista,"Quirky rooms & suites with antique furnishings, plus a garden & Wi-Fi.","{'latitude': 39.9401977, 'longitude': -75.1594547}",39.9401977,-75.1594547,3,http://www.philadelphiahotelbellavista.com/,"[{'stars': 5, 'count': 70}, {'stars': 4, 'count': 28}, {'stars': 3, 'count': 5}, {'stars': 2, 'count': 2}, {'stars': 1, 'count': 2}]",107,"[{'name': 'Breakfast', 'description': 'Breakfast', 'total_mentioned': 16, 'positive': 7, 'negative': 2, 'neutral': 7}, {'name': 'Property', 'description': 'Property', 'total_mentioned': 58, 'positive': 52, 'negative': 4, 'neutral': 2}, {'name': 'Location', 'description': 'Location', 'total_mentioned': 34, 'positive': 33, 'negative': 0, 'neutral': 1}, {'name': 'Restaurant', 'description': 'Restaurant', 'total_mentioned': 9, 'positive': 5, 'negative': 2, 'neutral': 2}, {'name': 'Bathroom', 'description': 'Bathroom and toiletries', 'total_mentioned': 13, 'positive': 7, 'negative': 4, 'neutral': 2}, {'name': 'Parking', 'description': 'Parking', 'total_mentioned': 8, 'positive': 2, 'negative': 3, 'neutral': 3}]","758, South 10th Street, Bella Vista, South Philadelphia, Philadelphia, Philadelphia County, Pennsylvania, 19147, United States"
Aloft Philadelphia Airport,"Sleek airport hotel offering a stylish bar, a gym & an indoor pool, plus a free airport shuttle.","{'latitude': 39.8911197, 'longitude': -75.2338319}",39.8911197,-75.2338319,3,https://www.marriott.com/en-us/hotels/phlai-aloft-philadelphia-airport/overview/?scid=f2ae0541-1279-4f24-b197-a979c79310b0,"[{'stars': 5, 'count': 555}, {'stars': 4, 'count': 341}, {'stars': 3, 'count': 182}, {'stars': 2, 'count': 97}, {'stars': 1, 'count': 157}]",1332,"[{'name': 'Transit', 'description': 'Public transit', 'total_mentioned': 165, 'positive': 96, 'negative': 41, 'neutral': 28}, {'name': 'Service', 'description': 'Service', 'total_mentioned': 389, 'positive': 238, 'negative': 129, 'neutral': 22}, {'name': 'Fitness', 'description': 'Fitness', 'total_mentioned': 78, 'positive': 40, 'negative': 29, 'neutral': 9}, {'name': 'Cleanliness', 'description': 'Cleanliness', 'total_mentioned': 266, 'positive': 179, 'negative': 79, 'neutral': 8}, {'name': 'Sleep', 'description': 'Sleep', 'total_mentioned': 166, 'positive': 51, 'negative': 101, 'neutral': 14}, {'name': 'Pool', 'description': 'Pool', 'total_mentioned': 38, 'positive': 24, 'negative': 11, 'neutral': 3}]","aloft Philadelphia Airport, Island Avenue, Philadelphia, Philadelphia County, Pennsylvania, 19153, United States"
Inn On Camac,"Relaxed adults-only guesthouse offering a bar, plus compact rooms with mid-century decor.","{'latitude': 39.9475717, 'longitude': -75.16156959999999}",39.9475717,-75.16156959999999,3,https://www.innoncamac.com/,"[{'stars': 5, 'count': 9}, {'stars': 4, 'count': 2}, {'stars': 3, 'count': 2}, {'stars': 2, 'count': 5}, {'stars': 1, 'count': 4}]",22,"[{'name': 'Bar', 'description': 'Bar or lounge', 'total_mentioned': 9, 'positive': 4, 'negative': 4, 'neutral': 1}, {'name': 'Sleep', 'description': 'Sleep', 'total_mentioned': 9, 'positive': 3, 'negative': 5, 'neutral': 1}, {'name': 'Dining', 'description': 'Food and Beverage', 'total_mentioned': 6, 'positive': 3, 'negative': 2, 'neutral': 1}, {'name': 'Location', 'description': 'Location', 'total_mentioned': 10, 'positive': 10, 'negative': 0, 'neutral': 0}, {'name': 'Cleanliness', 'description': 'Cleanliness', 'total_mentioned': 8, 'positive': 4, 'negative': 4, 'neutral': 0}, {'name': 'Property', 'description': 'Property', 'total_mentioned': 12, 'positive': 9, 'negative': 3, 'neutral': 0}]","1220, Locust Street, Washington Square West, Center City, Philadelphia, Philadelphia County, Pennsylvania, 19103, United States"
Wyndham Philadelphia Historic District,"Relaxed lodging offering a seasonal rooftop pool & free Wi-Fi, plus a bar & contemporary dining.","{'latitude': 39.952223499999995, 'longitude': -75.14728319999999}",39.9522235,-75.14728319999999,3,https://www.wyndhamhotels.com/wyndham/philadelphia-pennsylvania/wyndham-philadelphia-historic-district/overview?CID=LC:46q62bu8edfbx3y:47153&iata=00093796,"[{'stars': 5, 'count': 1213}, {'stars': 4, 'count': 941}, {'stars': 3, 'count': 458}, {'stars': 2, 'count': 191}, {'stars': 1, 'count': 215}]",3018,"[{'name': 'Location', 'description': 'Location', 'total_mentioned': 807, 'positive': 665, 'negative': 73, 'neutral': 69}, {'name': 'Service', 'description': 'Service', 'total_mentioned': 834, 'positive': 574, 'negative': 201, 'neutral': 59}, {'name': 'Cleanliness', 'description': 'Cleanliness', 'total_mentioned': 580, 'positive': 344, 'negative': 192, 'neutral': 44}, {'name': 'Parking', 'description': 'Parking', 'total_mentioned': 222, 'positive': 79, 'negative': 106, 'neutral': 37}, {'name': 'Bathroom', 'description': 'Bathroom and toiletries', 'total_mentioned': 249, 'positive': 35, 'negative': 200, 'neutral': 14}, {'name': 'Property', 'description': 'Property', 'total_mentioned': 877, 'positive': 540, 'negative': 251, 'neutral': 86}]","Wyndham Philadelphia Historic District, 400, Arch Street, Center City, Philadelphia, Philadelphia County, Pennsylvania, 19106, United States"
Residence Inn Mt. Laurel at Bishop's Gate,"Relaxed all-suite hotel with an indoor pool & a gym, plus free Wi-Fi & hot breakfast.","{'latitude': 39.967257499999995, 'longitude': -74.9017805}",39.9672575,-74.9017805,3,https://www.marriott.com/en-us/hotels/phlrl-residence-inn-mt-laurel-at-bishops-gate/overview/?scid=f2ae0541-1279-4f24-b197-a979c79310b0,"[{'stars': 5, 'count': 368}, {'stars': 4, 'count': 184}, {'stars': 3, 'count': 71}, {'stars': 2, 'count': 41}, {'stars': 1, 'count': 93}]",757,"[{'name': 'Fitness', 'description': 'Fitness', 'total_mentioned': 52, 'positive': 22, 'negative': 22, 'neutral': 8}, {'name': 'Hot Tub', 'description': 'Hot tub', 'total_mentioned': 7, 'positive': 3, 'negative': 2, 'neutral': 2}, {'name': 'Pets', 'description': 'Pets', 'total_mentioned': 17, 'positive': 5, 'negative': 10, 'neutral': 2}, {'name': 'Pool', 'description': 'Pool', 'total_mentioned': 19, 'positive': 10, 'negative': 5, 'neutral': 4}, {'name': 'Breakfast', 'description': 'Breakfast', 'total_mentioned': 103, 'positive': 63, 'negative': 30, 'neutral': 10}, {'name': 'Gym', 'description': 'Gym', 'total_mentioned': 18, 'positive': 9, 'negative': 7, 'neutral': 2}]","Residence Inn, 1000, Bishops Gate Boulevard, Bishop's Gate Commercial Centre, Mount Laurel Township, Burlington County, New Jersey, 08054, United States"
SpringHill Suites Mt. Laurel Cherry Hill,"Contemporary all-suite hotel offering free Wi-Fi & hot breakfast, plus an indoor pool & a 24/7 gym.","{'latitude': 39.9646474, 'longitude': -74.9186938}",39.9646474,-74.9186938,3,https://www.marriott.com/en-us/hotels/phlsm-springhill-suites-mt-laurel-cherry-hill/overview/?scid=f2ae0541-1279-4f24-b197-a979c79310b0,"[{'stars': 5, 'count': 500}, {'stars': 4, 'count': 172}, {'stars': 3, 'count': 42}, {'stars': 2, 'count': 16}, {'stars': 1, 'count': 26}]",756,"[{'name': 'Couples', 'description': 'Couple friendly', 'total_mentioned': 27, 'positive': 14, 'negative': 3, 'neutral': 10}, {'name': 'Fitness', 'description': 'Fitness', 'total_mentioned': 51, 'positive': 25, 'negative': 18, 'neutral': 8}, {'name': 'Breakfast', 'description': 'Breakfast', 'total_mentioned': 132, 'positive': 95, 'negative': 26, 'neutral': 11}, {'name': 'Bar', 'description': 'Bar or lounge', 'total_mentioned': 39, 'positive': 22, 'negative': 10, 'neutral': 7}, {'name': 'Pool', 'description': 'Pool', 'total_mentioned': 19, 'positive': 12, 'negative': 5, 'neutral': 2}, {'name': 'Restaurant', 'description': 'Restaurant', 'total_mentioned': 64, 'positive': 45, 'negative': 16, 'neutral': 3}]","Spring Hill Suites, 5000, Midlantic Drive, Laurel Commercial Centre, Mount Laurel Township, Burlington County, New Jersey, 08054, United States"
Hyatt House Mt. Laurel,Warmly decorated suites with kitchenettes in a casual hotel offering a simple bar & free breakfast.,"{'latitude': 39.915914699999995, 'longitude': -74.9477096}",39.9159147,-74.9477096,3,https://www.hyatt.com/hyatt-house/en-US/phlxm-hyatt-house-mt-laurel?src=corp_lclb_google_seo_phlxm&%3Futm_source=google&utm_medium=organic&utm_campaign=lmr,"[{'stars': 5, 'count': 472}, {'stars': 4, 'count': 206}, {'stars': 3, 'count': 86}, {'stars': 2, 'count': 37}, {'stars': 1, 'count': 60}]",861,"[{'name': 'Fitness', 'description': 'Fitness', 'total_mentioned': 54, 'positive': 26, 'negative': 23, 'neutral': 5}, {'name': 'Breakfast', 'description': 'Breakfast', 'total_mentioned': 130, 'positive': 108, 'negative': 11, 'neutral': 11}, {'name': 'Pool', 'description': 'Pool', 'total_mentioned': 22, 'positive': 16, 'negative': 5, 'neutral': 1}, {'name': 'Kitchen', 'description': 'Kitchen', 'total_mentioned': 73, 'positive': 40, 'negative': 20, 'neutral': 13}, {'name': 'Restaurant', 'description': 'Restaurant', 'total_mentioned': 73, 'positive': 59, 'negative': 6, 'neutral': 8}, {'name': 'Pets', 'description': 'Pets', 'total_mentioned': 15, 'positive': 3, 'negative': 9, 'neutral': 3}]","Hyatt House Mt. Laurel, 3000, Crawford Place, Club Villas, Mount Laurel Township, Burlington County, New Jersey, 08054, United States"
Aloft Mount Laurel,"Modern hotel with a lobby lounge & a cocktail bar, plus a fitness center & an indoor pool.","{'latitude': 39.931199, 'longitude': -74.9587701}",39.931199,-74.9587701,3,https://www.marriott.com/en-us/hotels/phlal-aloft-mount-laurel/overview/?scid=f2ae0541-1279-4f24-b197-a979c79310b0,"[{'stars': 5, 'count': 686}, {'stars': 4, 'count': 342}, {'stars': 3, 'count': 129}, {'stars': 2, 'count': 55}, {'stars': 1, 'count': 75}]",1287,"[{'name': 'Couples', 'description': 'Couple friendly', 'total_mentioned': 51, 'positive': 29, 'negative': 11, 'neutral': 11}, {'name': 'Bar', 'description': 'Bar or lounge', 'total_mentioned': 99, 'positive': 70, 'negative': 16, 'neutral': 13}, {'name': 'Nightlife', 'description': 'Nightlife', 'total_mentioned': 30, 'positive': 15, 'negative': 7, 'neutral': 8}, {'name': 'Fitness', 'description': 'Fitness', 'total_mentioned': 74, 'positive': 57, 'negative': 16, 'neutral': 1}, {'name': 'Pool', 'description': 'Pool', 'total_mentioned': 42, 'positive': 36, 'negative': 5, 'neutral': 1}, {'name': 'Dining', 'description': 'Food and Beverage', 'total_mentioned': 63, 'positive': 46, 'negative': 8, 'neutral': 9}]","Aloft Mount Laurel, 558, Fellowship Road, East Gate Corporate Park, Fellowship, Mount Laurel Township, Burlington County, New Jersey, 08054, United States"
The Lily Inn,"Georgian-style B&B with sophisticated rooms, plus complimentary breakfast & snacks.","{'latitude': 40.0801509, 'longitude': -74.8595741}",40.0801509,-74.8595741,3,http://www.thelilyinn.com/,"[{'stars': 5, 'count': 107}, {'stars': 4, 'count': 9}, {'stars': 3, 'count': 3}, {'stars': 2, 'count': 2}, {'stars': 1, 'count': 2}]",123,"[{'name': 'Property', 'description': 'Property', 'total_mentioned': 57, 'positive': 54, 'negative': 2, 'neutral': 1}, {'name': 'Service', 'description': 'Service', 'total_mentioned': 41, 'positive': 39, 'negative': 2, 'neutral': 0}, {'name': 'Breakfast', 'description': 'Breakfast', 'total_mentioned': 39, 'positive': 32, 'negative': 3, 'neutral': 4}]","Clique Salon & Spa, 218, High Street, Burlington, Burlington County, New Jersey, 08016, United States"
Radisson Hotel Philadelphia Northeast,"Streamlined hotel featuring an atrium restaurant & a bar, plus an indoor/outdoor pool.","{'latitude': 40.1230888, 'longitude': -74.9780141}",40.1230888,-74.9780141,3,https://www.choicehotels.com/pennsylvania/trevose/radisson-hotels/pa990?mc=llgoxxpx,"[{'stars': 5, 'count': 1026}, {'stars': 4, 'count': 617}, {'stars': 3, 'count': 288}, {'stars': 2, 'count': 154}, {'stars': 1, 'count': 219}]",2304,"[{'name': 'Service', 'description': 'Service', 'total_mentioned': 568, 'positive': 410, 'negative': 127, 'neutral': 31}, {'name': 'Pool', 'description': 'Pool', 'total_mentioned': 132, 'positive': 104, 'negative': 17, 'neutral': 11}, {'name': 'Atmosphere', 'description': 'Atmosphere', 'total_mentioned': 91, 'positive': 81, 'negative': 1, 'neutral': 9}, {'name': 'TV', 'description': 'Room entertainment', 'total_mentioned': 26, 'positive': 4, 'negative': 16, 'neutral': 6}, {'name': 'Kitchen', 'description': 'Kitchen', 'total_mentioned': 61, 'positive': 6, 'negative': 45, 'neutral': 10}, {'name': 'Accessibility', 'description': 'Accessibility', 'total_mentioned': 56, 'positive': 9, 'negative': 44, 'neutral': 3}]","Radisson Hotel Philadelphia Northeast, 2400, Old Lincoln Highway, Linconia, Bensalem Township, Bucks County, Pennsylvania, 19053, United States"
Courtyard Burlington Mt. Holly/Westampton,"Modern hotel with an on-site restaurant, a courtyard & an indoor pool, plus free WiFi.","{'latitude': 40.0331228, 'longitude': -74.8166021}",40.0331228,-74.8166021,3,https://www.marriott.com/en-us/hotels/phlmh-courtyard-burlington-mt-holly-westampton/overview/?scid=f2ae0541-1279-4f24-b197-a979c79310b0,"[{'stars': 5, 'count': 238}, {'stars': 4, 'count': 169}, {'stars': 3, 'count': 71}, {'stars': 2, 'count': 31}, {'stars': 1, 'count': 55}]",564,"[{'name': 'Service', 'description': 'Service', 'total_mentioned': 183, 'positive': 128, 'negative': 41, 'neutral': 14}, {'name': 'Property', 'description': 'Property', 'total_mentioned': 179, 'positive': 126, 'negative': 38, 'neutral': 15}, {'name': 'Cleanliness', 'description': 'Cleanliness', 'total_mentioned': 133, 'positive': 94, 'negative': 29, 'neutral': 10}, {'name': 'Bathroom', 'description': 'Bathroom and toiletries', 'total_mentioned': 50, 'positive': 17, 'negative': 30, 'neutral': 3}, {'name': 'Couples', 'description': 'Couple friendly', 'total_mentioned': 7, 'positive': 5, 'negative': 0, 'neutral': 2}, {'name': 'Breakfast', 'description': 'Breakfast', 'total_mentioned': 38, 'positive': 10, 'negative': 24, 'neutral': 4}]","Courtyard Burlington Mt. Holly/Westampton, 30, Western Drive, Westampton Township, Burlington County, New Jersey, 08060, United States"
Sheraton Bucks County Langhorne,"Functional hotel with a casual restaurant & a cocktail lounge, plus an indoor pool & a 24-hour gym.","{'latitude': 40.1834992, 'longitude': -74.8693912}",40.1834992,-74.8693912,3,https://www.marriott.com/en-us/hotels/phlbc-sheraton-bucks-county-langhorne/overview/?scid=f2ae0541-1279-4f24-b197-a979c79310b0,"[{'stars': 5, 'count': 800}, {'stars': 4, 'count': 428}, {'stars': 3, 'count': 169}, {'stars': 2, 'count': 79}, {'stars': 1, 'count': 140}]",1616,"[{'name': 'Property', 'description': 'Property', 'total_mentioned': 445, 'positive': 318, 'negative': 97, 'neutral': 30}, {'name': 'Service', 'description': 'Service', 'total_mentioned': 457, 'positive': 333, 'negative': 99, 'neutral': 25}, {'name': 'Cleanliness', 'description': 'Cleanliness', 'total_mentioned': 303, 'positive': 215, 'negative': 73, 'neutral': 15}, {'name': 'Wi-Fi', 'description': 'Wi-Fi', 'total_mentioned': 11, 'positive': 3, 'negative': 7, 'neutral': 1}, {'name': 'Safety', 'description': 'Safety', 'total_mentioned': 15, 'positive': 0, 'negative': 11, 'neutral': 4}, {'name': 'Air Conditioning', 'description': 'Air conditioning', 'total_mentioned': 19, 'positive': 2, 'negative': 13, 'neutral': 4}]","Sheraton Bucks County Hotel, Oxford Valley Road, Middletown Township, Bucks County, Pennsylvania, 19030, United States"
The Inn at Swarthmore,"Warm rooms in an understated hotel offering a casual restaurant/bar, plus a 24-hour gym.","{'latitude': 39.9016491, 'longitude': -75.3511398}",39.9016491,-75.3511398,3,https://www.theinnatswat.com/,"[{'stars': 5, 'count': 260}, {'stars': 4, 'count': 94}, {'stars': 3, 'count': 33}, {'stars': 2, 'count': 10}, {'stars': 1, 'count': 16}]",413,"[{'name': 'Property', 'description': 'Property', 'total_mentioned': 86, 'positive': 75, 'negative': 6, 'neutral': 5}, {'name': 'Service', 'description': 'Service', 'total_mentioned': 105, 'positive': 84, 'negative': 16, 'neutral': 5}, {'name': 'Dining', 'description': 'Food and Beverage', 'total_mentioned': 62, 'positive': 44, 'negative': 10, 'neutral': 8}, {'name': 'Accessibility', 'description': 'Accessibility', 'total_mentioned': 10, 'positive': 2, 'negative': 8, 'neutral': 0}, {'name': 'Bathroom', 'description': 'Bathroom and toiletries', 'total_mentioned': 22, 'positive': 5, 'negative': 16, 'neutral': 1}]","The Inn at Swarthmore, 10, South Chester Road, Swarthmore, Delaware County, Pennsylvania, 19081, United States"
SpringHill Suites Philadelphia Airport/Ridley Park,"Relaxed all-suite hotel with a free airport shuttle & breakfast, plus an indoor pool & 24/7 store.","{'latitude': 39.8665174, 'longitude': -75.31583499999999}",39.8665174,-75.31583499999999,3,https://www.marriott.com/en-us/hotels/phlsr-springhill-suites-philadelphia-airport-ridley-park/overview/?scid=f2ae0541-1279-4f24-b197-a979c79310b0,"[{'stars': 5, 'count': 572}, {'stars': 4, 'count': 278}, {'stars': 3, 'count': 77}, {'stars': 2, 'count': 26}, {'stars': 1, 'count': 29}]",982,"[{'name': 'Property', 'description': 'Property', 'total_mentioned': 297, 'positive': 258, 'negative': 25, 'neutral': 14}, {'name': 'Service', 'description': 'Service', 'total_mentioned': 273, 'positive': 226, 'negative': 33, 'neutral': 14}, {'name': 'Cleanliness', 'description': 'Cleanliness', 'total_mentioned': 217, 'positive': 176, 'negative': 31, 'neutral': 10}, {'name': 'Air Conditioning', 'description': 'Air conditioning', 'total_mentioned': 16, 'positive': 4, 'negative': 11, 'neutral': 1}, {'name': 'Accessibility', 'description': 'Accessibility', 'total_mentioned': 19, 'positive': 3, 'negative': 13, 'neutral': 3}]","SpringHill Suites Philadelphia Airport/Ridley Park, 201, Industrial Highway, Ridley Park, Delaware County, Pennsylvania, 19078, United States"
Courtyard Hamilton,,"{'latitude': 40.1875687, 'longitude': -74.65668269999999}",40.1875687,-74.65668269999999,3,https://www.marriott.com/en-us/hotels/ttnch-courtyard-hamilton/overview/?scid=f2ae0541-1279-4f24-b197-a979c79310b0,"[{'stars': 5, 'count': 152}, {'stars': 4, 'count': 26}, {'stars': 3, 'count': 7}, {'stars': 2, 'count': 6}, {'stars': 1, 'count': 12}]",203,"[{'name': 'Service', 'description': 'Service', 'total_mentioned': 76, 'positive': 59, 'negative': 11, 'neutral': 6}, {'name': 'Property', 'description': 'Property', 'total_mentioned': 79, 'positive': 71, 'negative': 6, 'neutral': 2}, {'name': 'Cleanliness', 'description': 'Cleanliness', 'total_mentioned': 57, 'positive': 47, 'negative': 5, 'neutral': 5}, {'name': 'Bathroom', 'description': 'Bathroom and toiletries', 'total_mentioned': 22, 'positive': 11, 'negative': 9, 'neutral': 2}, {'name': 'Sleep', 'description': 'Sleep', 'total_mentioned': 18, 'positive': 10, 'negative': 5, 'neutral': 3}, {'name': 'Bar', 'description': 'Bar or lounge', 'total_mentioned': 21, 'positive': 15, 'negative': 5, 'neutral': 1}]","Courtyard Hamilton, 530, South Fedex Drive, Yardville, Hamilton Township, Mercer County, New Jersey, 08691, United States"
Residence Inn Hamilton,"Unfussy suites in a laid-back hotel offering an indoor pool, a gym & a terrace, plus free breakfast.","{'latitude': 40.1875414, 'longitude': -74.6532865}",40.1875414,-74.6532865,3,https://www.marriott.com/en-us/hotels/ttnrt-residence-inn-hamilton/overview/?scid=f2ae0541-1279-4f24-b197-a979c79310b0,"[{'stars': 5, 'count': 449}, {'stars': 4, 'count': 142}, {'stars': 3, 'count': 26}, {'stars': 2, 'count': 19}, {'stars': 1, 'count': 50}]",686,"[{'name': 'Restaurant', 'description': 'Restaurant', 'total_mentioned': 39, 'positive': 25, 'negative': 5, 'neutral': 9}, {'name': 'Safety', 'description': 'Safety', 'total_mentioned': 8, 'positive': 1, 'negative': 7, 'neutral': 0}, {'name': 'Business', 'description': 'Business', 'total_mentioned': 20, 'positive': 8, 'negative': 8, 'neutral': 4}, {'name': 'Wi-Fi', 'description': 'Wi-Fi', 'total_mentioned': 8, 'positive': 5, 'negative': 0, 'neutral': 3}, {'name': 'Accessibility', 'description': 'Accessibility', 'total_mentioned': 14, 'positive': 2, 'negative': 10, 'neutral': 2}, {'name': 'Parking', 'description': 'Parking', 'total_mentioned': 7, 'positive': 6, 'negative': 1, 'neutral': 0}]","Residence Inn, Robbinsville Road, Edgebrook, Hamilton Township, Mercer County, New Jersey, 08620, United States"
The Temperance House,"Understated, Colonial-inspired quarters in an 18th-century hotel with a bar & a seafood restaurant.","{'latitude': 40.2290139, 'longitude': -74.9365806}",40.2290139,-74.9365806,3,http://www.temperancehouse.com/,"[{'stars': 5, 'count': 387}, {'stars': 4, 'count': 152}, {'stars': 3, 'count': 39}, {'stars': 2, 'count': 16}, {'stars': 1, 'count': 35}]",629,"[{'name': 'Nightlife', 'description': 'Nightlife', 'total_mentioned': 63, 'positive': 53, 'negative': 6, 'neutral': 4}, {'name': 'Accessibility', 'description': 'Accessibility', 'total_mentioned': 6, 'positive': 2, 'negative': 4, 'neutral': 0}, {'name': 'Air Conditioning', 'description': 'Air conditioning', 'total_mentioned': 6, 'positive': 1, 'negative': 4, 'neutral': 1}, {'name': 'Bar', 'description': 'Bar or lounge', 'total_mentioned': 144, 'positive': 112, 'negative': 21, 'neutral': 11}, {'name': 'Dining', 'description': 'Food and Beverage', 'total_mentioned': 191, 'positive': 155, 'negative': 27, 'neutral': 9}, {'name': 'Service', 'description': 'Service', 'total_mentioned': 140, 'positive': 113, 'negative': 23, 'neutral': 4}]","The Temperance House, 5, South State Street, Newtown, Bucks County, Pennsylvania, 18940, United States"
The Brick Hotel/Inn/Lodging,Refined rooms in a genteel 18th-century lodging with relaxed dining & free continental breakfast.,"{'latitude': 40.229487299999995, 'longitude': -74.93633580000001}",40.2294873,-74.93633580000001,3,,"[{'stars': 5, 'count': 102}, {'stars': 4, 'count': 42}, {'stars': 3, 'count': 37}, {'stars': 2, 'count': 26}, {'stars': 1, 'count': 48}]",255,"[{'name': 'Bathroom', 'description': 'Bathroom and toiletries', 'total_mentioned': 23, 'positive': 3, 'negative': 16, 'neutral': 4}, {'name': 'Kitchen', 'description': 'Kitchen', 'total_mentioned': 13, 'positive': 2, 'negative': 11, 'neutral': 0}, {'name': 'Service', 'description': 'Service', 'total_mentioned': 70, 'positive': 34, 'negative': 27, 'neutral': 9}, {'name': 'Property', 'description': 'Property', 'total_mentioned': 54, 'positive': 30, 'negative': 19, 'neutral': 5}, {'name': 'Dining', 'description': 'Food and Beverage', 'total_mentioned': 53, 'positive': 32, 'negative': 15, 'neutral': 6}, {'name': 'Sleep', 'description': 'Sleep', 'total_mentioned': 19, 'positive': 6, 'negative': 10, 'neutral': 3}]","Rocco's at The Brick, East Washington Avenue, Newtown, Bucks County, Pennsylvania, 18940, United States"
Residence Inn Philadelphia Langhorne,"Informal all-suite hotel with free breakfast & parking, plus an indoor pool, a hot tub & a gym.","{'latitude': 40.191055299999995, 'longitude': -74.8609821}",40.1910553,-74.8609821,3,https://www.marriott.com/en-us/hotels/phllh-residence-inn-philadelphia-langhorne/overview/?scid=f2ae0541-1279-4f24-b197-a979c79310b0,"[{'stars': 5, 'count': 361}, {'stars': 4, 'count': 159}, {'stars': 3, 'count': 42}, {'stars': 2, 'count': 23}, {'stars': 1, 'count': 26}]",611,"[{'name': 'Service', 'description': 'Service', 'total_mentioned': 207, 'positive': 168, 'negative': 28, 'neutral': 11}, {'name': 'Property', 'description': 'Property', 'total_mentioned': 215, 'positive': 165, 'negative': 37, 'neutral': 13}, {'name': 'Breakfast', 'description': 'Breakfast', 'total_mentioned': 93, 'positive': 81, 'negative': 7, 'neutral': 5}, {'name': 'Bathroom', 'description': 'Bathroom and toiletries', 'total_mentioned': 53, 'positive': 12, 'negative': 36, 'neutral': 5}]","Residence Inn Philadelphia Langhorne, 15, Cabot Boulevard, Dunlap, Langhorne, Bucks County, Pennsylvania, 19047, United States"
SpringHill Suites Ewing Princeton South,"Relaxed all-suite hotel with free WiFi, breakfast & airport transfers, plus an indoor pool & a bar.","{'latitude': 40.288277, 'longitude': -74.797478}",40.288277,-74.797478,3,https://www.marriott.com/en-us/hotels/ttnsh-springhill-suites-ewing-princeton-south/overview/?scid=f2ae0541-1279-4f24-b197-a979c79310b0,"[{'stars': 5, 'count': 377}, {'stars': 4, 'count': 187}, {'stars': 3, 'count': 52}, {'stars': 2, 'count': 21}, {'stars': 1, 'count': 43}]",680,"[{'name': 'Service', 'description': 'Service', 'total_mentioned': 202, 'positive': 150, 'negative': 42, 'neutral': 10}, {'name': 'Property', 'description': 'Property', 'total_mentioned': 207, 'positive': 165, 'negative': 27, 'neutral': 15}, {'name': 'Cleanliness', 'description': 'Cleanliness', 'total_mentioned': 155, 'positive': 119, 'negative': 32, 'neutral': 4}, {'name': 'Bathroom', 'description': 'Bathroom and toiletries', 'total_mentioned': 54, 'positive': 17, 'negative': 32, 'neutral': 5}, {'name': 'Breakfast', 'description': 'Breakfast', 'total_mentioned': 92, 'positive': 68, 'negative': 20, 'neutral': 4}, {'name': 'Sleep', 'description': 'Sleep', 'total_mentioned': 72, 'positive': 38, 'negative': 26, 'neutral': 8}]","SpringHill Suites Ewing Princeton South, 1000, Charles Ewing Boulevard, Princeton South Corporate Center, Ewing Township, Mercer County, New Jersey, 08628, United States"
Courtyard Ewing Princeton,"Hotel offering contemporary rooms & an indoor pool, plus freebies such as an area shuttle & WiFi.","{'latitude': 40.286077999999996, 'longitude': -74.81005499999999}",40.286078,-74.81005499999999,3,https://www.marriott.com/en-us/hotels/ttnet-courtyard-ewing-princeton/overview/?scid=f2ae0541-1279-4f24-b197-a979c79310b0,"[{'stars': 5, 'count': 266}, {'stars': 4, 'count': 166}, {'stars': 3, 'count': 61}, {'stars': 2, 'count': 30}, {'stars': 1, 'count': 37}]",560,"[{'name': 'Hot Tub', 'description': 'Hot tub', 'total_mentioned': 8, 'positive': 5, 'negative': 2, 'neutral': 1}, {'name': 'Wi-Fi', 'description': 'Wi-Fi', 'total_mentioned': 5, 'positive': 4, 'negative': 1, 'neutral': 0}, {'name': 'Service', 'description': 'Service', 'total_mentioned': 163, 'positive': 124, 'negative': 29, 'neutral': 10}, {'name': 'Property', 'description': 'Property', 'total_mentioned': 164, 'positive': 126, 'negative': 24, 'neutral': 14}, {'name': 'Cleanliness', 'description': 'Cleanliness', 'total_mentioned': 108, 'positive': 87, 'negative': 20, 'neutral': 1}, {'name': 'Sleep', 'description': 'Sleep', 'total_mentioned': 54, 'positive': 28, 'negative': 21, 'neutral': 5}]","Courtyard Ewing Princeton, 360, Scotch Road, Ewing Township, Mercer County, New Jersey, 08628, United States"
Courtyard Princeton,"Modern hotel with an American restaurant & an indoor pool, plus free WiFi & parking.","{'latitude': 40.3416917, 'longitude': -74.6268144}",40.3416917,-74.6268144,3,https://www.marriott.com/en-us/hotels/ttncy-courtyard-princeton/overview/?scid=f2ae0541-1279-4f24-b197-a979c79310b0,"[{'stars': 5, 'count': 283}, {'stars': 4, 'count': 203}, {'stars': 3, 'count': 73}, {'stars': 2, 'count': 33}, {'stars': 1, 'count': 34}]",626,"[{'name': 'Service', 'description': 'Service', 'total_mentioned': 156, 'positive': 127, 'negative': 24, 'neutral': 5}, {'name': 'Property', 'description': 'Property', 'total_mentioned': 182, 'positive': 134, 'negative': 35, 'neutral': 13}, {'name': 'Cleanliness', 'description': 'Cleanliness', 'total_mentioned': 108, 'positive': 76, 'negative': 22, 'neutral': 10}, {'name': 'Location', 'description': 'Location', 'total_mentioned': 55, 'positive': 35, 'negative': 12, 'neutral': 8}, {'name': 'Sleep', 'description': 'Sleep', 'total_mentioned': 49, 'positive': 16, 'negative': 25, 'neutral': 8}, {'name': 'Bathroom', 'description': 'Bathroom and toiletries', 'total_mentioned': 31, 'positive': 7, 'negative': 21, 'neutral': 3}]","Courtyard, Lakeview Terrace, Princeton, Middlesex County, New Jersey, 08540, United States"
Residence Inn Princeton at Carnegie Center,"Relaxed hotel offering studios & 1- or 2-bedroom suites with kitchens, plus a gym & free breakfast.","{'latitude': 40.317385099999996, 'longitude': -74.6594837}",40.3173851,-74.6594837,3,https://www.marriott.com/en-us/hotels/ttnww-residence-inn-princeton-at-carnegie-center/overview/?scid=f2ae0541-1279-4f24-b197-a979c79310b0,"[{'stars': 5, 'count': 196}, {'stars': 4, 'count': 94}, {'stars': 3, 'count': 37}, {'stars': 2, 'count': 10}, {'stars': 1, 'count': 18}]",355,"[{'name': 'Fitness', 'description': 'Fitness', 'total_mentioned': 13, 'positive': 7, 'negative': 6, 'neutral': 0}, {'name': 'Business', 'description': 'Business', 'total_mentioned': 7, 'positive': 5, 'negative': 1, 'neutral': 1}, {'name': 'Gym', 'description': 'Gym', 'total_mentioned': 7, 'positive': 4, 'negative': 3, 'neutral': 0}, {'name': 'Transit', 'description': 'Public transit', 'total_mentioned': 6, 'positive': 5, 'negative': 1, 'neutral': 0}, {'name': 'Service', 'description': 'Service', 'total_mentioned': 92, 'positive': 74, 'negative': 12, 'neutral': 6}, {'name': 'Property', 'description': 'Property', 'total_mentioned': 108, 'positive': 77, 'negative': 18, 'neutral': 13}]","Residence Inn Princeton at Carnegie Center, Canal Pointe Boulevard, Canal Pointe, Princeton, Mercer County, New Jersey, 08540, United States"
Sonesta ES Suites South Brunswick - Princeton,"Contemporary all-suite hotel with free Wi-Fi & hot breakfast, plus a BBQ area & an outdoor pool.","{'latitude': 40.378558399999996, 'longitude': -74.5821692}",40.3785584,-74.5821692,3,https://www.sonesta.com/sonesta-es-suites/nj/monmouth-junction/sonesta-es-suites-south-brunswick-princeton,"[{'stars': 5, 'count': 252}, {'stars': 4, 'count': 136}, {'stars': 3, 'count': 60}, {'stars': 2, 'count': 30}, {'stars': 1, 'count': 73}]",551,"[{'name': 'Fitness', 'description': 'Fitness', 'total_mentioned': 21, 'positive': 13, 'negative': 5, 'neutral': 3}, {'name': 'Family', 'description': 'Family friendly', 'total_mentioned': 34, 'positive': 24, 'negative': 8, 'neutral': 2}, {'name': 'Kitchen', 'description': 'Kitchen', 'total_mentioned': 38, 'positive': 24, 'negative': 8, 'neutral': 6}, {'name': 'Breakfast', 'description': 'Breakfast', 'total_mentioned': 39, 'positive': 20, 'negative': 14, 'neutral': 5}, {'name': 'Pool', 'description': 'Pool', 'total_mentioned': 7, 'positive': 6, 'negative': 1, 'neutral': 0}, {'name': 'Restaurant', 'description': 'Restaurant', 'total_mentioned': 20, 'positive': 13, 'negative': 4, 'neutral': 3}]","US 1, South Brunswick, Middlesex County, New Jersey, 08528, United States"
Alexander Inn,"Art deco-style hotel offering relaxed rooms with minifridges, plus all-day snacks & breakfast.","{'latitude': 39.9462925, 'longitude': -75.1609939}",39.9462925,-75.1609939,3,https://www.alexanderinn.com/,"[{'stars': 5, 'count': 355}, {'stars': 4, 'count': 155}, {'stars': 3, 'count': 50}, {'stars': 2, 'count': 10}, {'stars': 1, 'count': 33}]",603,"[{'name': 'Breakfast', 'description': 'Breakfast', 'total_mentioned': 81, 'positive': 49, 'negative': 18, 'neutral': 14}, {'name': 'Service', 'description': 'Service', 'total_mentioned': 212, 'positive': 183, 'negative': 20, 'neutral': 9}, {'name': 'Restaurant', 'description': 'Restaurant', 'total_mentioned': 53, 'positive': 34, 'negative': 11, 'neutral': 8}, {'name': 'Location', 'description': 'Location', 'total_mentioned': 166, 'positive': 146, 'negative': 4, 'neutral': 16}, {'name': 'Property', 'description': 'Property', 'total_mentioned': 233, 'positive': 181, 'negative': 26, 'neutral': 26}, {'name': 'Parking', 'description': 'Parking', 'total_mentioned': 41, 'positive': 18, 'negative': 14, 'neutral': 9}]","Alexander Inn, 301, South 12th Street, Washington Square West, Center City, Philadelphia, Philadelphia County, Pennsylvania, 19109, United States"
Penn's View Hotel,"Relaxed hotel with warm rooms rooms & an Italian restaurant, plus WiFi & continental breakfast.","{'latitude': 39.9501515, 'longitude': -75.1420964}",39.9501515,-75.1420964,3,https://www.pennsviewhotel.com/,"[{'stars': 5, 'count': 483}, {'stars': 4, 'count': 179}, {'stars': 3, 'count': 50}, {'stars': 2, 'count': 12}, {'stars': 1, 'count': 7}]",731,"[{'name': 'Hot Tub', 'description': 'Hot tub', 'total_mentioned': 18, 'positive': 12, 'negative': 3, 'neutral': 3}, {'name': 'Breakfast', 'description': 'Breakfast', 'total_mentioned': 79, 'positive': 52, 'negative': 14, 'neutral': 13}, {'name': 'Dining', 'description': 'Food and Beverage', 'total_mentioned': 103, 'positive': 87, 'negative': 7, 'neutral': 9}, {'name': 'Service', 'description': 'Service', 'total_mentioned': 205, 'positive': 181, 'negative': 15, 'neutral': 9}, {'name': 'Location', 'description': 'Location', 'total_mentioned': 174, 'positive': 152, 'negative': 7, 'neutral': 15}, {'name': 'Restaurant', 'description': 'Restaurant', 'total_mentioned': 48, 'positive': 25, 'negative': 8, 'neutral': 15}]","Penn's View Hotel, 14, North Front Street, Society Hill, Center City, Philadelphia, Philadelphia County, Pennsylvania, 19106, United States"
The Peacock Inn and The Perch at Peacock Inn,"Colonial-style, 18th-century mansion-turned-refined boutique hotel with fine dining & a chic bar.","{'latitude': 40.3491084, 'longitude': -74.6654561}",40.3491084,-74.6654561,3,http://www.peacockinn.com/,"[{'stars': 5, 'count': 284}, {'stars': 4, 'count': 48}, {'stars': 3, 'count': 23}, {'stars': 2, 'count': 17}, {'stars': 1, 'count': 16}]",388,"[{'name': 'Breakfast', 'description': 'Breakfast', 'total_mentioned': 55, 'positive': 40, 'negative': 7, 'neutral': 8}, {'name': 'Couples', 'description': 'Couple friendly', 'total_mentioned': 18, 'positive': 12, 'negative': 0, 'neutral': 6}, {'name': 'Bathroom', 'description': 'Bathroom and toiletries', 'total_mentioned': 13, 'positive': 7, 'negative': 4, 'neutral': 2}, {'name': 'Parking', 'description': 'Parking', 'total_mentioned': 15, 'positive': 13, 'negative': 1, 'neutral': 1}, {'name': 'Sleep', 'description': 'Sleep', 'total_mentioned': 17, 'positive': 4, 'negative': 11, 'neutral': 2}, {'name': 'Room', 'description': 'Room amenities', 'total_mentioned': 12, 'positive': 5, 'negative': 5, 'neutral': 2}]","Peacock Inn, Bayard Lane, Princeton Center, Princeton, Mercer County, New Jersey, 08540, United States"
Princeton Marriott at Forrestal,"Polished hotel featuring casual dining, plus an indoor pool, a spa & a fitness center.","{'latitude': 40.3553827, 'longitude': -74.5990158}",40.3553827,-74.5990158,3,https://www.marriott.com/en-us/hotels/ttndf-princeton-marriott-at-forrestal/overview/?scid=f2ae0541-1279-4f24-b197-a979c79310b0,"[{'stars': 5, 'count': 665}, {'stars': 4, 'count': 309}, {'stars': 3, 'count': 88}, {'stars': 2, 'count': 24}, {'stars': 1, 'count': 36}]",1122,"[{'name': 'Wellness', 'description': 'Wellness', 'total_mentioned': 23, 'positive': 21, 'negative': 1, 'neutral': 1}, {'name': 'Property', 'description': 'Property', 'total_mentioned': 282, 'positive': 231, 'negative': 35, 'neutral': 16}, {'name': 'Service', 'description': 'Service', 'total_mentioned': 230, 'positive': 197, 'negative': 22, 'neutral': 11}, {'name': 'Couples', 'description': 'Couple friendly', 'total_mentioned': 28, 'positive': 21, 'negative': 2, 'neutral': 5}, {'name': 'Spa', 'description': 'Spa', 'total_mentioned': 11, 'positive': 11, 'negative': 0, 'neutral': 0}, {'name': 'Cleanliness', 'description': 'Cleanliness', 'total_mentioned': 112, 'positive': 88, 'negative': 18, 'neutral': 6}]","Princeton Marriott at Forrestal, 100, College Road East, Princeton, Middlesex County, New Jersey, 08540, United States"
Hotel Du Village,"Boutique hotel on a remodeled country estate offering modern rooms, an outdoor pool & tennis courts.","{'latitude': 40.3811371, 'longitude': -74.9659468}",40.3811371,-74.9659468,3,https://landmarkvenues.com/venues/hotel-du-village-bucks-county-pa/,"[{'stars': 5, 'count': 271}, {'stars': 4, 'count': 78}, {'stars': 3, 'count': 22}, {'stars': 2, 'count': 10}, {'stars': 1, 'count': 23}]",404,"[{'name': 'Couples', 'description': 'Couple friendly', 'total_mentioned': 139, 'positive': 107, 'negative': 13, 'neutral': 19}, {'name': 'Service', 'description': 'Service', 'total_mentioned': 116, 'positive': 95, 'negative': 19, 'neutral': 2}, {'name': 'Property', 'description': 'Property', 'total_mentioned': 77, 'positive': 58, 'negative': 12, 'neutral': 7}, {'name': 'Bathroom', 'description': 'Bathroom and toiletries', 'total_mentioned': 20, 'positive': 4, 'negative': 14, 'neutral': 2}, {'name': 'Sleep', 'description': 'Sleep', 'total_mentioned': 17, 'positive': 1, 'negative': 13, 'neutral': 3}]","Solebury School, Phillips Mill Road, Solebury, Solebury Township, Bucks County, Pennsylvania, 18938, United States"
Logan Inn in New Hope PA,"Upscale 18th-century lodging offering rooms with period furnishings & free WiFi, plus 2 restaurants.","{'latitude': 40.3633355, 'longitude': -74.95159919999999}",40.3633355,-74.95159919999999,3,http://loganinn.com/,"[{'stars': 5, 'count': 508}, {'stars': 4, 'count': 203}, {'stars': 3, 'count': 74}, {'stars': 2, 'count': 40}, {'stars': 1, 'count': 56}]",881,"[{'name': 'Bar', 'description': 'Bar or lounge', 'total_mentioned': 159, 'positive': 100, 'negative': 41, 'neutral': 18}, {'name': 'Dining', 'description': 'Food and Beverage', 'total_mentioned': 255, 'positive': 180, 'negative': 55, 'neutral': 20}, {'name': 'Nightlife', 'description': 'Nightlife', 'total_mentioned': 25, 'positive': 17, 'negative': 4, 'neutral': 4}, {'name': 'Breakfast', 'description': 'Breakfast', 'total_mentioned': 96, 'positive': 75, 'negative': 16, 'neutral': 5}, {'name': 'Property', 'description': 'Property', 'total_mentioned': 191, 'positive': 154, 'negative': 23, 'neutral': 14}, {'name': 'Kitchen', 'description': 'Kitchen', 'total_mentioned': 17, 'positive': 5, 'negative': 11, 'neutral': 1}]","Logan Inn, 10, West Ferry Street, New Hope, Bucks County, Pennsylvania, 18938, United States"
Lambertville House,"19th-century hotel with unique decor, marble baths & free WiFi, plus a colonial-style eatery/bar.","{'latitude': 40.3657639, 'longitude': -74.94512499999999}",40.3657639,-74.94512499999999,3,http://www.lambertvillehouse.com/,"[{'stars': 5, 'count': 300}, {'stars': 4, 'count': 97}, {'stars': 3, 'count': 26}, {'stars': 2, 'count': 16}, {'stars': 1, 'count': 31}]",470,"[{'name': 'Hot Tub', 'description': 'Hot tub', 'total_mentioned': 9, 'positive': 5, 'negative': 3, 'neutral': 1}, {'name': 'Service', 'description': 'Service', 'total_mentioned': 126, 'positive': 93, 'negative': 29, 'neutral': 4}, {'name': 'Bar', 'description': 'Bar or lounge', 'total_mentioned': 101, 'positive': 73, 'negative': 19, 'neutral': 9}, {'name': 'Dining', 'description': 'Food and Beverage', 'total_mentioned': 123, 'positive': 90, 'negative': 24, 'neutral': 9}, {'name': 'Property', 'description': 'Property', 'total_mentioned': 107, 'positive': 93, 'negative': 8, 'neutral': 6}, {'name': 'Breakfast', 'description': 'Breakfast', 'total_mentioned': 48, 'positive': 39, 'negative': 6, 'neutral': 3}]","32, Bridge Street, Lambertville, Hunterdon County, New Jersey, 08530, United States"
Cambria Hotel Philadelphia Downtown Center City,"Relaxed lodging offering laid-back rooms, along with a restaurant, a bar & a fitness center.","{'latitude': 39.9486274, 'longitude': -75.164198}",39.9486274,-75.164198,3,https://www.choicehotels.com/pennsylvania/philadelphia/cambria-hotels/pa776?mc=llgoxxpx,"[{'stars': 5, 'count': 778}, {'stars': 4, 'count': 279}, {'stars': 3, 'count': 112}, {'stars': 2, 'count': 75}, {'stars': 1, 'count': 155}]",1399,"[{'name': 'Service', 'description': 'Service', 'total_mentioned': 477, 'positive': 278, 'negative': 161, 'neutral': 38}, {'name': 'Parking', 'description': 'Parking', 'total_mentioned': 133, 'positive': 43, 'negative': 66, 'neutral': 24}, {'name': 'Bathroom', 'description': 'Bathroom and toiletries', 'total_mentioned': 162, 'positive': 55, 'negative': 86, 'neutral': 21}, {'name': 'Cleanliness', 'description': 'Cleanliness', 'total_mentioned': 294, 'positive': 185, 'negative': 94, 'neutral': 15}, {'name': 'Location', 'description': 'Location', 'total_mentioned': 279, 'positive': 238, 'negative': 22, 'neutral': 19}, {'name': 'Property', 'description': 'Property', 'total_mentioned': 498, 'positive': 362, 'negative': 108, 'neutral': 28}]","Cambria Hotel Philadelphia Downtown Center City, 219, South Broad Street, Gayborhood, Center City, Philadelphia, Philadelphia County, Pennsylvania, 19110, United States"
Motto By Hilton Philadelphia Rittenhouse Square,"Cool, modern hotel featuring understated rooms, plus a gym, a Mexican restaurant & a rooftop eatery.","{'latitude': 39.9524705, 'longitude': -75.17162619999999}",39.9524705,-75.17162619999999,3,https://www.hilton.com/en/hotels/phlriua-motto-philadelphia-rittenhouse-square/?SEO_id=GMB-AMER-UA-PHLRIUA&y_source=1_MjM1NDQyMzUtNzE1LWxvY2F0aW9uLndlYnNpdGU%3D,"[{'stars': 5, 'count': 509}, {'stars': 4, 'count': 250}, {'stars': 3, 'count': 119}, {'stars': 2, 'count': 68}, {'stars': 1, 'count': 95}]",1041,"[{'name': 'Bar', 'description': 'Bar or lounge', 'total_mentioned': 152, 'positive': 109, 'negative': 22, 'neutral': 21}, {'name': 'Service', 'description': 'Service', 'total_mentioned': 357, 'positive': 272, 'negative': 70, 'neutral': 15}, {'name': 'Sleep', 'description': 'Sleep', 'total_mentioned': 223, 'positive': 76, 'negative': 116, 'neutral': 31}, {'name': 'Room', 'description': 'Room amenities', 'total_mentioned': 151, 'positive': 48, 'negative': 80, 'neutral': 23}, {'name': 'Location', 'description': 'Location', 'total_mentioned': 284, 'positive': 245, 'negative': 15, 'neutral': 24}, {'name': 'Bathroom', 'description': 'Bathroom and toiletries', 'total_mentioned': 140, 'positive': 39, 'negative': 85, 'neutral': 16}]","35, South 19th Street, Rittenhouse Square, Center City, Philadelphia, Philadelphia County, Pennsylvania, 19103, United States"
Aloft Philadelphia Downtown,Trendy hotel in a landmark 1925 building featuring a sleek restaurant/bar with regular live music.,"{'latitude': 39.9545475, 'longitude': -75.1628748}",39.9545475,-75.1628748,3,https://www.marriott.com/en-us/hotels/phlad-aloft-philadelphia-downtown/overview/?scid=f2ae0541-1279-4f24-b197-a979c79310b0,"[{'stars': 5, 'count': 651}, {'stars': 4, 'count': 260}, {'stars': 3, 'count': 107}, {'stars': 2, 'count': 45}, {'stars': 1, 'count': 77}]",1140,"[{'name': 'Service', 'description': 'Service', 'total_mentioned': 346, 'positive': 246, 'negative': 83, 'neutral': 17}, {'name': 'Location', 'description': 'Location', 'total_mentioned': 264, 'positive': 226, 'negative': 25, 'neutral': 13}, {'name': 'Bar', 'description': 'Bar or lounge', 'total_mentioned': 123, 'positive': 90, 'negative': 22, 'neutral': 11}, {'name': 'Bathroom', 'description': 'Bathroom and toiletries', 'total_mentioned': 106, 'positive': 23, 'negative': 67, 'neutral': 16}, {'name': 'Fitness', 'description': 'Fitness', 'total_mentioned': 58, 'positive': 41, 'negative': 3, 'neutral': 14}, {'name': 'Property', 'description': 'Property', 'total_mentioned': 413, 'positive': 287, 'negative': 80, 'neutral': 46}]","Aloft Philadelphia Downtown, 101, North Broad Street, Fashion District Philadelphia, Center City, Philadelphia, Philadelphia County, Pennsylvania, 19107, United States"
The Dwight D Hotel,"Boutique hotel in an 1840s townhouse, offering elegant rooms with free WiFi, plus dining & a garden.","{'latitude': 39.9479616, 'longitude': -75.16814110000001}",39.9479616,-75.16814110000001,4,http://www.thedwightd.com/,"[{'stars': 5, 'count': 110}, {'stars': 4, 'count': 4}, {'stars': 3, 'count': 0}, {'stars': 2, 'count': 0}, {'stars': 1, 'count': 2}]",116,"[{'name': 'Couples', 'description': 'Couple friendly', 'total_mentioned': 8, 'positive': 7, 'negative': 0, 'neutral': 1}, {'name': 'Service', 'description': 'Service', 'total_mentioned': 58, 'positive': 55, 'negative': 2, 'neutral': 1}, {'name': 'Property', 'description': 'Property', 'total_mentioned': 72, 'positive': 71, 'negative': 0, 'neutral': 1}, {'name': 'Location', 'description': 'Location', 'total_mentioned': 41, 'positive': 40, 'negative': 0, 'neutral': 1}, {'name': 'Room', 'description': 'Room amenities', 'total_mentioned': 14, 'positive': 13, 'negative': 1, 'neutral': 0}, {'name': 'Atmosphere', 'description': 'Atmosphere', 'total_mentioned': 18, 'positive': 18, 'negative': 0, 'neutral': 0}]","Monk's Cafe, 264, South 16th Street, Rittenhouse Square, Center City, Philadelphia, Philadelphia County, Pennsylvania, 19102, United States"
Delta Hotel Philadelphia Airport,"Relaxed hotel with a cozy restaurant, plus a bar, a fitness room & a free airport shuttle.","{'latitude': 39.8730902, 'longitude': -75.2747966}",39.8730902,-75.2747966,4,https://www.marriott.com/en-us/hotels/phlde-delta-hotel-philadelphia-airport/overview/?scid=f2ae0541-1279-4f24-b197-a979c79310b0,"[{'stars': 5, 'count': 1177}, {'stars': 4, 'count': 677}, {'stars': 3, 'count': 407}, {'stars': 2, 'count': 234}, {'stars': 1, 'count': 398}]",2893,"[{'name': 'Fitness', 'description': 'Fitness', 'total_mentioned': 118, 'positive': 44, 'negative': 60, 'neutral': 14}, {'name': 'Bar', 'description': 'Bar or lounge', 'total_mentioned': 166, 'positive': 78, 'negative': 64, 'neutral': 24}, {'name': 'Pool', 'description': 'Pool', 'total_mentioned': 53, 'positive': 24, 'negative': 19, 'neutral': 10}, {'name': 'Business', 'description': 'Business', 'total_mentioned': 97, 'positive': 36, 'negative': 36, 'neutral': 25}, {'name': 'Dining', 'description': 'Food and Beverage', 'total_mentioned': 196, 'positive': 87, 'negative': 84, 'neutral': 25}, {'name': 'Breakfast', 'description': 'Breakfast', 'total_mentioned': 147, 'positive': 67, 'negative': 59, 'neutral': 21}]","Delta Hotel Philadelphia Airport, 500, Stevens Drive, Lester, Philadelphia, Delaware County, Pennsylvania, 19113, United States"
Sonesta Philadelphia Rittenhouse Square,"Contemporary rooms in a sleek high-rise lodging offering Wi-Fi, a bar/eatery & a rooftop pool.","{'latitude': 39.9529083, 'longitude': -75.1705983}",39.9529083,-75.1705983,4,https://www.sonesta.com/sonesta-hotels-resorts/pa/philadelphia/sonesta-philadelphia-rittenhouse-square,"[{'stars': 5, 'count': 1406}, {'stars': 4, 'count': 887}, {'stars': 3, 'count': 289}, {'stars': 2, 'count': 91}, {'stars': 1, 'count': 151}]",2824,"[{'name': 'Service', 'description': 'Service', 'total_mentioned': 748, 'positive': 591, 'negative': 123, 'neutral': 34}, {'name': 'Fitness', 'description': 'Fitness', 'total_mentioned': 139, 'positive': 76, 'negative': 49, 'neutral': 14}, {'name': 'Parking', 'description': 'Parking', 'total_mentioned': 248, 'positive': 98, 'negative': 118, 'neutral': 32}, {'name': 'Location', 'description': 'Location', 'total_mentioned': 537, 'positive': 467, 'negative': 38, 'neutral': 32}, {'name': 'Pool', 'description': 'Pool', 'total_mentioned': 68, 'positive': 50, 'negative': 11, 'neutral': 7}, {'name': 'Cleanliness', 'description': 'Cleanliness', 'total_mentioned': 493, 'positive': 365, 'negative': 109, 'neutral': 19}]","Sonesta Hotel Garage, 1800, Market Street, Rittenhouse Square, Center City, Philadelphia, Philadelphia County, Pennsylvania, 19103, United States"
"The Logan Philadelphia, Curio Collection by Hilton","Contemporary rooms & suites in a sleek property with a chic steakhouse, a rooftop bar & a posh spa.","{'latitude': 39.9569323, 'longitude': -75.1702705}",39.9569323,-75.1702705,4,https://www.hilton.com/en/hotels/phlqqqq-the-logan-philadelphia/?SEO_id=GMB-AMER-QQ-PHLQQQQ&y_source=1_Mjg1Njc0NC03MTUtbG9jYXRpb24ud2Vic2l0ZQ%3D%3D,"[{'stars': 5, 'count': 1709}, {'stars': 4, 'count': 629}, {'stars': 3, 'count': 227}, {'stars': 2, 'count': 122}, {'stars': 1, 'count': 229}]",2916,"[{'name': 'Service', 'description': 'Service', 'total_mentioned': 785, 'positive': 514, 'negative': 220, 'neutral': 51}, {'name': 'Wellness', 'description': 'Wellness', 'total_mentioned': 56, 'positive': 39, 'negative': 14, 'neutral': 3}, {'name': 'Spa', 'description': 'Spa', 'total_mentioned': 46, 'positive': 34, 'negative': 9, 'neutral': 3}, {'name': 'Fitness', 'description': 'Fitness', 'total_mentioned': 141, 'positive': 87, 'negative': 41, 'neutral': 13}, {'name': 'Bar', 'description': 'Bar or lounge', 'total_mentioned': 286, 'positive': 203, 'negative': 52, 'neutral': 31}, {'name': 'Couples', 'description': 'Couple friendly', 'total_mentioned': 61, 'positive': 28, 'negative': 20, 'neutral': 13}]","The Logan Philadelphia, Curio Collection by Hilton, 1, Benjamin Franklin Parkway, Center City, Philadelphia, Philadelphia County, Pennsylvania, 19103, United States"
The Westin Mount Laurel,"Refined hotel with an Italian restaurant & bar, plus an indoor pool & a fitness center.","{'latitude': 39.9327536, 'longitude': -74.9602692}",39.9327536,-74.9602692,4,https://www.marriott.com/en-us/hotels/phlmw-the-westin-mount-laurel/overview/?scid=f2ae0541-1279-4f24-b197-a979c79310b0,"[{'stars': 5, 'count': 680}, {'stars': 4, 'count': 354}, {'stars': 3, 'count': 137}, {'stars': 2, 'count': 49}, {'stars': 1, 'count': 114}]",1334,"[{'name': 'Couples', 'description': 'Couple friendly', 'total_mentioned': 66, 'positive': 34, 'negative': 22, 'neutral': 10}, {'name': 'Bar', 'description': 'Bar or lounge', 'total_mentioned': 107, 'positive': 76, 'negative': 21, 'neutral': 10}, {'name': 'Hot Tub', 'description': 'Hot tub', 'total_mentioned': 14, 'positive': 7, 'negative': 5, 'neutral': 2}, {'name': 'Dining', 'description': 'Food and Beverage', 'total_mentioned': 115, 'positive': 86, 'negative': 20, 'neutral': 9}, {'name': 'Fitness', 'description': 'Fitness', 'total_mentioned': 55, 'positive': 28, 'negative': 18, 'neutral': 9}, {'name': 'Business', 'description': 'Business', 'total_mentioned': 76, 'positive': 43, 'negative': 10, 'neutral': 23}]","The Westin Mount Laurel, 555, Fellowship Road, East Gate Corporate Park, Fellowship, Mount Laurel Township, Burlington County, New Jersey, 08054, United States"
Kimpton Hotel Monaco Philadelphia,Glamorous rooms & suites in a posh 1907 hotel offering a hip rooftop bar & a cozy pub.,"{'latitude': 39.949141499999996, 'longitude': -75.1488833}",39.9491415,-75.1488833,4,https://www.monaco-philadelphia.com/?&cm_mmc=WEB-_-KI-_-AMER-_-EN-_-EV-_-Google%20Business%20Profile-_-DD-_-monaco%20philadelphia,"[{'stars': 5, 'count': 1689}, {'stars': 4, 'count': 541}, {'stars': 3, 'count': 168}, {'stars': 2, 'count': 74}, {'stars': 1, 'count': 146}]",2618,"[{'name': 'Pets', 'description': 'Pets', 'total_mentioned': 88, 'positive': 61, 'negative': 13, 'neutral': 14}, {'name': 'Couples', 'description': 'Couple friendly', 'total_mentioned': 124, 'positive': 75, 'negative': 30, 'neutral': 19}, {'name': 'Service', 'description': 'Service', 'total_mentioned': 803, 'positive': 618, 'negative': 144, 'neutral': 41}, {'name': 'Bar', 'description': 'Bar or lounge', 'total_mentioned': 266, 'positive': 196, 'negative': 47, 'neutral': 23}, {'name': 'Location', 'description': 'Location', 'total_mentioned': 560, 'positive': 503, 'negative': 25, 'neutral': 32}, {'name': 'Property', 'description': 'Property', 'total_mentioned': 970, 'positive': 784, 'negative': 134, 'neutral': 52}]","Hotel Monaco Philadelphia, a Kimpton Hotel, 433, Chestnut Street, Society Hill, Center City, Philadelphia, Philadelphia County, Pennsylvania, 19106, United States"
Renaissance Philadelphia Downtown Hotel,"Airy rooms & suites in a modern hotel with a chic restaurant, a formal bar/lounge & a spa.","{'latitude': 39.9490544, 'longitude': -75.147661}",39.9490544,-75.147661,4,https://www.marriott.com/en-us/hotels/phlpr-renaissance-philadelphia-downtown-hotel/overview/?scid=f2ae0541-1279-4f24-b197-a979c79310b0,"[{'stars': 5, 'count': 548}, {'stars': 4, 'count': 256}, {'stars': 3, 'count': 98}, {'stars': 2, 'count': 53}, {'stars': 1, 'count': 49}]",1004,"[{'name': 'Service', 'description': 'Service', 'total_mentioned': 318, 'positive': 235, 'negative': 61, 'neutral': 22}, {'name': 'Location', 'description': 'Location', 'total_mentioned': 257, 'positive': 227, 'negative': 19, 'neutral': 11}, {'name': 'Couples', 'description': 'Couple friendly', 'total_mentioned': 35, 'positive': 18, 'negative': 7, 'neutral': 10}, {'name': 'Property', 'description': 'Property', 'total_mentioned': 357, 'positive': 253, 'negative': 78, 'neutral': 26}, {'name': 'Breakfast', 'description': 'Breakfast', 'total_mentioned': 55, 'positive': 36, 'negative': 14, 'neutral': 5}, {'name': 'Room', 'description': 'Room amenities', 'total_mentioned': 88, 'positive': 29, 'negative': 44, 'neutral': 15}]","Renaissance Philadelphia Downtown Hotel, 401, Chestnut Street, Society Hill, Center City, Philadelphia, Philadelphia County, Pennsylvania, 19106, United States"
Chauncey Hotel & Conference Center,"Classic rooms with free Wi-Fi in a lakeside property with a bar/restaurant, a gym & an intimate B&B.","{'latitude': 40.3447222, 'longitude': -74.7163889}",40.3447222,-74.7163889,4,https://www.acc-chaunceyconferencecenter.com/,"[{'stars': 5, 'count': 242}, {'stars': 4, 'count': 80}, {'stars': 3, 'count': 31}, {'stars': 2, 'count': 14}, {'stars': 1, 'count': 24}]",391,"[{'name': 'Couples', 'description': 'Couple friendly', 'total_mentioned': 49, 'positive': 33, 'negative': 10, 'neutral': 6}, {'name': 'Business', 'description': 'Business', 'total_mentioned': 48, 'positive': 32, 'negative': 5, 'neutral': 11}, {'name': 'Dining', 'description': 'Food and Beverage', 'total_mentioned': 57, 'positive': 42, 'negative': 10, 'neutral': 5}, {'name': 'Fitness', 'description': 'Fitness', 'total_mentioned': 27, 'positive': 24, 'negative': 1, 'neutral': 2}, {'name': 'Bar', 'description': 'Bar or lounge', 'total_mentioned': 33, 'positive': 21, 'negative': 5, 'neutral': 7}, {'name': 'Breakfast', 'description': 'Breakfast', 'total_mentioned': 39, 'positive': 32, 'negative': 4, 'neutral': 3}]","Chauncy Road, Educational Testing Service, Rosedale, Lawrence Township, Mercer County, New Jersey, 08541, United States"
Hyatt Regency Princeton,"Upscale hotel with a refined restaurant/bar & a comedy club, plus an indoor pool & meeting space.","{'latitude': 40.324292899999996, 'longitude': -74.64460559999999}",40.3242929,-74.64460559999999,4,https://www.hyatt.com/hyatt-regency/en-US/princ-hyatt-regency-princeton?src=corp_lclb_google_seo_princ&%3Futm_source=google&utm_medium=organic&utm_campaign=lmr,"[{'stars': 5, 'count': 1142}, {'stars': 4, 'count': 561}, {'stars': 3, 'count': 189}, {'stars': 2, 'count': 59}, {'stars': 1, 'count': 74}]",2025,"[{'name': 'Couples', 'description': 'Couple friendly', 'total_mentioned': 65, 'positive': 41, 'negative': 11, 'neutral': 13}, {'name': 'Dining', 'description': 'Food and Beverage', 'total_mentioned': 130, 'positive': 88, 'negative': 26, 'neutral': 16}, {'name': 'Business', 'description': 'Business', 'total_mentioned': 123, 'positive': 70, 'negative': 16, 'neutral': 37}, {'name': 'Bar', 'description': 'Bar or lounge', 'total_mentioned': 95, 'positive': 63, 'negative': 23, 'neutral': 9}, {'name': 'Fitness', 'description': 'Fitness', 'total_mentioned': 87, 'positive': 58, 'negative': 22, 'neutral': 7}, {'name': 'Pool', 'description': 'Pool', 'total_mentioned': 44, 'positive': 37, 'negative': 6, 'neutral': 1}]","Hyatt Regency Princeton, 102, Carnegie Center Drive, Carnegie Center, Princeton, Mercer County, New Jersey, 08540, United States"
Woolverton Inn,"Plush quarters, some with whirlpool tubs, in a refined B&B offering a 3-course breakfast.","{'latitude': 40.409289699999995, 'longitude': -74.98019169999999}",40.4092897,-74.98019169999999,4,https://www.woolvertoninn.com/?utm_source=google&utm_medium=organic&utm_campaign=googlemybusiness,"[{'stars': 5, 'count': 337}, {'stars': 4, 'count': 21}, {'stars': 3, 'count': 4}, {'stars': 2, 'count': 2}, {'stars': 1, 'count': 2}]",366,"[{'name': 'Breakfast', 'description': 'Breakfast', 'total_mentioned': 139, 'positive': 134, 'negative': 2, 'neutral': 3}, {'name': 'Couples', 'description': 'Couple friendly', 'total_mentioned': 68, 'positive': 60, 'negative': 1, 'neutral': 7}, {'name': 'Restaurant', 'description': 'Restaurant', 'total_mentioned': 63, 'positive': 62, 'negative': 1, 'neutral': 0}, {'name': 'Sleep', 'description': 'Sleep', 'total_mentioned': 49, 'positive': 40, 'negative': 4, 'neutral': 5}, {'name': 'Location', 'description': 'Location', 'total_mentioned': 40, 'positive': 34, 'negative': 1, 'neutral': 5}, {'name': 'Bathroom', 'description': 'Bathroom and toiletries', 'total_mentioned': 32, 'positive': 28, 'negative': 4, 'neutral': 0}]","Woolverton Inn, Woolverton Road, Stockton, Hunterdon County, New Jersey, 08559, United States"
Inn at Glencairn Princeton,"Upscale country B&B that includes antiques, free Wi-Fi & a breakfast with local, organic ingredients.","{'latitude': 40.3119519, 'longitude': -74.7096785}",40.3119519,-74.7096785,4,https://www.innatglencairn.com/,"[{'stars': 5, 'count': 133}, {'stars': 4, 'count': 11}, {'stars': 3, 'count': 1}, {'stars': 2, 'count': 1}, {'stars': 1, 'count': 2}]",148,"[{'name': 'Breakfast', 'description': 'Breakfast', 'total_mentioned': 69, 'positive': 66, 'negative': 2, 'neutral': 1}, {'name': 'Couples', 'description': 'Couple friendly', 'total_mentioned': 13, 'positive': 9, 'negative': 0, 'neutral': 4}, {'name': 'Restaurant', 'description': 'Restaurant', 'total_mentioned': 39, 'positive': 39, 'negative': 0, 'neutral': 0}, {'name': 'Business', 'description': 'Business', 'total_mentioned': 6, 'positive': 5, 'negative': 1, 'neutral': 0}, {'name': 'Location', 'description': 'Location', 'total_mentioned': 23, 'positive': 21, 'negative': 1, 'neutral': 1}, {'name': 'Bar', 'description': 'Bar or lounge', 'total_mentioned': 11, 'positive': 10, 'negative': 1, 'neutral': 0}]","Lawrenceville Road, Lawrence Township, Mercer County, New Jersey, 08540, United States"
The Inn at Bowman's Hill,Elegant B&B on a 5-acre estate offering 2-person whirlpool tubs & an outdoor pool.,"{'latitude': 40.322689, 'longitude': -74.93955989999999}",40.322689,-74.93955989999999,4,http://www.theinnatbowmanshill.com/,"[{'stars': 5, 'count': 262}, {'stars': 4, 'count': 5}, {'stars': 3, 'count': 1}, {'stars': 2, 'count': 0}, {'stars': 1, 'count': 3}]",271,"[{'name': 'Service', 'description': 'Service', 'total_mentioned': 148, 'positive': 145, 'negative': 3, 'neutral': 0}, {'name': 'Property', 'description': 'Property', 'total_mentioned': 120, 'positive': 117, 'negative': 2, 'neutral': 1}, {'name': 'Breakfast', 'description': 'Breakfast', 'total_mentioned': 118, 'positive': 115, 'negative': 1, 'neutral': 2}]","The Inn at Bowman's Hill, 518, Lurgan Road, Laurel Brook, Buckmanville, New Hope, Bucks County, Pennsylvania, 18938, United States"
"The Franklin on Rittenhouse, A Boutique Hotel","Victorian mansion with elegant decor & marble bathrooms, plus free Wi-Fi & continental breakfast.","{'latitude': 39.948350999999995, 'longitude': -75.1701318}",39.948351,-75.1701318,4,https://www.thefranklinonrittenhouse.com/?utm_source=google&utm_medium=organic&utm_campaign=business_listing,"[{'stars': 5, 'count': 117}, {'stars': 4, 'count': 25}, {'stars': 3, 'count': 8}, {'stars': 2, 'count': 2}, {'stars': 1, 'count': 6}]",158,"[{'name': 'Breakfast', 'description': 'Breakfast', 'total_mentioned': 23, 'positive': 19, 'negative': 3, 'neutral': 1}, {'name': 'Service', 'description': 'Service', 'total_mentioned': 61, 'positive': 55, 'negative': 3, 'neutral': 3}, {'name': 'Restaurant', 'description': 'Restaurant', 'total_mentioned': 17, 'positive': 15, 'negative': 1, 'neutral': 1}, {'name': 'Location', 'description': 'Location', 'total_mentioned': 38, 'positive': 38, 'negative': 0, 'neutral': 0}, {'name': 'Property', 'description': 'Property', 'total_mentioned': 57, 'positive': 52, 'negative': 2, 'neutral': 3}, {'name': 'Couples', 'description': 'Couple friendly', 'total_mentioned': 5, 'positive': 5, 'negative': 0, 'neutral': 0}]","1711, Rittenhouse Square, Center City, Philadelphia, Philadelphia County, Pennsylvania, 19103, United States"
Element Philadelphia Downtown,"Relaxed high-rise hotel featuring a fitness room, plus unfussy quarters with kitchenettes.","{'latitude': 39.951116299999995, 'longitude': -75.1651992}",39.9511163,-75.1651992,4,https://www.marriott.com/en-us/hotels/phlel-element-philadelphia-downtown/overview/?scid=f2ae0541-1279-4f24-b197-a979c79310b0,"[{'stars': 5, 'count': 410}, {'stars': 4, 'count': 98}, {'stars': 3, 'count': 35}, {'stars': 2, 'count': 22}, {'stars': 1, 'count': 40}]",605,"[{'name': 'Breakfast', 'description': 'Breakfast', 'total_mentioned': 128, 'positive': 88, 'negative': 26, 'neutral': 14}, {'name': 'Parking', 'description': 'Parking', 'total_mentioned': 84, 'positive': 24, 'negative': 44, 'neutral': 16}, {'name': 'Restaurant', 'description': 'Restaurant', 'total_mentioned': 67, 'positive': 46, 'negative': 11, 'neutral': 10}, {'name': 'Service', 'description': 'Service', 'total_mentioned': 206, 'positive': 141, 'negative': 52, 'neutral': 13}, {'name': 'Kitchen', 'description': 'Kitchen', 'total_mentioned': 79, 'positive': 57, 'negative': 13, 'neutral': 9}, {'name': 'Location', 'description': 'Location', 'total_mentioned': 163, 'positive': 140, 'negative': 9, 'neutral': 14}]","W Hotel & Element by Westin Philadelphia, 1441, Chestnut Street, Gayborhood, Center City, Philadelphia, Philadelphia County, Pennsylvania, 19104, United States"
Kimpton Hotel Palomar Philadelphia,"Upscale art deco lodging with chic rooms & a hip bar, plus free bike rentals & an evening wine hour.","{'latitude': 39.9507815, 'longitude': -75.1686419}",39.9507815,-75.1686419,4,https://www.hotelpalomar-philadelphia.com/?&cm_mmc=WEB-_-KI-_-AMER-_-EN-_-EV-_-Google%20Business%20Profile-_-DD-_-palomar%20philadelphia,"[{'stars': 5, 'count': 1109}, {'stars': 4, 'count': 377}, {'stars': 3, 'count': 97}, {'stars': 2, 'count': 55}, {'stars': 1, 'count': 76}]",1714,"[{'name': 'Pets', 'description': 'Pets', 'total_mentioned': 72, 'positive': 60, 'negative': 7, 'neutral': 5}, {'name': 'Service', 'description': 'Service', 'total_mentioned': 593, 'positive': 488, 'negative': 78, 'neutral': 27}, {'name': 'Wellness', 'description': 'Wellness', 'total_mentioned': 38, 'positive': 28, 'negative': 5, 'neutral': 5}, {'name': 'Spa', 'description': 'Spa', 'total_mentioned': 32, 'positive': 25, 'negative': 3, 'neutral': 4}, {'name': 'Hot Tub', 'description': 'Hot tub', 'total_mentioned': 27, 'positive': 21, 'negative': 3, 'neutral': 3}, {'name': 'Bar', 'description': 'Bar or lounge', 'total_mentioned': 164, 'positive': 131, 'negative': 19, 'neutral': 14}]","Hotel Palomar Philadelphia - a Kimpton Hotel, 117, South 17th Street, Rittenhouse Square, Center City, Philadelphia, Philadelphia County, Pennsylvania, 19103, United States"
Four Seasons Hotel Philadelphia at Comcast Center,"Luxury hotel offering stylish rooms & suites, plus a spa with an indoor pool & a sleek restaurant.","{'latitude': 39.9552237, 'longitude': -75.1709748}",39.9552237,-75.1709748,5,https://www.fourseasons.com/philadelphia/?utm_source=google&utm_medium=organicsearch&utm_campaign=tor-phi-hre-mid-seo-na&utm_content=na-na&utm_term=na,"[{'stars': 5, 'count': 804}, {'stars': 4, 'count': 75}, {'stars': 3, 'count': 22}, {'stars': 2, 'count': 8}, {'stars': 1, 'count': 34}]",943,"[{'name': 'Wellness', 'description': 'Wellness', 'total_mentioned': 45, 'positive': 38, 'negative': 6, 'neutral': 1}, {'name': 'Spa', 'description': 'Spa', 'total_mentioned': 36, 'positive': 31, 'negative': 4, 'neutral': 1}, {'name': 'Nature', 'description': 'Nature and outdoor activities', 'total_mentioned': 42, 'positive': 41, 'negative': 0, 'neutral': 1}, {'name': 'Fitness', 'description': 'Fitness', 'total_mentioned': 72, 'positive': 65, 'negative': 4, 'neutral': 3}, {'name': 'Pool', 'description': 'Pool', 'total_mentioned': 40, 'positive': 38, 'negative': 0, 'neutral': 2}, {'name': 'Bar', 'description': 'Bar or lounge', 'total_mentioned': 99, 'positive': 66, 'negative': 15, 'neutral': 18}]","Comcast Technology Center, 1800, Arch Street, Center City, Philadelphia, Philadelphia County, Pennsylvania, 19103, United States"
