Name,Description,Coordinates,Hotel Class,Link,Ratings,Reviews,Reviews Breakdown
Red Roof Inn Princeton - Ewing,Colorful rooms in an unassuming budget hotel offering complimentary Wi-Fi & parking.,"{'latitude': 40.288959299999995, 'longitude': -74.6904165}",2,https://www.redroof.com/property/nj/trenton/RRI111?Utm_source=GMB&utm_medium=Google&utm-campaign=GMB_Performance_RRI111,"[{'stars': 5, 'count': 235}, {'stars': 4, 'count': 177}, {'stars': 3, 'count': 148}, {'stars': 2, 'count': 77}, {'stars': 1, 'count': 186}]",823,"[{'name': 'Safety', 'description': 'Safety', 'total_mentioned': 25, 'positive': 7, 'negative': 17, 'neutral': 1}, {'name': 'Kitchen', 'description': 'Kitchen', 'total_mentioned': 43, 'positive': 7, 'negative': 27, 'neutral': 9}, {'name': 'Bathroom', 'description': 'Bathroom and toiletries', 'total_mentioned': 100, 'positive': 14, 'negative': 81, 'neutral': 5}, {'name': 'Cleanliness', 'description': 'Cleanliness', 'total_mentioned': 203, 'positive': 113, 'negative': 81, 'neutral': 9}, {'name': 'Property', 'description': 'Property', 'total_mentioned': 234, 'positive': 120, 'negative': 103, 'neutral': 11}, {'name': 'Pets', 'description': 'Pets', 'total_mentioned': 16, 'positive': 5, 'negative': 10, 'neutral': 1}]"
Sheraton Bucks County Langhorne,"Functional hotel with a casual restaurant & a cocktail lounge, plus an indoor pool & a 24-hour gym.","{'latitude': 40.1834992, 'longitude': -74.8693912}",3,https://www.marriott.com/en-us/hotels/phlbc-sheraton-bucks-county-langhorne/overview/?scid=f2ae0541-1279-4f24-b197-a979c79310b0,"[{'stars': 5, 'count': 800}, {'stars': 4, 'count': 428}, {'stars': 3, 'count': 169}, {'stars': 2, 'count': 79}, {'stars': 1, 'count': 140}]",1616,"[{'name': 'Property', 'description': 'Property', 'total_mentioned': 445, 'positive': 318, 'negative': 97, 'neutral': 30}, {'name': 'Service', 'description': 'Service', 'total_mentioned': 457, 'positive': 333, 'negative': 99, 'neutral': 25}, {'name': 'Cleanliness', 'description': 'Cleanliness', 'total_mentioned': 303, 'positive': 215, 'negative': 73, 'neutral': 15}, {'name': 'Wi-Fi', 'description': 'Wi-Fi', 'total_mentioned': 11, 'positive': 3, 'negative': 7, 'neutral': 1}, {'name': 'Safety', 'description': 'Safety', 'total_mentioned': 15, 'positive': 0, 'negative': 11, 'neutral': 4}, {'name': 'Air Conditioning', 'description': 'Air conditioning', 'total_mentioned': 19, 'positive': 2, 'negative': 13, 'neutral': 4}]"
Inn of the Dove at Bensalem-Jacuzzi & Fireplace Suites,"All-suites hotel featuring themed, romantic quarters with whirlpool tubs, fireplaces & kitchenettes.","{'latitude': 40.127098, 'longitude': -74.96726509999999}",2,https://www.dovesuites.com/,"[{'stars': 5, 'count': 593}, {'stars': 4, 'count': 222}, {'stars': 3, 'count': 87}, {'stars': 2, 'count': 49}, {'stars': 1, 'count': 143}]",1094,"[{'name': 'Couples', 'description': 'Couple friendly', 'total_mentioned': 112, 'positive': 88, 'negative': 13, 'neutral': 11}, {'name': 'Hot Tub', 'description': 'Hot tub', 'total_mentioned': 110, 'positive': 60, 'negative': 42, 'neutral': 8}, {'name': 'Fitness', 'description': 'Fitness', 'total_mentioned': 28, 'positive': 14, 'negative': 6, 'neutral': 8}, {'name': 'Wellness', 'description': 'Wellness', 'total_mentioned': 6, 'positive': 2, 'negative': 4, 'neutral': 0}, {'name': 'Wi-Fi', 'description': 'Wi-Fi', 'total_mentioned': 10, 'positive': 2, 'negative': 6, 'neutral': 2}, {'name': 'Breakfast', 'description': 'Breakfast', 'total_mentioned': 24, 'positive': 7, 'negative': 10, 'neutral': 7}]"
The Inn at Bowman's Hill,Elegant B&B on a 5-acre estate offering 2-person whirlpool tubs & an outdoor pool.,"{'latitude': 40.322689, 'longitude': -74.93955989999999}",4,http://www.theinnatbowmanshill.com/,"[{'stars': 5, 'count': 262}, {'stars': 4, 'count': 5}, {'stars': 3, 'count': 1}, {'stars': 2, 'count': 0}, {'stars': 1, 'count': 3}]",271,"[{'name': 'Service', 'description': 'Service', 'total_mentioned': 148, 'positive': 145, 'negative': 3, 'neutral': 0}, {'name': 'Property', 'description': 'Property', 'total_mentioned': 120, 'positive': 117, 'negative': 2, 'neutral': 1}, {'name': 'Breakfast', 'description': 'Breakfast', 'total_mentioned': 118, 'positive': 115, 'negative': 1, 'neutral': 2}]"
SpringHill Suites Ewing Princeton South,"Relaxed all-suite hotel with free WiFi, breakfast & airport transfers, plus an indoor pool & a bar.","{'latitude': 40.288277, 'longitude': -74.797478}",3,https://www.marriott.com/en-us/hotels/ttnsh-springhill-suites-ewing-princeton-south/overview/?scid=f2ae0541-1279-4f24-b197-a979c79310b0,"[{'stars': 5, 'count': 377}, {'stars': 4, 'count': 187}, {'stars': 3, 'count': 52}, {'stars': 2, 'count': 21}, {'stars': 1, 'count': 43}]",680,"[{'name': 'Service', 'description': 'Service', 'total_mentioned': 202, 'positive': 150, 'negative': 42, 'neutral': 10}, {'name': 'Property', 'description': 'Property', 'total_mentioned': 207, 'positive': 165, 'negative': 27, 'neutral': 15}, {'name': 'Cleanliness', 'description': 'Cleanliness', 'total_mentioned': 155, 'positive': 119, 'negative': 32, 'neutral': 4}, {'name': 'Bathroom', 'description': 'Bathroom and toiletries', 'total_mentioned': 54, 'positive': 17, 'negative': 32, 'neutral': 5}, {'name': 'Breakfast', 'description': 'Breakfast', 'total_mentioned': 92, 'positive': 68, 'negative': 20, 'neutral': 4}, {'name': 'Sleep', 'description': 'Sleep', 'total_mentioned': 72, 'positive': 38, 'negative': 26, 'neutral': 8}]"
Chauncey Hotel & Conference Center,"Classic rooms with free Wi-Fi in a lakeside property with a bar/restaurant, a gym & an intimate B&B.","{'latitude': 40.3447222, 'longitude': -74.7163889}",4,https://www.acc-chaunceyconferencecenter.com/,"[{'stars': 5, 'count': 242}, {'stars': 4, 'count': 80}, {'stars': 3, 'count': 31}, {'stars': 2, 'count': 14}, {'stars': 1, 'count': 24}]",391,"[{'name': 'Couples', 'description': 'Couple friendly', 'total_mentioned': 49, 'positive': 33, 'negative': 10, 'neutral': 6}, {'name': 'Business', 'description': 'Business', 'total_mentioned': 48, 'positive': 32, 'negative': 5, 'neutral': 11}, {'name': 'Dining', 'description': 'Food and Beverage', 'total_mentioned': 57, 'positive': 42, 'negative': 10, 'neutral': 5}, {'name': 'Fitness', 'description': 'Fitness', 'total_mentioned': 27, 'positive': 24, 'negative': 1, 'neutral': 2}, {'name': 'Bar', 'description': 'Bar or lounge', 'total_mentioned': 33, 'positive': 21, 'negative': 5, 'neutral': 7}, {'name': 'Breakfast', 'description': 'Breakfast', 'total_mentioned': 39, 'positive': 32, 'negative': 4, 'neutral': 3}]"
The Peacock Inn and The Perch at Peacock Inn,"Colonial-style, 18th-century mansion-turned-refined boutique hotel with fine dining & a chic bar.","{'latitude': 40.3491084, 'longitude': -74.6654561}",3,http://www.peacockinn.com/,"[{'stars': 5, 'count': 284}, {'stars': 4, 'count': 48}, {'stars': 3, 'count': 23}, {'stars': 2, 'count': 17}, {'stars': 1, 'count': 16}]",388,"[{'name': 'Breakfast', 'description': 'Breakfast', 'total_mentioned': 55, 'positive': 40, 'negative': 7, 'neutral': 8}, {'name': 'Couples', 'description': 'Couple friendly', 'total_mentioned': 18, 'positive': 12, 'negative': 0, 'neutral': 6}, {'name': 'Bathroom', 'description': 'Bathroom and toiletries', 'total_mentioned': 13, 'positive': 7, 'negative': 4, 'neutral': 2}, {'name': 'Parking', 'description': 'Parking', 'total_mentioned': 15, 'positive': 13, 'negative': 1, 'neutral': 1}, {'name': 'Sleep', 'description': 'Sleep', 'total_mentioned': 17, 'positive': 4, 'negative': 11, 'neutral': 2}, {'name': 'Room', 'description': 'Room amenities', 'total_mentioned': 12, 'positive': 5, 'negative': 5, 'neutral': 2}]"
Courtyard Ewing Princeton,"Hotel offering contemporary rooms & an indoor pool, plus freebies such as an area shuttle & WiFi.","{'latitude': 40.286077999999996, 'longitude': -74.81005499999999}",3,https://www.marriott.com/en-us/hotels/ttnet-courtyard-ewing-princeton/overview/?scid=f2ae0541-1279-4f24-b197-a979c79310b0,"[{'stars': 5, 'count': 266}, {'stars': 4, 'count': 166}, {'stars': 3, 'count': 61}, {'stars': 2, 'count': 30}, {'stars': 1, 'count': 37}]",560,"[{'name': 'Hot Tub', 'description': 'Hot tub', 'total_mentioned': 8, 'positive': 5, 'negative': 2, 'neutral': 1}, {'name': 'Wi-Fi', 'description': 'Wi-Fi', 'total_mentioned': 5, 'positive': 4, 'negative': 1, 'neutral': 0}, {'name': 'Service', 'description': 'Service', 'total_mentioned': 163, 'positive': 124, 'negative': 29, 'neutral': 10}, {'name': 'Property', 'description': 'Property', 'total_mentioned': 164, 'positive': 126, 'negative': 24, 'neutral': 14}, {'name': 'Cleanliness', 'description': 'Cleanliness', 'total_mentioned': 108, 'positive': 87, 'negative': 20, 'neutral': 1}, {'name': 'Sleep', 'description': 'Sleep', 'total_mentioned': 54, 'positive': 28, 'negative': 21, 'neutral': 5}]"
SpringHill Suites Philadelphia Langhorne,"Relaxed all-suite hotel featuring an indoor pool & a gym, plus complimentary Wi-Fi & breakfast.","{'latitude': 40.187396, 'longitude': -74.8706849}",2,https://www.marriott.com/en-us/hotels/phlsp-springhill-suites-philadelphia-langhorne/overview/?scid=f2ae0541-1279-4f24-b197-a979c79310b0,"[{'stars': 5, 'count': 311}, {'stars': 4, 'count': 178}, {'stars': 3, 'count': 77}, {'stars': 2, 'count': 49}, {'stars': 1, 'count': 104}]",719,"[{'name': 'Location', 'description': 'Location', 'total_mentioned': 140, 'positive': 103, 'negative': 13, 'neutral': 24}, {'name': 'Atmosphere', 'description': 'Atmosphere', 'total_mentioned': 38, 'positive': 38, 'negative': 0, 'neutral': 0}, {'name': 'TV', 'description': 'Room entertainment', 'total_mentioned': 13, 'positive': 4, 'negative': 8, 'neutral': 1}, {'name': 'Safety', 'description': 'Safety', 'total_mentioned': 13, 'positive': 4, 'negative': 9, 'neutral': 0}, {'name': 'Business', 'description': 'Business', 'total_mentioned': 17, 'positive': 3, 'negative': 12, 'neutral': 2}]"
Inn at Glencairn Princeton,"Upscale country B&B that includes antiques, free Wi-Fi & a breakfast with local, organic ingredients.","{'latitude': 40.3119519, 'longitude': -74.7096785}",4,https://www.innatglencairn.com/,"[{'stars': 5, 'count': 133}, {'stars': 4, 'count': 11}, {'stars': 3, 'count': 1}, {'stars': 2, 'count': 1}, {'stars': 1, 'count': 2}]",148,"[{'name': 'Breakfast', 'description': 'Breakfast', 'total_mentioned': 69, 'positive': 66, 'negative': 2, 'neutral': 1}, {'name': 'Couples', 'description': 'Couple friendly', 'total_mentioned': 13, 'positive': 9, 'negative': 0, 'neutral': 4}, {'name': 'Restaurant', 'description': 'Restaurant', 'total_mentioned': 39, 'positive': 39, 'negative': 0, 'neutral': 0}, {'name': 'Business', 'description': 'Business', 'total_mentioned': 6, 'positive': 5, 'negative': 1, 'neutral': 0}, {'name': 'Location', 'description': 'Location', 'total_mentioned': 23, 'positive': 21, 'negative': 1, 'neutral': 1}, {'name': 'Bar', 'description': 'Bar or lounge', 'total_mentioned': 11, 'positive': 10, 'negative': 1, 'neutral': 0}]"
Princeton Marriott at Forrestal,"Polished hotel featuring casual dining, plus an indoor pool, a spa & a fitness center.","{'latitude': 40.3553827, 'longitude': -74.5990158}",3,https://www.marriott.com/en-us/hotels/ttndf-princeton-marriott-at-forrestal/overview/?scid=f2ae0541-1279-4f24-b197-a979c79310b0,"[{'stars': 5, 'count': 665}, {'stars': 4, 'count': 309}, {'stars': 3, 'count': 88}, {'stars': 2, 'count': 24}, {'stars': 1, 'count': 36}]",1122,"[{'name': 'Wellness', 'description': 'Wellness', 'total_mentioned': 23, 'positive': 21, 'negative': 1, 'neutral': 1}, {'name': 'Property', 'description': 'Property', 'total_mentioned': 282, 'positive': 231, 'negative': 35, 'neutral': 16}, {'name': 'Service', 'description': 'Service', 'total_mentioned': 230, 'positive': 197, 'negative': 22, 'neutral': 11}, {'name': 'Couples', 'description': 'Couple friendly', 'total_mentioned': 28, 'positive': 21, 'negative': 2, 'neutral': 5}, {'name': 'Spa', 'description': 'Spa', 'total_mentioned': 11, 'positive': 11, 'negative': 0, 'neutral': 0}, {'name': 'Cleanliness', 'description': 'Cleanliness', 'total_mentioned': 112, 'positive': 88, 'negative': 18, 'neutral': 6}]"
River House at Odette's,"Choice riverside hotel in a brick building with a swanky restaurant, a piano lounge & a rooftop bar.","{'latitude': 40.3556673, 'longitude': -74.9483225}",N/A,https://www.riverhousenewhope.com/,"[{'stars': 5, 'count': 395}, {'stars': 4, 'count': 71}, {'stars': 3, 'count': 60}, {'stars': 2, 'count': 52}, {'stars': 1, 'count': 71}]",649,"[{'name': 'Bar', 'description': 'Bar or lounge', 'total_mentioned': 147, 'positive': 94, 'negative': 40, 'neutral': 13}, {'name': 'Parking', 'description': 'Parking', 'total_mentioned': 107, 'positive': 34, 'negative': 63, 'neutral': 10}, {'name': 'Nightlife', 'description': 'Nightlife', 'total_mentioned': 50, 'positive': 32, 'negative': 9, 'neutral': 9}, {'name': 'Dining', 'description': 'Food and Beverage', 'total_mentioned': 218, 'positive': 124, 'negative': 69, 'neutral': 25}, {'name': 'Couples', 'description': 'Couple friendly', 'total_mentioned': 72, 'positive': 48, 'negative': 14, 'neutral': 10}, {'name': 'Nature', 'description': 'Nature and outdoor activities', 'total_mentioned': 41, 'positive': 41, 'negative': 0, 'neutral': 0}]"
Carriage House of New Hope,"Charming inn featuring complimentary breakfast, plus a cozy lounge & river views.","{'latitude': 40.3618589, 'longitude': -74.9500726}",2,http://www.carriagehouseofnewhope.com/,"[{'stars': 5, 'count': 19}, {'stars': 4, 'count': 3}, {'stars': 3, 'count': 0}, {'stars': 2, 'count': 0}, {'stars': 1, 'count': 2}]",24,"[{'name': 'Room', 'description': 'Room amenities', 'total_mentioned': 10, 'positive': 9, 'negative': 1, 'neutral': 0}, {'name': 'Property', 'description': 'Property', 'total_mentioned': 9, 'positive': 9, 'negative': 0, 'neutral': 0}, {'name': 'Location', 'description': 'Location', 'total_mentioned': 7, 'positive': 6, 'negative': 1, 'neutral': 0}, {'name': 'Atmosphere', 'description': 'Atmosphere', 'total_mentioned': 5, 'positive': 5, 'negative': 0, 'neutral': 0}, {'name': 'Service', 'description': 'Service', 'total_mentioned': 5, 'positive': 4, 'negative': 1, 'neutral': 0}]"
Hotel Du Village,"Boutique hotel on a remodeled country estate offering modern rooms, an outdoor pool & tennis courts.","{'latitude': 40.3811371, 'longitude': -74.9659468}",3,https://landmarkvenues.com/venues/hotel-du-village-bucks-county-pa/,"[{'stars': 5, 'count': 271}, {'stars': 4, 'count': 78}, {'stars': 3, 'count': 22}, {'stars': 2, 'count': 10}, {'stars': 1, 'count': 23}]",404,"[{'name': 'Couples', 'description': 'Couple friendly', 'total_mentioned': 139, 'positive': 107, 'negative': 13, 'neutral': 19}, {'name': 'Service', 'description': 'Service', 'total_mentioned': 116, 'positive': 95, 'negative': 19, 'neutral': 2}, {'name': 'Property', 'description': 'Property', 'total_mentioned': 77, 'positive': 58, 'negative': 12, 'neutral': 7}, {'name': 'Bathroom', 'description': 'Bathroom and toiletries', 'total_mentioned': 20, 'positive': 4, 'negative': 14, 'neutral': 2}, {'name': 'Sleep', 'description': 'Sleep', 'total_mentioned': 17, 'positive': 1, 'negative': 13, 'neutral': 3}]"
Logan Inn in New Hope PA,"Upscale 18th-century lodging offering rooms with period furnishings & free WiFi, plus 2 restaurants.","{'latitude': 40.3633355, 'longitude': -74.95159919999999}",3,http://loganinn.com/,"[{'stars': 5, 'count': 508}, {'stars': 4, 'count': 203}, {'stars': 3, 'count': 74}, {'stars': 2, 'count': 40}, {'stars': 1, 'count': 56}]",881,"[{'name': 'Bar', 'description': 'Bar or lounge', 'total_mentioned': 159, 'positive': 100, 'negative': 41, 'neutral': 18}, {'name': 'Dining', 'description': 'Food and Beverage', 'total_mentioned': 255, 'positive': 180, 'negative': 55, 'neutral': 20}, {'name': 'Nightlife', 'description': 'Nightlife', 'total_mentioned': 25, 'positive': 17, 'negative': 4, 'neutral': 4}, {'name': 'Breakfast', 'description': 'Breakfast', 'total_mentioned': 96, 'positive': 75, 'negative': 16, 'neutral': 5}, {'name': 'Property', 'description': 'Property', 'total_mentioned': 191, 'positive': 154, 'negative': 23, 'neutral': 14}, {'name': 'Kitchen', 'description': 'Kitchen', 'total_mentioned': 17, 'positive': 5, 'negative': 11, 'neutral': 1}]"
Courtyard Hamilton,N/A,"{'latitude': 40.1875687, 'longitude': -74.65668269999999}",3,https://www.marriott.com/en-us/hotels/ttnch-courtyard-hamilton/overview/?scid=f2ae0541-1279-4f24-b197-a979c79310b0,"[{'stars': 5, 'count': 152}, {'stars': 4, 'count': 26}, {'stars': 3, 'count': 7}, {'stars': 2, 'count': 6}, {'stars': 1, 'count': 12}]",203,"[{'name': 'Service', 'description': 'Service', 'total_mentioned': 76, 'positive': 59, 'negative': 11, 'neutral': 6}, {'name': 'Property', 'description': 'Property', 'total_mentioned': 79, 'positive': 71, 'negative': 6, 'neutral': 2}, {'name': 'Cleanliness', 'description': 'Cleanliness', 'total_mentioned': 57, 'positive': 47, 'negative': 5, 'neutral': 5}, {'name': 'Bathroom', 'description': 'Bathroom and toiletries', 'total_mentioned': 22, 'positive': 11, 'negative': 9, 'neutral': 2}, {'name': 'Sleep', 'description': 'Sleep', 'total_mentioned': 18, 'positive': 10, 'negative': 5, 'neutral': 3}, {'name': 'Bar', 'description': 'Bar or lounge', 'total_mentioned': 21, 'positive': 15, 'negative': 5, 'neutral': 1}]"
Hyatt Regency Princeton,"Upscale hotel with a refined restaurant/bar & a comedy club, plus an indoor pool & meeting space.","{'latitude': 40.324292899999996, 'longitude': -74.64460559999999}",4,https://www.hyatt.com/hyatt-regency/en-US/princ-hyatt-regency-princeton?src=corp_lclb_google_seo_princ&%3Futm_source=google&utm_medium=organic&utm_campaign=lmr,"[{'stars': 5, 'count': 1142}, {'stars': 4, 'count': 561}, {'stars': 3, 'count': 189}, {'stars': 2, 'count': 59}, {'stars': 1, 'count': 74}]",2025,"[{'name': 'Couples', 'description': 'Couple friendly', 'total_mentioned': 65, 'positive': 41, 'negative': 11, 'neutral': 13}, {'name': 'Dining', 'description': 'Food and Beverage', 'total_mentioned': 130, 'positive': 88, 'negative': 26, 'neutral': 16}, {'name': 'Business', 'description': 'Business', 'total_mentioned': 123, 'positive': 70, 'negative': 16, 'neutral': 37}, {'name': 'Bar', 'description': 'Bar or lounge', 'total_mentioned': 95, 'positive': 63, 'negative': 23, 'neutral': 9}, {'name': 'Fitness', 'description': 'Fitness', 'total_mentioned': 87, 'positive': 58, 'negative': 22, 'neutral': 7}, {'name': 'Pool', 'description': 'Pool', 'total_mentioned': 44, 'positive': 37, 'negative': 6, 'neutral': 1}]"
Lambertville House,"19th-century hotel with unique decor, marble baths & free WiFi, plus a colonial-style eatery/bar.","{'latitude': 40.3657639, 'longitude': -74.94512499999999}",3,http://www.lambertvillehouse.com/,"[{'stars': 5, 'count': 300}, {'stars': 4, 'count': 97}, {'stars': 3, 'count': 26}, {'stars': 2, 'count': 16}, {'stars': 1, 'count': 31}]",470,"[{'name': 'Hot Tub', 'description': 'Hot tub', 'total_mentioned': 9, 'positive': 5, 'negative': 3, 'neutral': 1}, {'name': 'Service', 'description': 'Service', 'total_mentioned': 126, 'positive': 93, 'negative': 29, 'neutral': 4}, {'name': 'Bar', 'description': 'Bar or lounge', 'total_mentioned': 101, 'positive': 73, 'negative': 19, 'neutral': 9}, {'name': 'Dining', 'description': 'Food and Beverage', 'total_mentioned': 123, 'positive': 90, 'negative': 24, 'neutral': 9}, {'name': 'Property', 'description': 'Property', 'total_mentioned': 107, 'positive': 93, 'negative': 8, 'neutral': 6}, {'name': 'Breakfast', 'description': 'Breakfast', 'total_mentioned': 48, 'positive': 39, 'negative': 6, 'neutral': 3}]"
