Name,Description,Coordinates,Hotel Class,Link,Ratings,Reviews,Reviews Breakdown
Residence Inn Cherry Hill Philadelphia,"Informal all-suite hotel featuring a seasonal outdoor pool, plus free Wi-Fi, snacks & breakfast.","{'latitude': 39.9092099, 'longitude': -74.9794618}",3,https://www.marriott.com/en-us/hotels/phlch-residence-inn-cherry-hill-philadelphia/overview/?scid=f2ae0541-1279-4f24-b197-a979c79310b0,"[{'stars': 5, 'count': 260}, {'stars': 4, 'count': 150}, {'stars': 3, 'count': 68}, {'stars': 2, 'count': 18}, {'stars': 1, 'count': 79}]",575,"[{'name': 'Pets', 'description': 'Pets', 'total_mentioned': 11, 'positive': 5, 'negative': 4, 'neutral': 2}, {'name': 'Business', 'description': 'Business', 'total_mentioned': 18, 'positive': 5, 'negative': 9, 'neutral': 4}, {'name': 'Restaurant', 'description': 'Restaurant', 'total_mentioned': 29, 'positive': 24, 'negative': 2, 'neutral': 3}, {'name': 'Gym', 'description': 'Gym', 'total_mentioned': 10, 'positive': 7, 'negative': 3, 'neutral': 0}, {'name': 'Pool', 'description': 'Pool', 'total_mentioned': 10, 'positive': 9, 'negative': 1, 'neutral': 0}, {'name': 'Wi-Fi', 'description': 'Wi-Fi', 'total_mentioned': 9, 'positive': 1, 'negative': 7, 'neutral': 1}]"
Lokal Hotel Fishtown,"Polished apartment hotel offering a courtyard, plus airy units with kitchens & Wi-Fi.","{'latitude': 39.9724377, 'longitude': -75.13498229999999}",N/A,http://staylokal.com/lokal-location/fishtown-boutique-hotel/,"[{'stars': 5, 'count': 178}, {'stars': 4, 'count': 13}, {'stars': 3, 'count': 2}, {'stars': 2, 'count': 1}, {'stars': 1, 'count': 0}]",194,"[{'name': 'Location', 'description': 'Location', 'total_mentioned': 71, 'positive': 67, 'negative': 1, 'neutral': 3}, {'name': 'Property', 'description': 'Property', 'total_mentioned': 88, 'positive': 83, 'negative': 2, 'neutral': 3}, {'name': 'Couples', 'description': 'Couple friendly', 'total_mentioned': 9, 'positive': 8, 'negative': 0, 'neutral': 1}, {'name': 'Safety', 'description': 'Safety', 'total_mentioned': 18, 'positive': 17, 'negative': 0, 'neutral': 1}, {'name': 'Kitchen', 'description': 'Kitchen', 'total_mentioned': 18, 'positive': 18, 'negative': 0, 'neutral': 0}, {'name': 'Room', 'description': 'Room amenities', 'total_mentioned': 29, 'positive': 27, 'negative': 2, 'neutral': 0}]"
The Dwight D Hotel,"Boutique hotel in an 1840s townhouse, offering elegant rooms with free WiFi, plus dining & a garden.","{'latitude': 39.9479616, 'longitude': -75.16814110000001}",4,http://www.thedwightd.com/,"[{'stars': 5, 'count': 110}, {'stars': 4, 'count': 4}, {'stars': 3, 'count': 0}, {'stars': 2, 'count': 0}, {'stars': 1, 'count': 2}]",116,"[{'name': 'Couples', 'description': 'Couple friendly', 'total_mentioned': 8, 'positive': 7, 'negative': 0, 'neutral': 1}, {'name': 'Service', 'description': 'Service', 'total_mentioned': 58, 'positive': 55, 'negative': 2, 'neutral': 1}, {'name': 'Property', 'description': 'Property', 'total_mentioned': 72, 'positive': 71, 'negative': 0, 'neutral': 1}, {'name': 'Location', 'description': 'Location', 'total_mentioned': 41, 'positive': 40, 'negative': 0, 'neutral': 1}, {'name': 'Room', 'description': 'Room amenities', 'total_mentioned': 14, 'positive': 13, 'negative': 1, 'neutral': 0}, {'name': 'Atmosphere', 'description': 'Atmosphere', 'total_mentioned': 18, 'positive': 18, 'negative': 0, 'neutral': 0}]"
Morris House Hotel,"Landmark 1787 property featuring elegant rooms, plus free breakfast, Wi-Fi & afternoon tea.","{'latitude': 39.9473547, 'longitude': -75.1542882}",3,https://morrishousehotel.com/,"[{'stars': 5, 'count': 309}, {'stars': 4, 'count': 49}, {'stars': 3, 'count': 13}, {'stars': 2, 'count': 5}, {'stars': 1, 'count': 5}]",381,"[{'name': 'Couples', 'description': 'Couple friendly', 'total_mentioned': 27, 'positive': 24, 'negative': 0, 'neutral': 3}, {'name': 'Breakfast', 'description': 'Breakfast', 'total_mentioned': 48, 'positive': 42, 'negative': 2, 'neutral': 4}, {'name': 'Service', 'description': 'Service', 'total_mentioned': 111, 'positive': 105, 'negative': 5, 'neutral': 1}, {'name': 'Property', 'description': 'Property', 'total_mentioned': 134, 'positive': 122, 'negative': 7, 'neutral': 5}, {'name': 'Location', 'description': 'Location', 'total_mentioned': 80, 'positive': 70, 'negative': 3, 'neutral': 7}, {'name': 'Bar', 'description': 'Bar or lounge', 'total_mentioned': 33, 'positive': 27, 'negative': 1, 'neutral': 5}]"
Lokal Hotel Old City,Airy 1- to 2-bedroom apartments in a polished boutique hotel offering free Wi-Fi.,"{'latitude': 39.953276699999996, 'longitude': -75.14486409999999}",3,https://staylokal.com/hotels/old-city-boutique-hotel/,"[{'stars': 5, 'count': 133}, {'stars': 4, 'count': 15}, {'stars': 3, 'count': 7}, {'stars': 2, 'count': 2}, {'stars': 1, 'count': 0}]",157,"[{'name': 'Kitchen', 'description': 'Kitchen', 'total_mentioned': 26, 'positive': 24, 'negative': 2, 'neutral': 0}, {'name': 'Location', 'description': 'Location', 'total_mentioned': 63, 'positive': 59, 'negative': 1, 'neutral': 3}, {'name': 'Room', 'description': 'Room amenities', 'total_mentioned': 32, 'positive': 19, 'negative': 8, 'neutral': 5}, {'name': 'Property', 'description': 'Property', 'total_mentioned': 83, 'positive': 74, 'negative': 2, 'neutral': 7}, {'name': 'Family', 'description': 'Family friendly', 'total_mentioned': 13, 'positive': 11, 'negative': 0, 'neutral': 2}, {'name': 'Couples', 'description': 'Couple friendly', 'total_mentioned': 7, 'positive': 7, 'negative': 0, 'neutral': 0}]"
Wyndham Philadelphia Historic District,"Relaxed lodging offering a seasonal rooftop pool & free Wi-Fi, plus a bar & contemporary dining.","{'latitude': 39.952223499999995, 'longitude': -75.14728319999999}",3,https://www.wyndhamhotels.com/wyndham/philadelphia-pennsylvania/wyndham-philadelphia-historic-district/overview?CID=LC:46q62bu8edfbx3y:47153&iata=00093796,"[{'stars': 5, 'count': 1213}, {'stars': 4, 'count': 941}, {'stars': 3, 'count': 458}, {'stars': 2, 'count': 191}, {'stars': 1, 'count': 215}]",3018,"[{'name': 'Location', 'description': 'Location', 'total_mentioned': 807, 'positive': 665, 'negative': 73, 'neutral': 69}, {'name': 'Service', 'description': 'Service', 'total_mentioned': 834, 'positive': 574, 'negative': 201, 'neutral': 59}, {'name': 'Cleanliness', 'description': 'Cleanliness', 'total_mentioned': 580, 'positive': 344, 'negative': 192, 'neutral': 44}, {'name': 'Parking', 'description': 'Parking', 'total_mentioned': 222, 'positive': 79, 'negative': 106, 'neutral': 37}, {'name': 'Bathroom', 'description': 'Bathroom and toiletries', 'total_mentioned': 249, 'positive': 35, 'negative': 200, 'neutral': 14}, {'name': 'Property', 'description': 'Property', 'total_mentioned': 877, 'positive': 540, 'negative': 251, 'neutral': 86}]"
Four Seasons Hotel Philadelphia at Comcast Center,"Luxury hotel offering stylish rooms & suites, plus a spa with an indoor pool & a sleek restaurant.","{'latitude': 39.9552237, 'longitude': -75.1709748}",5,https://www.fourseasons.com/philadelphia/?utm_source=google&utm_medium=organicsearch&utm_campaign=tor-phi-hre-mid-seo-na&utm_content=na-na&utm_term=na,"[{'stars': 5, 'count': 804}, {'stars': 4, 'count': 75}, {'stars': 3, 'count': 22}, {'stars': 2, 'count': 8}, {'stars': 1, 'count': 34}]",943,"[{'name': 'Wellness', 'description': 'Wellness', 'total_mentioned': 45, 'positive': 38, 'negative': 6, 'neutral': 1}, {'name': 'Spa', 'description': 'Spa', 'total_mentioned': 36, 'positive': 31, 'negative': 4, 'neutral': 1}, {'name': 'Nature', 'description': 'Nature and outdoor activities', 'total_mentioned': 42, 'positive': 41, 'negative': 0, 'neutral': 1}, {'name': 'Fitness', 'description': 'Fitness', 'total_mentioned': 72, 'positive': 65, 'negative': 4, 'neutral': 3}, {'name': 'Pool', 'description': 'Pool', 'total_mentioned': 40, 'positive': 38, 'negative': 0, 'neutral': 2}, {'name': 'Bar', 'description': 'Bar or lounge', 'total_mentioned': 99, 'positive': 66, 'negative': 15, 'neutral': 18}]"
Philadelphia Hotel Bella Vista,"Quirky rooms & suites with antique furnishings, plus a garden & Wi-Fi.","{'latitude': 39.9401977, 'longitude': -75.1594547}",3,http://www.philadelphiahotelbellavista.com/,"[{'stars': 5, 'count': 70}, {'stars': 4, 'count': 28}, {'stars': 3, 'count': 5}, {'stars': 2, 'count': 2}, {'stars': 1, 'count': 2}]",107,"[{'name': 'Breakfast', 'description': 'Breakfast', 'total_mentioned': 16, 'positive': 7, 'negative': 2, 'neutral': 7}, {'name': 'Property', 'description': 'Property', 'total_mentioned': 58, 'positive': 52, 'negative': 4, 'neutral': 2}, {'name': 'Location', 'description': 'Location', 'total_mentioned': 34, 'positive': 33, 'negative': 0, 'neutral': 1}, {'name': 'Restaurant', 'description': 'Restaurant', 'total_mentioned': 9, 'positive': 5, 'negative': 2, 'neutral': 2}, {'name': 'Bathroom', 'description': 'Bathroom and toiletries', 'total_mentioned': 13, 'positive': 7, 'negative': 4, 'neutral': 2}, {'name': 'Parking', 'description': 'Parking', 'total_mentioned': 8, 'positive': 2, 'negative': 3, 'neutral': 3}]"
Sonesta Philadelphia Rittenhouse Square,"Contemporary rooms in a sleek high-rise lodging offering Wi-Fi, a bar/eatery & a rooftop pool.","{'latitude': 39.9529083, 'longitude': -75.1705983}",4,https://www.sonesta.com/sonesta-hotels-resorts/pa/philadelphia/sonesta-philadelphia-rittenhouse-square,"[{'stars': 5, 'count': 1406}, {'stars': 4, 'count': 887}, {'stars': 3, 'count': 289}, {'stars': 2, 'count': 91}, {'stars': 1, 'count': 151}]",2824,"[{'name': 'Service', 'description': 'Service', 'total_mentioned': 748, 'positive': 591, 'negative': 123, 'neutral': 34}, {'name': 'Fitness', 'description': 'Fitness', 'total_mentioned': 139, 'positive': 76, 'negative': 49, 'neutral': 14}, {'name': 'Parking', 'description': 'Parking', 'total_mentioned': 248, 'positive': 98, 'negative': 118, 'neutral': 32}, {'name': 'Location', 'description': 'Location', 'total_mentioned': 537, 'positive': 467, 'negative': 38, 'neutral': 32}, {'name': 'Pool', 'description': 'Pool', 'total_mentioned': 68, 'positive': 50, 'negative': 11, 'neutral': 7}, {'name': 'Cleanliness', 'description': 'Cleanliness', 'total_mentioned': 493, 'positive': 365, 'negative': 109, 'neutral': 19}]"
Alexander Inn,"Art deco-style hotel offering relaxed rooms with minifridges, plus all-day snacks & breakfast.","{'latitude': 39.9462925, 'longitude': -75.1609939}",3,https://www.alexanderinn.com/,"[{'stars': 5, 'count': 355}, {'stars': 4, 'count': 155}, {'stars': 3, 'count': 50}, {'stars': 2, 'count': 10}, {'stars': 1, 'count': 33}]",603,"[{'name': 'Breakfast', 'description': 'Breakfast', 'total_mentioned': 81, 'positive': 49, 'negative': 18, 'neutral': 14}, {'name': 'Service', 'description': 'Service', 'total_mentioned': 212, 'positive': 183, 'negative': 20, 'neutral': 9}, {'name': 'Restaurant', 'description': 'Restaurant', 'total_mentioned': 53, 'positive': 34, 'negative': 11, 'neutral': 8}, {'name': 'Location', 'description': 'Location', 'total_mentioned': 166, 'positive': 146, 'negative': 4, 'neutral': 16}, {'name': 'Property', 'description': 'Property', 'total_mentioned': 233, 'positive': 181, 'negative': 26, 'neutral': 26}, {'name': 'Parking', 'description': 'Parking', 'total_mentioned': 41, 'positive': 18, 'negative': 14, 'neutral': 9}]"
Penn's View Hotel,"Relaxed hotel with warm rooms rooms & an Italian restaurant, plus WiFi & continental breakfast.","{'latitude': 39.9501515, 'longitude': -75.1420964}",3,https://www.pennsviewhotel.com/,"[{'stars': 5, 'count': 483}, {'stars': 4, 'count': 179}, {'stars': 3, 'count': 50}, {'stars': 2, 'count': 12}, {'stars': 1, 'count': 7}]",731,"[{'name': 'Hot Tub', 'description': 'Hot tub', 'total_mentioned': 18, 'positive': 12, 'negative': 3, 'neutral': 3}, {'name': 'Breakfast', 'description': 'Breakfast', 'total_mentioned': 79, 'positive': 52, 'negative': 14, 'neutral': 13}, {'name': 'Dining', 'description': 'Food and Beverage', 'total_mentioned': 103, 'positive': 87, 'negative': 7, 'neutral': 9}, {'name': 'Service', 'description': 'Service', 'total_mentioned': 205, 'positive': 181, 'negative': 15, 'neutral': 9}, {'name': 'Location', 'description': 'Location', 'total_mentioned': 174, 'positive': 152, 'negative': 7, 'neutral': 15}, {'name': 'Restaurant', 'description': 'Restaurant', 'total_mentioned': 48, 'positive': 25, 'negative': 8, 'neutral': 15}]"
Inn At The Union League,Elegant guest rooms & suites with free breakfast & gym access are offered at The Union League.,"{'latitude': 39.9499873, 'longitude': -75.16458659999999}",3,https://www.unionleague.org/,"[{'stars': 5, 'count': 27}, {'stars': 4, 'count': 3}, {'stars': 3, 'count': 1}, {'stars': 2, 'count': 0}, {'stars': 1, 'count': 1}]",32,N/A
"The Logan Philadelphia, Curio Collection by Hilton","Contemporary rooms & suites in a sleek property with a chic steakhouse, a rooftop bar & a posh spa.","{'latitude': 39.9569323, 'longitude': -75.1702705}",4,https://www.hilton.com/en/hotels/phlqqqq-the-logan-philadelphia/?SEO_id=GMB-AMER-QQ-PHLQQQQ&y_source=1_Mjg1Njc0NC03MTUtbG9jYXRpb24ud2Vic2l0ZQ%3D%3D,"[{'stars': 5, 'count': 1709}, {'stars': 4, 'count': 629}, {'stars': 3, 'count': 227}, {'stars': 2, 'count': 122}, {'stars': 1, 'count': 229}]",2916,"[{'name': 'Service', 'description': 'Service', 'total_mentioned': 785, 'positive': 514, 'negative': 220, 'neutral': 51}, {'name': 'Wellness', 'description': 'Wellness', 'total_mentioned': 56, 'positive': 39, 'negative': 14, 'neutral': 3}, {'name': 'Spa', 'description': 'Spa', 'total_mentioned': 46, 'positive': 34, 'negative': 9, 'neutral': 3}, {'name': 'Fitness', 'description': 'Fitness', 'total_mentioned': 141, 'positive': 87, 'negative': 41, 'neutral': 13}, {'name': 'Bar', 'description': 'Bar or lounge', 'total_mentioned': 286, 'positive': 203, 'negative': 52, 'neutral': 31}, {'name': 'Couples', 'description': 'Couple friendly', 'total_mentioned': 61, 'positive': 28, 'negative': 20, 'neutral': 13}]"
Cambria Hotel Philadelphia Downtown Center City,"Relaxed lodging offering laid-back rooms, along with a restaurant, a bar & a fitness center.","{'latitude': 39.9486274, 'longitude': -75.164198}",3,https://www.choicehotels.com/pennsylvania/philadelphia/cambria-hotels/pa776?mc=llgoxxpx,"[{'stars': 5, 'count': 778}, {'stars': 4, 'count': 279}, {'stars': 3, 'count': 112}, {'stars': 2, 'count': 75}, {'stars': 1, 'count': 155}]",1399,"[{'name': 'Service', 'description': 'Service', 'total_mentioned': 477, 'positive': 278, 'negative': 161, 'neutral': 38}, {'name': 'Parking', 'description': 'Parking', 'total_mentioned': 133, 'positive': 43, 'negative': 66, 'neutral': 24}, {'name': 'Bathroom', 'description': 'Bathroom and toiletries', 'total_mentioned': 162, 'positive': 55, 'negative': 86, 'neutral': 21}, {'name': 'Cleanliness', 'description': 'Cleanliness', 'total_mentioned': 294, 'positive': 185, 'negative': 94, 'neutral': 15}, {'name': 'Location', 'description': 'Location', 'total_mentioned': 279, 'positive': 238, 'negative': 22, 'neutral': 19}, {'name': 'Property', 'description': 'Property', 'total_mentioned': 498, 'positive': 362, 'negative': 108, 'neutral': 28}]"
Motto By Hilton Philadelphia Rittenhouse Square,"Cool, modern hotel featuring understated rooms, plus a gym, a Mexican restaurant & a rooftop eatery.","{'latitude': 39.9524705, 'longitude': -75.17162619999999}",3,https://www.hilton.com/en/hotels/phlriua-motto-philadelphia-rittenhouse-square/?SEO_id=GMB-AMER-UA-PHLRIUA&y_source=1_MjM1NDQyMzUtNzE1LWxvY2F0aW9uLndlYnNpdGU%3D,"[{'stars': 5, 'count': 509}, {'stars': 4, 'count': 250}, {'stars': 3, 'count': 119}, {'stars': 2, 'count': 68}, {'stars': 1, 'count': 95}]",1041,"[{'name': 'Bar', 'description': 'Bar or lounge', 'total_mentioned': 152, 'positive': 109, 'negative': 22, 'neutral': 21}, {'name': 'Service', 'description': 'Service', 'total_mentioned': 357, 'positive': 272, 'negative': 70, 'neutral': 15}, {'name': 'Sleep', 'description': 'Sleep', 'total_mentioned': 223, 'positive': 76, 'negative': 116, 'neutral': 31}, {'name': 'Room', 'description': 'Room amenities', 'total_mentioned': 151, 'positive': 48, 'negative': 80, 'neutral': 23}, {'name': 'Location', 'description': 'Location', 'total_mentioned': 284, 'positive': 245, 'negative': 15, 'neutral': 24}, {'name': 'Bathroom', 'description': 'Bathroom and toiletries', 'total_mentioned': 140, 'positive': 39, 'negative': 85, 'neutral': 16}]"
"The Franklin on Rittenhouse, A Boutique Hotel","Victorian mansion with elegant decor & marble bathrooms, plus free Wi-Fi & continental breakfast.","{'latitude': 39.948350999999995, 'longitude': -75.1701318}",4,https://www.thefranklinonrittenhouse.com/?utm_source=google&utm_medium=organic&utm_campaign=business_listing,"[{'stars': 5, 'count': 117}, {'stars': 4, 'count': 25}, {'stars': 3, 'count': 8}, {'stars': 2, 'count': 2}, {'stars': 1, 'count': 6}]",158,"[{'name': 'Breakfast', 'description': 'Breakfast', 'total_mentioned': 23, 'positive': 19, 'negative': 3, 'neutral': 1}, {'name': 'Service', 'description': 'Service', 'total_mentioned': 61, 'positive': 55, 'negative': 3, 'neutral': 3}, {'name': 'Restaurant', 'description': 'Restaurant', 'total_mentioned': 17, 'positive': 15, 'negative': 1, 'neutral': 1}, {'name': 'Location', 'description': 'Location', 'total_mentioned': 38, 'positive': 38, 'negative': 0, 'neutral': 0}, {'name': 'Property', 'description': 'Property', 'total_mentioned': 57, 'positive': 52, 'negative': 2, 'neutral': 3}, {'name': 'Couples', 'description': 'Couple friendly', 'total_mentioned': 5, 'positive': 5, 'negative': 0, 'neutral': 0}]"
Inn On Camac,"Relaxed adults-only guesthouse offering a bar, plus compact rooms with mid-century decor.","{'latitude': 39.9475717, 'longitude': -75.16156959999999}",3,https://www.innoncamac.com/,"[{'stars': 5, 'count': 9}, {'stars': 4, 'count': 2}, {'stars': 3, 'count': 2}, {'stars': 2, 'count': 5}, {'stars': 1, 'count': 4}]",22,"[{'name': 'Bar', 'description': 'Bar or lounge', 'total_mentioned': 9, 'positive': 4, 'negative': 4, 'neutral': 1}, {'name': 'Sleep', 'description': 'Sleep', 'total_mentioned': 9, 'positive': 3, 'negative': 5, 'neutral': 1}, {'name': 'Dining', 'description': 'Food and Beverage', 'total_mentioned': 6, 'positive': 3, 'negative': 2, 'neutral': 1}, {'name': 'Location', 'description': 'Location', 'total_mentioned': 10, 'positive': 10, 'negative': 0, 'neutral': 0}, {'name': 'Cleanliness', 'description': 'Cleanliness', 'total_mentioned': 8, 'positive': 4, 'negative': 4, 'neutral': 0}, {'name': 'Property', 'description': 'Property', 'total_mentioned': 12, 'positive': 9, 'negative': 3, 'neutral': 0}]"
Kimpton Hotel Monaco Philadelphia,Glamorous rooms & suites in a posh 1907 hotel offering a hip rooftop bar & a cozy pub.,"{'latitude': 39.949141499999996, 'longitude': -75.1488833}",4,https://www.monaco-philadelphia.com/?&cm_mmc=WEB-_-KI-_-AMER-_-EN-_-EV-_-Google%20Business%20Profile-_-DD-_-monaco%20philadelphia,"[{'stars': 5, 'count': 1689}, {'stars': 4, 'count': 541}, {'stars': 3, 'count': 168}, {'stars': 2, 'count': 74}, {'stars': 1, 'count': 146}]",2618,"[{'name': 'Pets', 'description': 'Pets', 'total_mentioned': 88, 'positive': 61, 'negative': 13, 'neutral': 14}, {'name': 'Couples', 'description': 'Couple friendly', 'total_mentioned': 124, 'positive': 75, 'negative': 30, 'neutral': 19}, {'name': 'Service', 'description': 'Service', 'total_mentioned': 803, 'positive': 618, 'negative': 144, 'neutral': 41}, {'name': 'Bar', 'description': 'Bar or lounge', 'total_mentioned': 266, 'positive': 196, 'negative': 47, 'neutral': 23}, {'name': 'Location', 'description': 'Location', 'total_mentioned': 560, 'positive': 503, 'negative': 25, 'neutral': 32}, {'name': 'Property', 'description': 'Property', 'total_mentioned': 970, 'positive': 784, 'negative': 134, 'neutral': 52}]"
