Name,Description,Coordinates,Hotel Class,Link,Ratings,Reviews,Reviews Breakdown
The Dwight D Hotel,"Boutique hotel in an 1840s townhouse, offering elegant rooms with free WiFi, plus dining & a garden.","{'latitude': 39.9479616, 'longitude': -75.16814110000001}",4,http://www.thedwightd.com/,"[{'stars': 5, 'count': 110}, {'stars': 4, 'count': 4}, {'stars': 3, 'count': 0}, {'stars': 2, 'count': 0}, {'stars': 1, 'count': 2}]",116,"[{'name': 'Couples', 'description': 'Couple friendly', 'total_mentioned': 8, 'positive': 7, 'negative': 0, 'neutral': 1}, {'name': 'Service', 'description': 'Service', 'total_mentioned': 58, 'positive': 55, 'negative': 2, 'neutral': 1}, {'name': 'Property', 'description': 'Property', 'total_mentioned': 72, 'positive': 71, 'negative': 0, 'neutral': 1}, {'name': 'Location', 'description': 'Location', 'total_mentioned': 41, 'positive': 40, 'negative': 0, 'neutral': 1}, {'name': 'Room', 'description': 'Room amenities', 'total_mentioned': 14, 'positive': 13, 'negative': 1, 'neutral': 0}, {'name': 'Atmosphere', 'description': 'Atmosphere', 'total_mentioned': 18, 'positive': 18, 'negative': 0, 'neutral': 0}]"
Manayunk Chambers Guest House and QUARTERS,"Warm B&B offering individually decorated rooms with fireplaces, plus free drinks & Wi-Fi.","{'latitude': 40.0277592, 'longitude': -75.2229021}",3,https://www.manayunkchambers.com/,"[{'stars': 5, 'count': 238}, {'stars': 4, 'count': 5}, {'stars': 3, 'count': 1}, {'stars': 2, 'count': 0}, {'stars': 1, 'count': 0}]",244,"[{'name': 'Breakfast', 'description': 'Breakfast', 'total_mentioned': 147, 'positive': 141, 'negative': 1, 'neutral': 5}, {'name': 'Restaurant', 'description': 'Restaurant', 'total_mentioned': 71, 'positive': 69, 'negative': 1, 'neutral': 1}, {'name': 'Couples', 'description': 'Couple friendly', 'total_mentioned': 17, 'positive': 16, 'negative': 0, 'neutral': 1}, {'name': 'Service', 'description': 'Service', 'total_mentioned': 122, 'positive': 119, 'negative': 0, 'neutral': 3}, {'name': 'Sleep', 'description': 'Sleep', 'total_mentioned': 62, 'positive': 59, 'negative': 0, 'neutral': 3}, {'name': 'Location', 'description': 'Location', 'total_mentioned': 69, 'positive': 65, 'negative': 0, 'neutral': 4}]"
Wayne Hotel,"Landmark hotel with classic rooms featuring free WiFi, continental breakfast & off-site gym access.","{'latitude': 40.044309899999995, 'longitude': -75.3863555}",3,https://waynehotel.com/,"[{'stars': 5, 'count': 131}, {'stars': 4, 'count': 42}, {'stars': 3, 'count': 10}, {'stars': 2, 'count': 4}, {'stars': 1, 'count': 7}]",194,"[{'name': 'Nightlife', 'description': 'Nightlife', 'total_mentioned': 6, 'positive': 4, 'negative': 1, 'neutral': 1}, {'name': 'Property', 'description': 'Property', 'total_mentioned': 60, 'positive': 56, 'negative': 3, 'neutral': 1}, {'name': 'Service', 'description': 'Service', 'total_mentioned': 47, 'positive': 39, 'negative': 6, 'neutral': 2}, {'name': 'Dining', 'description': 'Food and Beverage', 'total_mentioned': 33, 'positive': 28, 'negative': 3, 'neutral': 2}, {'name': 'Location', 'description': 'Location', 'total_mentioned': 26, 'positive': 25, 'negative': 1, 'neutral': 0}, {'name': 'Bar', 'description': 'Bar or lounge', 'total_mentioned': 21, 'positive': 19, 'negative': 0, 'neutral': 2}]"
The Inn at Swarthmore,"Warm rooms in an understated hotel offering a casual restaurant/bar, plus a 24-hour gym.","{'latitude': 39.9016491, 'longitude': -75.3511398}",3,https://www.theinnatswat.com/,"[{'stars': 5, 'count': 260}, {'stars': 4, 'count': 94}, {'stars': 3, 'count': 33}, {'stars': 2, 'count': 10}, {'stars': 1, 'count': 16}]",413,"[{'name': 'Property', 'description': 'Property', 'total_mentioned': 86, 'positive': 75, 'negative': 6, 'neutral': 5}, {'name': 'Service', 'description': 'Service', 'total_mentioned': 105, 'positive': 84, 'negative': 16, 'neutral': 5}, {'name': 'Dining', 'description': 'Food and Beverage', 'total_mentioned': 62, 'positive': 44, 'negative': 10, 'neutral': 8}, {'name': 'Accessibility', 'description': 'Accessibility', 'total_mentioned': 10, 'positive': 2, 'negative': 8, 'neutral': 0}, {'name': 'Bathroom', 'description': 'Bathroom and toiletries', 'total_mentioned': 22, 'positive': 5, 'negative': 16, 'neutral': 1}]"
Inn At The Union League,Elegant guest rooms & suites with free breakfast & gym access are offered at The Union League.,"{'latitude': 39.9499873, 'longitude': -75.16458659999999}",3,https://www.unionleague.org/,"[{'stars': 5, 'count': 27}, {'stars': 4, 'count': 3}, {'stars': 3, 'count': 1}, {'stars': 2, 'count': 0}, {'stars': 1, 'count': 1}]",32,N/A
Philadelphia Hotel Bella Vista,"Quirky rooms & suites with antique furnishings, plus a garden & Wi-Fi.","{'latitude': 39.9401977, 'longitude': -75.1594547}",3,http://www.philadelphiahotelbellavista.com/,"[{'stars': 5, 'count': 70}, {'stars': 4, 'count': 28}, {'stars': 3, 'count': 5}, {'stars': 2, 'count': 2}, {'stars': 1, 'count': 2}]",107,"[{'name': 'Breakfast', 'description': 'Breakfast', 'total_mentioned': 16, 'positive': 7, 'negative': 2, 'neutral': 7}, {'name': 'Property', 'description': 'Property', 'total_mentioned': 58, 'positive': 52, 'negative': 4, 'neutral': 2}, {'name': 'Location', 'description': 'Location', 'total_mentioned': 34, 'positive': 33, 'negative': 0, 'neutral': 1}, {'name': 'Restaurant', 'description': 'Restaurant', 'total_mentioned': 9, 'positive': 5, 'negative': 2, 'neutral': 2}, {'name': 'Bathroom', 'description': 'Bathroom and toiletries', 'total_mentioned': 13, 'positive': 7, 'negative': 4, 'neutral': 2}, {'name': 'Parking', 'description': 'Parking', 'total_mentioned': 8, 'positive': 2, 'negative': 3, 'neutral': 3}]"
"The Franklin on Rittenhouse, A Boutique Hotel","Victorian mansion with elegant decor & marble bathrooms, plus free Wi-Fi & continental breakfast.","{'latitude': 39.948350999999995, 'longitude': -75.1701318}",4,https://www.thefranklinonrittenhouse.com/?utm_source=google&utm_medium=organic&utm_campaign=business_listing,"[{'stars': 5, 'count': 117}, {'stars': 4, 'count': 25}, {'stars': 3, 'count': 8}, {'stars': 2, 'count': 2}, {'stars': 1, 'count': 6}]",158,"[{'name': 'Breakfast', 'description': 'Breakfast', 'total_mentioned': 23, 'positive': 19, 'negative': 3, 'neutral': 1}, {'name': 'Service', 'description': 'Service', 'total_mentioned': 61, 'positive': 55, 'negative': 3, 'neutral': 3}, {'name': 'Restaurant', 'description': 'Restaurant', 'total_mentioned': 17, 'positive': 15, 'negative': 1, 'neutral': 1}, {'name': 'Location', 'description': 'Location', 'total_mentioned': 38, 'positive': 38, 'negative': 0, 'neutral': 0}, {'name': 'Property', 'description': 'Property', 'total_mentioned': 57, 'positive': 52, 'negative': 2, 'neutral': 3}, {'name': 'Couples', 'description': 'Couple friendly', 'total_mentioned': 5, 'positive': 5, 'negative': 0, 'neutral': 0}]"
Valley Forge Casino Resort,"Casual casino hotel offering a spa, a seasonal outdoor pool & dining, plus 2 event venues.","{'latitude': 40.096667, 'longitude': -75.41576049999999}",N/A,https://vfcasino.boydgaming.com/,"[{'stars': 5, 'count': 3366}, {'stars': 4, 'count': 2120}, {'stars': 3, 'count': 1322}, {'stars': 2, 'count': 526}, {'stars': 1, 'count': 676}]",8010,"[{'name': 'Property', 'description': 'Property', 'total_mentioned': 883, 'positive': 650, 'negative': 155, 'neutral': 78}, {'name': 'Service', 'description': 'Service', 'total_mentioned': 791, 'positive': 530, 'negative': 218, 'neutral': 43}, {'name': 'Cleanliness', 'description': 'Cleanliness', 'total_mentioned': 467, 'positive': 343, 'negative': 92, 'neutral': 32}, {'name': 'Kitchen', 'description': 'Kitchen', 'total_mentioned': 20, 'positive': 4, 'negative': 13, 'neutral': 3}, {'name': 'Wi-Fi', 'description': 'Wi-Fi', 'total_mentioned': 13, 'positive': 0, 'negative': 10, 'neutral': 3}, {'name': 'Air Conditioning', 'description': 'Air conditioning', 'total_mentioned': 26, 'positive': 4, 'negative': 19, 'neutral': 3}]"
"The Prussia Hotel, BW Signature Collection","Laid-back budget hotel with a seasonal outdoor pool & a gym, plus free breakfast & parking.","{'latitude': 40.0845731, 'longitude': -75.3880416}",3,https://www.bestwestern.com/en_US/book/hotel-rooms.39091.html?iata=00171880&ssob=BLBWI0004G&cid=BLBWI0004G:google:gmb:39091,"[{'stars': 5, 'count': 611}, {'stars': 4, 'count': 454}, {'stars': 3, 'count': 167}, {'stars': 2, 'count': 69}, {'stars': 1, 'count': 93}]",1394,"[{'name': 'Property', 'description': 'Property', 'total_mentioned': 406, 'positive': 294, 'negative': 83, 'neutral': 29}, {'name': 'Cleanliness', 'description': 'Cleanliness', 'total_mentioned': 329, 'positive': 231, 'negative': 82, 'neutral': 16}, {'name': 'Pool', 'description': 'Pool', 'total_mentioned': 41, 'positive': 33, 'negative': 5, 'neutral': 3}, {'name': 'Breakfast', 'description': 'Breakfast', 'total_mentioned': 250, 'positive': 188, 'negative': 41, 'neutral': 21}, {'name': 'Hot Tub', 'description': 'Hot tub', 'total_mentioned': 15, 'positive': 10, 'negative': 4, 'neutral': 1}, {'name': 'Fitness', 'description': 'Fitness', 'total_mentioned': 93, 'positive': 65, 'negative': 16, 'neutral': 12}]"
Four Seasons Hotel Philadelphia at Comcast Center,"Luxury hotel offering stylish rooms & suites, plus a spa with an indoor pool & a sleek restaurant.","{'latitude': 39.9552237, 'longitude': -75.1709748}",5,https://www.fourseasons.com/philadelphia/?utm_source=google&utm_medium=organicsearch&utm_campaign=tor-phi-hre-mid-seo-na&utm_content=na-na&utm_term=na,"[{'stars': 5, 'count': 804}, {'stars': 4, 'count': 75}, {'stars': 3, 'count': 22}, {'stars': 2, 'count': 8}, {'stars': 1, 'count': 34}]",943,"[{'name': 'Wellness', 'description': 'Wellness', 'total_mentioned': 45, 'positive': 38, 'negative': 6, 'neutral': 1}, {'name': 'Spa', 'description': 'Spa', 'total_mentioned': 36, 'positive': 31, 'negative': 4, 'neutral': 1}, {'name': 'Nature', 'description': 'Nature and outdoor activities', 'total_mentioned': 42, 'positive': 41, 'negative': 0, 'neutral': 1}, {'name': 'Fitness', 'description': 'Fitness', 'total_mentioned': 72, 'positive': 65, 'negative': 4, 'neutral': 3}, {'name': 'Pool', 'description': 'Pool', 'total_mentioned': 40, 'positive': 38, 'negative': 0, 'neutral': 2}, {'name': 'Bar', 'description': 'Bar or lounge', 'total_mentioned': 99, 'positive': 66, 'negative': 15, 'neutral': 18}]"
"The Logan Philadelphia, Curio Collection by Hilton","Contemporary rooms & suites in a sleek property with a chic steakhouse, a rooftop bar & a posh spa.","{'latitude': 39.9569323, 'longitude': -75.1702705}",4,https://www.hilton.com/en/hotels/phlqqqq-the-logan-philadelphia/?SEO_id=GMB-AMER-QQ-PHLQQQQ&y_source=1_Mjg1Njc0NC03MTUtbG9jYXRpb24ud2Vic2l0ZQ%3D%3D,"[{'stars': 5, 'count': 1709}, {'stars': 4, 'count': 629}, {'stars': 3, 'count': 227}, {'stars': 2, 'count': 122}, {'stars': 1, 'count': 229}]",2916,"[{'name': 'Service', 'description': 'Service', 'total_mentioned': 785, 'positive': 514, 'negative': 220, 'neutral': 51}, {'name': 'Wellness', 'description': 'Wellness', 'total_mentioned': 56, 'positive': 39, 'negative': 14, 'neutral': 3}, {'name': 'Spa', 'description': 'Spa', 'total_mentioned': 46, 'positive': 34, 'negative': 9, 'neutral': 3}, {'name': 'Fitness', 'description': 'Fitness', 'total_mentioned': 141, 'positive': 87, 'negative': 41, 'neutral': 13}, {'name': 'Bar', 'description': 'Bar or lounge', 'total_mentioned': 286, 'positive': 203, 'negative': 52, 'neutral': 31}, {'name': 'Couples', 'description': 'Couple friendly', 'total_mentioned': 61, 'positive': 28, 'negative': 20, 'neutral': 13}]"
Alexander Inn,"Art deco-style hotel offering relaxed rooms with minifridges, plus all-day snacks & breakfast.","{'latitude': 39.9462925, 'longitude': -75.1609939}",3,https://www.alexanderinn.com/,"[{'stars': 5, 'count': 355}, {'stars': 4, 'count': 155}, {'stars': 3, 'count': 50}, {'stars': 2, 'count': 10}, {'stars': 1, 'count': 33}]",603,"[{'name': 'Breakfast', 'description': 'Breakfast', 'total_mentioned': 81, 'positive': 49, 'negative': 18, 'neutral': 14}, {'name': 'Service', 'description': 'Service', 'total_mentioned': 212, 'positive': 183, 'negative': 20, 'neutral': 9}, {'name': 'Restaurant', 'description': 'Restaurant', 'total_mentioned': 53, 'positive': 34, 'negative': 11, 'neutral': 8}, {'name': 'Location', 'description': 'Location', 'total_mentioned': 166, 'positive': 146, 'negative': 4, 'neutral': 16}, {'name': 'Property', 'description': 'Property', 'total_mentioned': 233, 'positive': 181, 'negative': 26, 'neutral': 26}, {'name': 'Parking', 'description': 'Parking', 'total_mentioned': 41, 'positive': 18, 'negative': 14, 'neutral': 9}]"
Kimpton Hotel Palomar Philadelphia,"Upscale art deco lodging with chic rooms & a hip bar, plus free bike rentals & an evening wine hour.","{'latitude': 39.9507815, 'longitude': -75.1686419}",4,https://www.hotelpalomar-philadelphia.com/?&cm_mmc=WEB-_-KI-_-AMER-_-EN-_-EV-_-Google%20Business%20Profile-_-DD-_-palomar%20philadelphia,"[{'stars': 5, 'count': 1109}, {'stars': 4, 'count': 377}, {'stars': 3, 'count': 97}, {'stars': 2, 'count': 55}, {'stars': 1, 'count': 76}]",1714,"[{'name': 'Pets', 'description': 'Pets', 'total_mentioned': 72, 'positive': 60, 'negative': 7, 'neutral': 5}, {'name': 'Service', 'description': 'Service', 'total_mentioned': 593, 'positive': 488, 'negative': 78, 'neutral': 27}, {'name': 'Wellness', 'description': 'Wellness', 'total_mentioned': 38, 'positive': 28, 'negative': 5, 'neutral': 5}, {'name': 'Spa', 'description': 'Spa', 'total_mentioned': 32, 'positive': 25, 'negative': 3, 'neutral': 4}, {'name': 'Hot Tub', 'description': 'Hot tub', 'total_mentioned': 27, 'positive': 21, 'negative': 3, 'neutral': 3}, {'name': 'Bar', 'description': 'Bar or lounge', 'total_mentioned': 164, 'positive': 131, 'negative': 19, 'neutral': 14}]"
Inn On Camac,"Relaxed adults-only guesthouse offering a bar, plus compact rooms with mid-century decor.","{'latitude': 39.9475717, 'longitude': -75.16156959999999}",3,https://www.innoncamac.com/,"[{'stars': 5, 'count': 9}, {'stars': 4, 'count': 2}, {'stars': 3, 'count': 2}, {'stars': 2, 'count': 5}, {'stars': 1, 'count': 4}]",22,"[{'name': 'Bar', 'description': 'Bar or lounge', 'total_mentioned': 9, 'positive': 4, 'negative': 4, 'neutral': 1}, {'name': 'Sleep', 'description': 'Sleep', 'total_mentioned': 9, 'positive': 3, 'negative': 5, 'neutral': 1}, {'name': 'Dining', 'description': 'Food and Beverage', 'total_mentioned': 6, 'positive': 3, 'negative': 2, 'neutral': 1}, {'name': 'Location', 'description': 'Location', 'total_mentioned': 10, 'positive': 10, 'negative': 0, 'neutral': 0}, {'name': 'Cleanliness', 'description': 'Cleanliness', 'total_mentioned': 8, 'positive': 4, 'negative': 4, 'neutral': 0}, {'name': 'Property', 'description': 'Property', 'total_mentioned': 12, 'positive': 9, 'negative': 3, 'neutral': 0}]"
The Rittenhouse Hotel,"Luxurious quarters with marble bathrooms, plus free Wi-Fi, a restaurant & spa services.","{'latitude': 39.949830999999996, 'longitude': -75.1732573}",5,https://www.rittenhousehotel.com/,"[{'stars': 5, 'count': 763}, {'stars': 4, 'count': 160}, {'stars': 3, 'count': 24}, {'stars': 2, 'count': 13}, {'stars': 1, 'count': 31}]",991,"[{'name': 'Wellness', 'description': 'Wellness', 'total_mentioned': 29, 'positive': 21, 'negative': 4, 'neutral': 4}, {'name': 'Spa', 'description': 'Spa', 'total_mentioned': 25, 'positive': 19, 'negative': 2, 'neutral': 4}, {'name': 'Bar', 'description': 'Bar or lounge', 'total_mentioned': 106, 'positive': 86, 'negative': 7, 'neutral': 13}, {'name': 'Service', 'description': 'Service', 'total_mentioned': 273, 'positive': 241, 'negative': 23, 'neutral': 9}, {'name': 'Dining', 'description': 'Food and Beverage', 'total_mentioned': 101, 'positive': 84, 'negative': 7, 'neutral': 10}, {'name': 'Couples', 'description': 'Couple friendly', 'total_mentioned': 17, 'positive': 11, 'negative': 1, 'neutral': 5}]"
Motto By Hilton Philadelphia Rittenhouse Square,"Cool, modern hotel featuring understated rooms, plus a gym, a Mexican restaurant & a rooftop eatery.","{'latitude': 39.9524705, 'longitude': -75.17162619999999}",3,https://www.hilton.com/en/hotels/phlriua-motto-philadelphia-rittenhouse-square/?SEO_id=GMB-AMER-UA-PHLRIUA&y_source=1_MjM1NDQyMzUtNzE1LWxvY2F0aW9uLndlYnNpdGU%3D,"[{'stars': 5, 'count': 509}, {'stars': 4, 'count': 250}, {'stars': 3, 'count': 119}, {'stars': 2, 'count': 68}, {'stars': 1, 'count': 95}]",1041,"[{'name': 'Bar', 'description': 'Bar or lounge', 'total_mentioned': 152, 'positive': 109, 'negative': 22, 'neutral': 21}, {'name': 'Service', 'description': 'Service', 'total_mentioned': 357, 'positive': 272, 'negative': 70, 'neutral': 15}, {'name': 'Sleep', 'description': 'Sleep', 'total_mentioned': 223, 'positive': 76, 'negative': 116, 'neutral': 31}, {'name': 'Room', 'description': 'Room amenities', 'total_mentioned': 151, 'positive': 48, 'negative': 80, 'neutral': 23}, {'name': 'Location', 'description': 'Location', 'total_mentioned': 284, 'positive': 245, 'negative': 15, 'neutral': 24}, {'name': 'Bathroom', 'description': 'Bathroom and toiletries', 'total_mentioned': 140, 'positive': 39, 'negative': 85, 'neutral': 16}]"
Hyatt House Philadelphia/King of Prussia,"Unfussy quarters, some with kitchens, in a relaxed hotel offering a pool, a bar & free breakfast.","{'latitude': 40.0926057, 'longitude': -75.3930041}",3,https://www.hyatt.com/en-US/hotel/pennsylvania/hyatt-house-philadelphia-king-of-prussia/phlxk?src=corp_lclb_google_seo_phlxk&%3Futm_source=google&utm_medium=organic&utm_campaign=lmr,"[{'stars': 5, 'count': 615}, {'stars': 4, 'count': 224}, {'stars': 3, 'count': 59}, {'stars': 2, 'count': 25}, {'stars': 1, 'count': 34}]",957,"[{'name': 'Property', 'description': 'Property', 'total_mentioned': 282, 'positive': 234, 'negative': 31, 'neutral': 17}, {'name': 'Hot Tub', 'description': 'Hot tub', 'total_mentioned': 17, 'positive': 12, 'negative': 5, 'neutral': 0}, {'name': 'Pool', 'description': 'Pool', 'total_mentioned': 31, 'positive': 25, 'negative': 6, 'neutral': 0}, {'name': 'Cleanliness', 'description': 'Cleanliness', 'total_mentioned': 196, 'positive': 159, 'negative': 28, 'neutral': 9}, {'name': 'Couples', 'description': 'Couple friendly', 'total_mentioned': 7, 'positive': 5, 'negative': 0, 'neutral': 2}, {'name': 'Breakfast', 'description': 'Breakfast', 'total_mentioned': 135, 'positive': 103, 'negative': 22, 'neutral': 10}]"
Aloft Philadelphia Airport,"Sleek airport hotel offering a stylish bar, a gym & an indoor pool, plus a free airport shuttle.","{'latitude': 39.8911197, 'longitude': -75.2338319}",3,https://www.marriott.com/en-us/hotels/phlai-aloft-philadelphia-airport/overview/?scid=f2ae0541-1279-4f24-b197-a979c79310b0,"[{'stars': 5, 'count': 556}, {'stars': 4, 'count': 341}, {'stars': 3, 'count': 182}, {'stars': 2, 'count': 97}, {'stars': 1, 'count': 157}]",1333,"[{'name': 'Transit', 'description': 'Public transit', 'total_mentioned': 165, 'positive': 96, 'negative': 41, 'neutral': 28}, {'name': 'Service', 'description': 'Service', 'total_mentioned': 389, 'positive': 238, 'negative': 129, 'neutral': 22}, {'name': 'Fitness', 'description': 'Fitness', 'total_mentioned': 78, 'positive': 40, 'negative': 29, 'neutral': 9}, {'name': 'Cleanliness', 'description': 'Cleanliness', 'total_mentioned': 266, 'positive': 179, 'negative': 79, 'neutral': 8}, {'name': 'Sleep', 'description': 'Sleep', 'total_mentioned': 166, 'positive': 51, 'negative': 101, 'neutral': 14}, {'name': 'Pool', 'description': 'Pool', 'total_mentioned': 38, 'positive': 24, 'negative': 11, 'neutral': 3}]"
