Name,Description,Coordinates,Hotel Class,Link,Ratings,Reviews,Reviews Breakdown
The Inn at Grace Winery,"Country-style rooms & cottages on a 50-acre estate & winery, plus a seasonal outdoor pool.","{'latitude': 39.926173, 'longitude': -75.478878}",N/A,http://www.gracewinery.com/,"[{'stars': 5, 'count': 253}, {'stars': 4, 'count': 30}, {'stars': 3, 'count': 9}, {'stars': 2, 'count': 5}, {'stars': 1, 'count': 20}]",317,"[{'name': 'Service', 'description': 'Service', 'total_mentioned': 123, 'positive': 104, 'negative': 14, 'neutral': 5}, {'name': 'Property', 'description': 'Property', 'total_mentioned': 90, 'positive': 82, 'negative': 7, 'neutral': 1}, {'name': 'Dining', 'description': 'Food and Beverage', 'total_mentioned': 80, 'positive': 73, 'negative': 4, 'neutral': 3}]"
SureStay Plus by Best Western Brandywine Valley,"Warm quarters, some with whirlpool tubs, in a relaxed property offering a 24-hour gym & a pool.","{'latitude': 39.786970499999995, 'longitude': -75.5448376}",3,https://www.bestwestern.com/en_US/book/hotel-rooms.55020.html?iata=90000026&ssob=BLSSH0004G&cid=BLSSH0004G:google:gmb:55020,"[{'stars': 5, 'count': 165}, {'stars': 4, 'count': 106}, {'stars': 3, 'count': 72}, {'stars': 2, 'count': 59}, {'stars': 1, 'count': 126}]",528,"[{'name': 'Location', 'description': 'Location', 'total_mentioned': 36, 'positive': 26, 'negative': 4, 'neutral': 6}, {'name': 'Fitness', 'description': 'Fitness', 'total_mentioned': 26, 'positive': 17, 'negative': 6, 'neutral': 3}, {'name': 'Atmosphere', 'description': 'Atmosphere', 'total_mentioned': 11, 'positive': 11, 'negative': 0, 'neutral': 0}, {'name': 'Pets', 'description': 'Pets', 'total_mentioned': 10, 'positive': 1, 'negative': 6, 'neutral': 3}, {'name': 'Air Conditioning', 'description': 'Air conditioning', 'total_mentioned': 12, 'positive': 3, 'negative': 9, 'neutral': 0}, {'name': 'Parking', 'description': 'Parking', 'total_mentioned': 15, 'positive': 3, 'negative': 12, 'neutral': 0}]"
HOTEL DU PONT,"Landmark 1900s hotel featuring refined rooms & suites, plus a fine-dining restaurant, a bar & a spa.","{'latitude': 39.7464836, 'longitude': -75.54784579999999}",5,https://www.hoteldupont.com/?utm_source=google&utm_medium=organic&utm_campaign=gbp_listing,"[{'stars': 5, 'count': 967}, {'stars': 4, 'count': 295}, {'stars': 3, 'count': 94}, {'stars': 2, 'count': 38}, {'stars': 1, 'count': 105}]",1499,"[{'name': 'Couples', 'description': 'Couple friendly', 'total_mentioned': 88, 'positive': 56, 'negative': 15, 'neutral': 17}, {'name': 'Property', 'description': 'Property', 'total_mentioned': 458, 'positive': 357, 'negative': 57, 'neutral': 44}, {'name': 'Service', 'description': 'Service', 'total_mentioned': 346, 'positive': 252, 'negative': 81, 'neutral': 13}, {'name': 'Bathroom', 'description': 'Bathroom and toiletries', 'total_mentioned': 64, 'positive': 23, 'negative': 36, 'neutral': 5}, {'name': 'Dining', 'description': 'Food and Beverage', 'total_mentioned': 124, 'positive': 81, 'negative': 30, 'neutral': 13}, {'name': 'Nightlife', 'description': 'Nightlife', 'total_mentioned': 40, 'positive': 29, 'negative': 4, 'neutral': 7}]"
The Dwight D Hotel,"Boutique hotel in an 1840s townhouse, offering elegant rooms with free WiFi, plus dining & a garden.","{'latitude': 39.9479616, 'longitude': -75.16814110000001}",4,http://www.thedwightd.com/,"[{'stars': 5, 'count': 110}, {'stars': 4, 'count': 4}, {'stars': 3, 'count': 0}, {'stars': 2, 'count': 0}, {'stars': 1, 'count': 2}]",116,"[{'name': 'Couples', 'description': 'Couple friendly', 'total_mentioned': 8, 'positive': 7, 'negative': 0, 'neutral': 1}, {'name': 'Service', 'description': 'Service', 'total_mentioned': 58, 'positive': 55, 'negative': 2, 'neutral': 1}, {'name': 'Property', 'description': 'Property', 'total_mentioned': 72, 'positive': 71, 'negative': 0, 'neutral': 1}, {'name': 'Location', 'description': 'Location', 'total_mentioned': 41, 'positive': 40, 'negative': 0, 'neutral': 1}, {'name': 'Room', 'description': 'Room amenities', 'total_mentioned': 14, 'positive': 13, 'negative': 1, 'neutral': 0}, {'name': 'Atmosphere', 'description': 'Atmosphere', 'total_mentioned': 18, 'positive': 18, 'negative': 0, 'neutral': 0}]"
Four Seasons Hotel Philadelphia at Comcast Center,"Luxury hotel offering stylish rooms & suites, plus a spa with an indoor pool & a sleek restaurant.","{'latitude': 39.9552237, 'longitude': -75.1709748}",5,https://www.fourseasons.com/philadelphia/?utm_source=google&utm_medium=organicsearch&utm_campaign=tor-phi-hre-mid-seo-na&utm_content=na-na&utm_term=na,"[{'stars': 5, 'count': 804}, {'stars': 4, 'count': 75}, {'stars': 3, 'count': 22}, {'stars': 2, 'count': 8}, {'stars': 1, 'count': 34}]",943,"[{'name': 'Wellness', 'description': 'Wellness', 'total_mentioned': 45, 'positive': 38, 'negative': 6, 'neutral': 1}, {'name': 'Spa', 'description': 'Spa', 'total_mentioned': 36, 'positive': 31, 'negative': 4, 'neutral': 1}, {'name': 'Nature', 'description': 'Nature and outdoor activities', 'total_mentioned': 42, 'positive': 41, 'negative': 0, 'neutral': 1}, {'name': 'Fitness', 'description': 'Fitness', 'total_mentioned': 72, 'positive': 65, 'negative': 4, 'neutral': 3}, {'name': 'Pool', 'description': 'Pool', 'total_mentioned': 40, 'positive': 38, 'negative': 0, 'neutral': 2}, {'name': 'Bar', 'description': 'Bar or lounge', 'total_mentioned': 99, 'positive': 66, 'negative': 15, 'neutral': 18}]"
The Inn at Swarthmore,"Warm rooms in an understated hotel offering a casual restaurant/bar, plus a 24-hour gym.","{'latitude': 39.9016491, 'longitude': -75.3511398}",3,https://www.theinnatswat.com/,"[{'stars': 5, 'count': 260}, {'stars': 4, 'count': 94}, {'stars': 3, 'count': 33}, {'stars': 2, 'count': 10}, {'stars': 1, 'count': 16}]",413,"[{'name': 'Property', 'description': 'Property', 'total_mentioned': 86, 'positive': 75, 'negative': 6, 'neutral': 5}, {'name': 'Service', 'description': 'Service', 'total_mentioned': 105, 'positive': 84, 'negative': 16, 'neutral': 5}, {'name': 'Dining', 'description': 'Food and Beverage', 'total_mentioned': 62, 'positive': 44, 'negative': 10, 'neutral': 8}, {'name': 'Accessibility', 'description': 'Accessibility', 'total_mentioned': 10, 'positive': 2, 'negative': 8, 'neutral': 0}, {'name': 'Bathroom', 'description': 'Bathroom and toiletries', 'total_mentioned': 22, 'positive': 5, 'negative': 16, 'neutral': 1}]"
SpringHill Suites Philadelphia Airport/Ridley Park,"Relaxed all-suite hotel with a free airport shuttle & breakfast, plus an indoor pool & 24/7 store.","{'latitude': 39.8665174, 'longitude': -75.31583499999999}",3,https://www.marriott.com/en-us/hotels/phlsr-springhill-suites-philadelphia-airport-ridley-park/overview/?scid=f2ae0541-1279-4f24-b197-a979c79310b0,"[{'stars': 5, 'count': 572}, {'stars': 4, 'count': 278}, {'stars': 3, 'count': 77}, {'stars': 2, 'count': 26}, {'stars': 1, 'count': 29}]",982,"[{'name': 'Property', 'description': 'Property', 'total_mentioned': 297, 'positive': 258, 'negative': 25, 'neutral': 14}, {'name': 'Service', 'description': 'Service', 'total_mentioned': 273, 'positive': 226, 'negative': 33, 'neutral': 14}, {'name': 'Cleanliness', 'description': 'Cleanliness', 'total_mentioned': 217, 'positive': 176, 'negative': 31, 'neutral': 10}, {'name': 'Air Conditioning', 'description': 'Air conditioning', 'total_mentioned': 16, 'positive': 4, 'negative': 11, 'neutral': 1}, {'name': 'Accessibility', 'description': 'Accessibility', 'total_mentioned': 19, 'positive': 3, 'negative': 13, 'neutral': 3}]"
The Inn at Montchanin Village & Spa - A Historic Hotel of America,"Secluded, restored 19th-century village offering rooms & suites in refurbished workers' cottages.","{'latitude': 39.7906502, 'longitude': -75.5887699}",4,http://www.montchanin.com/,"[{'stars': 5, 'count': 112}, {'stars': 4, 'count': 35}, {'stars': 3, 'count': 8}, {'stars': 2, 'count': 6}, {'stars': 1, 'count': 13}]",174,"[{'name': 'Property', 'description': 'Property', 'total_mentioned': 41, 'positive': 30, 'negative': 10, 'neutral': 1}, {'name': 'Dining', 'description': 'Food and Beverage', 'total_mentioned': 23, 'positive': 19, 'negative': 4, 'neutral': 0}, {'name': 'Location', 'description': 'Location', 'total_mentioned': 12, 'positive': 10, 'negative': 2, 'neutral': 0}, {'name': 'Sleep', 'description': 'Sleep', 'total_mentioned': 15, 'positive': 5, 'negative': 9, 'neutral': 1}]"
Lokal Hotel Fishtown,"Polished apartment hotel offering a courtyard, plus airy units with kitchens & Wi-Fi.","{'latitude': 39.9724377, 'longitude': -75.13498229999999}",N/A,http://staylokal.com/lokal-location/fishtown-boutique-hotel/,"[{'stars': 5, 'count': 178}, {'stars': 4, 'count': 13}, {'stars': 3, 'count': 2}, {'stars': 2, 'count': 1}, {'stars': 1, 'count': 0}]",194,"[{'name': 'Location', 'description': 'Location', 'total_mentioned': 71, 'positive': 67, 'negative': 1, 'neutral': 3}, {'name': 'Property', 'description': 'Property', 'total_mentioned': 88, 'positive': 83, 'negative': 2, 'neutral': 3}, {'name': 'Couples', 'description': 'Couple friendly', 'total_mentioned': 9, 'positive': 8, 'negative': 0, 'neutral': 1}, {'name': 'Safety', 'description': 'Safety', 'total_mentioned': 18, 'positive': 17, 'negative': 0, 'neutral': 1}, {'name': 'Kitchen', 'description': 'Kitchen', 'total_mentioned': 18, 'positive': 18, 'negative': 0, 'neutral': 0}, {'name': 'Room', 'description': 'Room amenities', 'total_mentioned': 29, 'positive': 27, 'negative': 2, 'neutral': 0}]"
The Rittenhouse Hotel,"Luxurious quarters with marble bathrooms, plus free Wi-Fi, a restaurant & spa services.","{'latitude': 39.949830999999996, 'longitude': -75.1732573}",5,https://www.rittenhousehotel.com/,"[{'stars': 5, 'count': 763}, {'stars': 4, 'count': 160}, {'stars': 3, 'count': 24}, {'stars': 2, 'count': 13}, {'stars': 1, 'count': 31}]",991,"[{'name': 'Wellness', 'description': 'Wellness', 'total_mentioned': 29, 'positive': 21, 'negative': 4, 'neutral': 4}, {'name': 'Spa', 'description': 'Spa', 'total_mentioned': 25, 'positive': 19, 'negative': 2, 'neutral': 4}, {'name': 'Bar', 'description': 'Bar or lounge', 'total_mentioned': 106, 'positive': 86, 'negative': 7, 'neutral': 13}, {'name': 'Service', 'description': 'Service', 'total_mentioned': 273, 'positive': 241, 'negative': 23, 'neutral': 9}, {'name': 'Dining', 'description': 'Food and Beverage', 'total_mentioned': 101, 'positive': 84, 'negative': 7, 'neutral': 10}, {'name': 'Couples', 'description': 'Couple friendly', 'total_mentioned': 17, 'positive': 11, 'negative': 1, 'neutral': 5}]"
Aloft Philadelphia Airport,"Sleek airport hotel offering a stylish bar, a gym & an indoor pool, plus a free airport shuttle.","{'latitude': 39.8911197, 'longitude': -75.2338319}",3,https://www.marriott.com/en-us/hotels/phlai-aloft-philadelphia-airport/overview/?scid=f2ae0541-1279-4f24-b197-a979c79310b0,"[{'stars': 5, 'count': 556}, {'stars': 4, 'count': 341}, {'stars': 3, 'count': 182}, {'stars': 2, 'count': 97}, {'stars': 1, 'count': 157}]",1333,"[{'name': 'Transit', 'description': 'Public transit', 'total_mentioned': 165, 'positive': 96, 'negative': 41, 'neutral': 28}, {'name': 'Service', 'description': 'Service', 'total_mentioned': 389, 'positive': 238, 'negative': 129, 'neutral': 22}, {'name': 'Fitness', 'description': 'Fitness', 'total_mentioned': 78, 'positive': 40, 'negative': 29, 'neutral': 9}, {'name': 'Cleanliness', 'description': 'Cleanliness', 'total_mentioned': 266, 'positive': 179, 'negative': 79, 'neutral': 8}, {'name': 'Sleep', 'description': 'Sleep', 'total_mentioned': 166, 'positive': 51, 'negative': 101, 'neutral': 14}, {'name': 'Pool', 'description': 'Pool', 'total_mentioned': 38, 'positive': 24, 'negative': 11, 'neutral': 3}]"
Morris House Hotel,"Landmark 1787 property featuring elegant rooms, plus free breakfast, Wi-Fi & afternoon tea.","{'latitude': 39.9473547, 'longitude': -75.1542882}",3,https://morrishousehotel.com/,"[{'stars': 5, 'count': 309}, {'stars': 4, 'count': 49}, {'stars': 3, 'count': 13}, {'stars': 2, 'count': 5}, {'stars': 1, 'count': 5}]",381,"[{'name': 'Couples', 'description': 'Couple friendly', 'total_mentioned': 27, 'positive': 24, 'negative': 0, 'neutral': 3}, {'name': 'Breakfast', 'description': 'Breakfast', 'total_mentioned': 48, 'positive': 42, 'negative': 2, 'neutral': 4}, {'name': 'Service', 'description': 'Service', 'total_mentioned': 111, 'positive': 105, 'negative': 5, 'neutral': 1}, {'name': 'Property', 'description': 'Property', 'total_mentioned': 134, 'positive': 122, 'negative': 7, 'neutral': 5}, {'name': 'Location', 'description': 'Location', 'total_mentioned': 80, 'positive': 70, 'negative': 3, 'neutral': 7}, {'name': 'Bar', 'description': 'Bar or lounge', 'total_mentioned': 33, 'positive': 27, 'negative': 1, 'neutral': 5}]"
"The Ritz-Carlton, Philadelphia","Landmark property offering classy quarters with city views, plus a refined restaurant & a posh spa.","{'latitude': 39.95144560000001, 'longitude': -75.1641494}",5,https://www.ritzcarlton.com/en/hotels/phlrt-the-ritz-carlton-philadelphia/overview/?scid=f2ae0541-1279-4f24-b197-a979c79310b0,"[{'stars': 5, 'count': 1419}, {'stars': 4, 'count': 453}, {'stars': 3, 'count': 159}, {'stars': 2, 'count': 71}, {'stars': 1, 'count': 103}]",2205,"[{'name': 'Wellness', 'description': 'Wellness', 'total_mentioned': 27, 'positive': 15, 'negative': 10, 'neutral': 2}, {'name': 'Service', 'description': 'Service', 'total_mentioned': 546, 'positive': 411, 'negative': 111, 'neutral': 24}, {'name': 'Bar', 'description': 'Bar or lounge', 'total_mentioned': 219, 'positive': 151, 'negative': 46, 'neutral': 22}, {'name': 'Spa', 'description': 'Spa', 'total_mentioned': 24, 'positive': 16, 'negative': 6, 'neutral': 2}, {'name': 'Dining', 'description': 'Food and Beverage', 'total_mentioned': 205, 'positive': 139, 'negative': 52, 'neutral': 14}, {'name': 'Property', 'description': 'Property', 'total_mentioned': 532, 'positive': 414, 'negative': 77, 'neutral': 41}]"
Philadelphia South / Clarksboro KOA Holiday,N/A,"{'latitude': 39.807689499999995, 'longitude': -75.2372067}",N/A,https://koa.com/campgrounds/philadelphia-south/?utm_source=google&utm_medium=organic&utm_campaign=gbp,"[{'stars': 5, 'count': 390}, {'stars': 4, 'count': 129}, {'stars': 3, 'count': 45}, {'stars': 2, 'count': 38}, {'stars': 1, 'count': 57}]",659,"[{'name': 'Cleanliness', 'description': 'Cleanliness', 'total_mentioned': 139, 'positive': 118, 'negative': 13, 'neutral': 8}, {'name': 'Service', 'description': 'Service', 'total_mentioned': 210, 'positive': 151, 'negative': 50, 'neutral': 9}, {'name': 'Location', 'description': 'Location', 'total_mentioned': 94, 'positive': 75, 'negative': 10, 'neutral': 9}, {'name': 'Wi-Fi', 'description': 'Wi-Fi', 'total_mentioned': 19, 'positive': 2, 'negative': 14, 'neutral': 3}]"
Lokal Hotel Old City,Airy 1- to 2-bedroom apartments in a polished boutique hotel offering free Wi-Fi.,"{'latitude': 39.953276699999996, 'longitude': -75.14486409999999}",3,https://staylokal.com/hotels/old-city-boutique-hotel/,"[{'stars': 5, 'count': 133}, {'stars': 4, 'count': 15}, {'stars': 3, 'count': 7}, {'stars': 2, 'count': 2}, {'stars': 1, 'count': 0}]",157,"[{'name': 'Kitchen', 'description': 'Kitchen', 'total_mentioned': 26, 'positive': 24, 'negative': 2, 'neutral': 0}, {'name': 'Location', 'description': 'Location', 'total_mentioned': 63, 'positive': 59, 'negative': 1, 'neutral': 3}, {'name': 'Room', 'description': 'Room amenities', 'total_mentioned': 32, 'positive': 19, 'negative': 8, 'neutral': 5}, {'name': 'Property', 'description': 'Property', 'total_mentioned': 83, 'positive': 74, 'negative': 2, 'neutral': 7}, {'name': 'Family', 'description': 'Family friendly', 'total_mentioned': 13, 'positive': 11, 'negative': 0, 'neutral': 2}, {'name': 'Couples', 'description': 'Couple friendly', 'total_mentioned': 7, 'positive': 7, 'negative': 0, 'neutral': 0}]"
Delta Hotel Philadelphia Airport,"Relaxed hotel with a cozy restaurant, plus a bar, a fitness room & a free airport shuttle.","{'latitude': 39.8730902, 'longitude': -75.2747966}",4,https://www.marriott.com/en-us/hotels/phlde-delta-hotel-philadelphia-airport/overview/?scid=f2ae0541-1279-4f24-b197-a979c79310b0,"[{'stars': 5, 'count': 1177}, {'stars': 4, 'count': 677}, {'stars': 3, 'count': 407}, {'stars': 2, 'count': 234}, {'stars': 1, 'count': 398}]",2893,"[{'name': 'Fitness', 'description': 'Fitness', 'total_mentioned': 118, 'positive': 44, 'negative': 60, 'neutral': 14}, {'name': 'Bar', 'description': 'Bar or lounge', 'total_mentioned': 166, 'positive': 78, 'negative': 64, 'neutral': 24}, {'name': 'Pool', 'description': 'Pool', 'total_mentioned': 53, 'positive': 24, 'negative': 19, 'neutral': 10}, {'name': 'Business', 'description': 'Business', 'total_mentioned': 97, 'positive': 36, 'negative': 36, 'neutral': 25}, {'name': 'Dining', 'description': 'Food and Beverage', 'total_mentioned': 196, 'positive': 87, 'negative': 84, 'neutral': 25}, {'name': 'Breakfast', 'description': 'Breakfast', 'total_mentioned': 147, 'positive': 67, 'negative': 59, 'neutral': 21}]"
"The Logan Philadelphia, Curio Collection by Hilton","Contemporary rooms & suites in a sleek property with a chic steakhouse, a rooftop bar & a posh spa.","{'latitude': 39.9569323, 'longitude': -75.1702705}",4,https://www.hilton.com/en/hotels/phlqqqq-the-logan-philadelphia/?SEO_id=GMB-AMER-QQ-PHLQQQQ&y_source=1_Mjg1Njc0NC03MTUtbG9jYXRpb24ud2Vic2l0ZQ%3D%3D,"[{'stars': 5, 'count': 1709}, {'stars': 4, 'count': 629}, {'stars': 3, 'count': 227}, {'stars': 2, 'count': 122}, {'stars': 1, 'count': 229}]",2916,"[{'name': 'Service', 'description': 'Service', 'total_mentioned': 785, 'positive': 514, 'negative': 220, 'neutral': 51}, {'name': 'Wellness', 'description': 'Wellness', 'total_mentioned': 56, 'positive': 39, 'negative': 14, 'neutral': 3}, {'name': 'Spa', 'description': 'Spa', 'total_mentioned': 46, 'positive': 34, 'negative': 9, 'neutral': 3}, {'name': 'Fitness', 'description': 'Fitness', 'total_mentioned': 141, 'positive': 87, 'negative': 41, 'neutral': 13}, {'name': 'Bar', 'description': 'Bar or lounge', 'total_mentioned': 286, 'positive': 203, 'negative': 52, 'neutral': 31}, {'name': 'Couples', 'description': 'Couple friendly', 'total_mentioned': 61, 'positive': 28, 'negative': 20, 'neutral': 13}]"
The Bellevue Hotel - The Unbound Collection by Hyatt,"Elegant lodging offering classic rooms & suites, plus high-end dining, a fitness center & a spa.","{'latitude': 39.9491188, 'longitude': -75.1648441}",4,https://www.hyatt.com/en-US/hotel/pennsylvania/the-bellevue-hotel/phlph?src=corp_lclb_google_seo_phlph&%3Futm_source=google&utm_medium=organic&utm_campaign=lmr,"[{'stars': 5, 'count': 1281}, {'stars': 4, 'count': 540}, {'stars': 3, 'count': 195}, {'stars': 2, 'count': 66}, {'stars': 1, 'count': 70}]",2152,"[{'name': 'Dining', 'description': 'Food and Beverage', 'total_mentioned': 179, 'positive': 124, 'negative': 40, 'neutral': 15}, {'name': 'Service', 'description': 'Service', 'total_mentioned': 379, 'positive': 307, 'negative': 60, 'neutral': 12}, {'name': 'Property', 'description': 'Property', 'total_mentioned': 513, 'positive': 398, 'negative': 76, 'neutral': 39}, {'name': 'Bar', 'description': 'Bar or lounge', 'total_mentioned': 126, 'positive': 93, 'negative': 17, 'neutral': 16}, {'name': 'Breakfast', 'description': 'Breakfast', 'total_mentioned': 84, 'positive': 56, 'negative': 21, 'neutral': 7}, {'name': 'Fitness', 'description': 'Fitness', 'total_mentioned': 58, 'positive': 34, 'negative': 16, 'neutral': 8}]"
