Name,Description,Coordinates,Hotel Class,Link,Ratings,Reviews,Reviews Breakdown
Fairfield Inn & Suites Philadelphia Horsham,"Relaxed rooms & suites in a casual hotel offering an indoor pool, plus free breakfast & Wi-Fi.","{'latitude': 40.1606488, 'longitude': -75.13282459999999}",3,https://www.marriott.com/en-us/hotels/phlfg-fairfield-inn-and-suites-philadelphia-horsham/overview/?scid=f2ae0541-1279-4f24-b197-a979c79310b0,"[{'stars': 5, 'count': 306}, {'stars': 4, 'count': 158}, {'stars': 3, 'count': 57}, {'stars': 2, 'count': 19}, {'stars': 1, 'count': 45}]",585,"[{'name': 'Pets', 'description': 'Pets', 'total_mentioned': 7, 'positive': 4, 'negative': 2, 'neutral': 1}, {'name': 'Pool', 'description': 'Pool', 'total_mentioned': 17, 'positive': 13, 'negative': 4, 'neutral': 0}, {'name': 'Couples', 'description': 'Couple friendly', 'total_mentioned': 6, 'positive': 1, 'negative': 1, 'neutral': 4}, {'name': 'Wi-Fi', 'description': 'Wi-Fi', 'total_mentioned': 10, 'positive': 5, 'negative': 5, 'neutral': 0}, {'name': 'Service', 'description': 'Service', 'total_mentioned': 193, 'positive': 138, 'negative': 46, 'neutral': 9}, {'name': 'Cleanliness', 'description': 'Cleanliness', 'total_mentioned': 166, 'positive': 132, 'negative': 28, 'neutral': 6}]"
TownePlace Suites Philadelphia Horsham,"Relaxed all-suite hotel featuring a gym & BBQs, as well as complimentary breakfast & parking.","{'latitude': 40.19234, 'longitude': -75.1540804}",2,https://www.marriott.com/en-us/hotels/phlth-towneplace-suites-philadelphia-horsham/overview/?scid=f2ae0541-1279-4f24-b197-a979c79310b0,"[{'stars': 5, 'count': 175}, {'stars': 4, 'count': 120}, {'stars': 3, 'count': 53}, {'stars': 2, 'count': 21}, {'stars': 1, 'count': 26}]",395,"[{'name': 'Fitness', 'description': 'Fitness', 'total_mentioned': 25, 'positive': 6, 'negative': 13, 'neutral': 6}, {'name': 'Gym', 'description': 'Gym', 'total_mentioned': 9, 'positive': 1, 'negative': 6, 'neutral': 2}, {'name': 'Parking', 'description': 'Parking', 'total_mentioned': 13, 'positive': 4, 'negative': 7, 'neutral': 2}, {'name': 'Pool', 'description': 'Pool', 'total_mentioned': 9, 'positive': 3, 'negative': 2, 'neutral': 4}, {'name': 'Pets', 'description': 'Pets', 'total_mentioned': 5, 'positive': 1, 'negative': 2, 'neutral': 2}, {'name': 'Sleep', 'description': 'Sleep', 'total_mentioned': 42, 'positive': 15, 'negative': 17, 'neutral': 10}]"
Joseph Ambler Inn,"Country-chic quarters on an 18th-century farm, plus a casual pub, free breakfast & upmarket dining.","{'latitude': 40.2385419, 'longitude': -75.2272587}",3,http://www.josephamblerinn.com/,"[{'stars': 5, 'count': 1069}, {'stars': 4, 'count': 346}, {'stars': 3, 'count': 89}, {'stars': 2, 'count': 43}, {'stars': 1, 'count': 41}]",1588,"[{'name': 'Dining', 'description': 'Food and Beverage', 'total_mentioned': 363, 'positive': 309, 'negative': 34, 'neutral': 20}, {'name': 'Service', 'description': 'Service', 'total_mentioned': 405, 'positive': 341, 'negative': 45, 'neutral': 19}, {'name': 'Property', 'description': 'Property', 'total_mentioned': 329, 'positive': 277, 'negative': 26, 'neutral': 26}, {'name': 'Kitchen', 'description': 'Kitchen', 'total_mentioned': 19, 'positive': 0, 'negative': 16, 'neutral': 3}]"
Lokal Hotel Fishtown,"Polished apartment hotel offering a courtyard, plus airy units with kitchens & Wi-Fi.","{'latitude': 39.9724377, 'longitude': -75.13498229999999}",N/A,http://staylokal.com/lokal-location/fishtown-boutique-hotel/,"[{'stars': 5, 'count': 178}, {'stars': 4, 'count': 13}, {'stars': 3, 'count': 2}, {'stars': 2, 'count': 1}, {'stars': 1, 'count': 0}]",194,"[{'name': 'Location', 'description': 'Location', 'total_mentioned': 71, 'positive': 67, 'negative': 1, 'neutral': 3}, {'name': 'Property', 'description': 'Property', 'total_mentioned': 88, 'positive': 83, 'negative': 2, 'neutral': 3}, {'name': 'Couples', 'description': 'Couple friendly', 'total_mentioned': 9, 'positive': 8, 'negative': 0, 'neutral': 1}, {'name': 'Safety', 'description': 'Safety', 'total_mentioned': 18, 'positive': 17, 'negative': 0, 'neutral': 1}, {'name': 'Kitchen', 'description': 'Kitchen', 'total_mentioned': 18, 'positive': 18, 'negative': 0, 'neutral': 0}, {'name': 'Room', 'description': 'Room amenities', 'total_mentioned': 29, 'positive': 27, 'negative': 2, 'neutral': 0}]"
Radisson Hotel Philadelphia Northeast,"Streamlined hotel featuring an atrium restaurant & a bar, plus an indoor/outdoor pool.","{'latitude': 40.1230888, 'longitude': -74.9780141}",3,https://www.choicehotels.com/pennsylvania/trevose/radisson-hotels/pa990?mc=llgoxxpx,"[{'stars': 5, 'count': 1026}, {'stars': 4, 'count': 617}, {'stars': 3, 'count': 288}, {'stars': 2, 'count': 154}, {'stars': 1, 'count': 219}]",2304,"[{'name': 'Service', 'description': 'Service', 'total_mentioned': 568, 'positive': 410, 'negative': 127, 'neutral': 31}, {'name': 'Pool', 'description': 'Pool', 'total_mentioned': 132, 'positive': 104, 'negative': 17, 'neutral': 11}, {'name': 'Atmosphere', 'description': 'Atmosphere', 'total_mentioned': 91, 'positive': 81, 'negative': 1, 'neutral': 9}, {'name': 'TV', 'description': 'Room entertainment', 'total_mentioned': 26, 'positive': 4, 'negative': 16, 'neutral': 6}, {'name': 'Kitchen', 'description': 'Kitchen', 'total_mentioned': 61, 'positive': 6, 'negative': 45, 'neutral': 10}, {'name': 'Accessibility', 'description': 'Accessibility', 'total_mentioned': 56, 'positive': 9, 'negative': 44, 'neutral': 3}]"
Manayunk Chambers Guest House and QUARTERS,"Warm B&B offering individually decorated rooms with fireplaces, plus free drinks & Wi-Fi.","{'latitude': 40.0277592, 'longitude': -75.2229021}",3,https://www.manayunkchambers.com/,"[{'stars': 5, 'count': 238}, {'stars': 4, 'count': 5}, {'stars': 3, 'count': 1}, {'stars': 2, 'count': 0}, {'stars': 1, 'count': 0}]",244,"[{'name': 'Breakfast', 'description': 'Breakfast', 'total_mentioned': 147, 'positive': 141, 'negative': 1, 'neutral': 5}, {'name': 'Restaurant', 'description': 'Restaurant', 'total_mentioned': 71, 'positive': 69, 'negative': 1, 'neutral': 1}, {'name': 'Couples', 'description': 'Couple friendly', 'total_mentioned': 17, 'positive': 16, 'negative': 0, 'neutral': 1}, {'name': 'Service', 'description': 'Service', 'total_mentioned': 122, 'positive': 119, 'negative': 0, 'neutral': 3}, {'name': 'Sleep', 'description': 'Sleep', 'total_mentioned': 62, 'positive': 59, 'negative': 0, 'neutral': 3}, {'name': 'Location', 'description': 'Location', 'total_mentioned': 69, 'positive': 65, 'negative': 0, 'neutral': 4}]"
Normandy Farm Hotel & Conference Center,Relaxed rooms with free Wi-Fi in a refined farm hotel with event facilities & a fine-dining eatery.,"{'latitude': 40.1800795, 'longitude': -75.2785282}",N/A,http://www.normandyfarm.com/,"[{'stars': 5, 'count': 1271}, {'stars': 4, 'count': 483}, {'stars': 3, 'count': 127}, {'stars': 2, 'count': 41}, {'stars': 1, 'count': 51}]",1973,"[{'name': 'Service', 'description': 'Service', 'total_mentioned': 451, 'positive': 381, 'negative': 53, 'neutral': 17}, {'name': 'Property', 'description': 'Property', 'total_mentioned': 362, 'positive': 311, 'negative': 33, 'neutral': 18}, {'name': 'Couples', 'description': 'Couple friendly', 'total_mentioned': 376, 'positive': 279, 'negative': 33, 'neutral': 64}, {'name': 'Air Conditioning', 'description': 'Air conditioning', 'total_mentioned': 11, 'positive': 2, 'negative': 9, 'neutral': 0}, {'name': 'Accessibility', 'description': 'Accessibility', 'total_mentioned': 17, 'positive': 4, 'negative': 11, 'neutral': 2}, {'name': 'Wi-Fi', 'description': 'Wi-Fi', 'total_mentioned': 18, 'positive': 2, 'negative': 12, 'neutral': 4}]"
Inn of the Dove at Bensalem-Jacuzzi & Fireplace Suites,"All-suites hotel featuring themed, romantic quarters with whirlpool tubs, fireplaces & kitchenettes.","{'latitude': 40.127098, 'longitude': -74.96726509999999}",2,https://www.dovesuites.com/,"[{'stars': 5, 'count': 593}, {'stars': 4, 'count': 222}, {'stars': 3, 'count': 87}, {'stars': 2, 'count': 49}, {'stars': 1, 'count': 143}]",1094,"[{'name': 'Couples', 'description': 'Couple friendly', 'total_mentioned': 112, 'positive': 88, 'negative': 13, 'neutral': 11}, {'name': 'Hot Tub', 'description': 'Hot tub', 'total_mentioned': 110, 'positive': 60, 'negative': 42, 'neutral': 8}, {'name': 'Fitness', 'description': 'Fitness', 'total_mentioned': 28, 'positive': 14, 'negative': 6, 'neutral': 8}, {'name': 'Wellness', 'description': 'Wellness', 'total_mentioned': 6, 'positive': 2, 'negative': 4, 'neutral': 0}, {'name': 'Wi-Fi', 'description': 'Wi-Fi', 'total_mentioned': 10, 'positive': 2, 'negative': 6, 'neutral': 2}, {'name': 'Breakfast', 'description': 'Breakfast', 'total_mentioned': 24, 'positive': 7, 'negative': 10, 'neutral': 7}]"
