Name,Description,Coordinates,Hotel Class,Link,Ratings,Reviews,Reviews Breakdown
Americas Best Value Inn Pottstown,"Complimentary breakfast & Wi-Fi at a low-key budget hotel with guest laundry, plus free parking.","{'latitude': 40.2465508, 'longitude': -75.6547615}",2,https://www.sonesta.com/americas-best-value-inn/pa/pottstown/americas-best-value-inn-pottstown,"[{'stars': 5, 'count': 73}, {'stars': 4, 'count': 37}, {'stars': 3, 'count': 56}, {'stars': 2, 'count': 70}, {'stars': 1, 'count': 190}]",426,"[{'name': 'Safety', 'description': 'Safety', 'total_mentioned': 28, 'positive': 2, 'negative': 26, 'neutral': 0}, {'name': 'Bathroom', 'description': 'Bathroom and toiletries', 'total_mentioned': 52, 'positive': 2, 'negative': 46, 'neutral': 4}, {'name': 'Cleanliness', 'description': 'Cleanliness', 'total_mentioned': 111, 'positive': 20, 'negative': 84, 'neutral': 7}, {'name': 'Kitchen', 'description': 'Kitchen', 'total_mentioned': 16, 'positive': 1, 'negative': 11, 'neutral': 4}, {'name': 'Property', 'description': 'Property', 'total_mentioned': 111, 'positive': 21, 'negative': 80, 'neutral': 10}, {'name': 'TV', 'description': 'Room entertainment', 'total_mentioned': 22, 'positive': 2, 'negative': 18, 'neutral': 2}]"
Valley Forge Casino Resort,"Casual casino hotel offering a spa, a seasonal outdoor pool & dining, plus 2 event venues.","{'latitude': 40.096667, 'longitude': -75.41576049999999}",N/A,https://vfcasino.boydgaming.com/,"[{'stars': 5, 'count': 3366}, {'stars': 4, 'count': 2120}, {'stars': 3, 'count': 1322}, {'stars': 2, 'count': 526}, {'stars': 1, 'count': 676}]",8010,"[{'name': 'Property', 'description': 'Property', 'total_mentioned': 883, 'positive': 650, 'negative': 155, 'neutral': 78}, {'name': 'Service', 'description': 'Service', 'total_mentioned': 791, 'positive': 530, 'negative': 218, 'neutral': 43}, {'name': 'Cleanliness', 'description': 'Cleanliness', 'total_mentioned': 467, 'positive': 343, 'negative': 92, 'neutral': 32}, {'name': 'Kitchen', 'description': 'Kitchen', 'total_mentioned': 20, 'positive': 4, 'negative': 13, 'neutral': 3}, {'name': 'Wi-Fi', 'description': 'Wi-Fi', 'total_mentioned': 13, 'positive': 0, 'negative': 10, 'neutral': 3}, {'name': 'Air Conditioning', 'description': 'Air conditioning', 'total_mentioned': 26, 'positive': 4, 'negative': 19, 'neutral': 3}]"
The Atherton Inn,N/A,"{'latitude': 40.333581699999996, 'longitude': -75.6368792}",N/A,http://www.the-atherton.com/,"[{'stars': 5, 'count': 20}, {'stars': 4, 'count': 1}, {'stars': 3, 'count': 2}, {'stars': 2, 'count': 0}, {'stars': 1, 'count': 0}]",23,"[{'name': 'Location', 'description': 'Location', 'total_mentioned': 6, 'positive': 6, 'negative': 0, 'neutral': 0}, {'name': 'Bathroom', 'description': 'Bathroom and toiletries', 'total_mentioned': 6, 'positive': 5, 'negative': 0, 'neutral': 1}, {'name': 'Atmosphere', 'description': 'Atmosphere', 'total_mentioned': 7, 'positive': 7, 'negative': 0, 'neutral': 0}, {'name': 'Property', 'description': 'Property', 'total_mentioned': 16, 'positive': 16, 'negative': 0, 'neutral': 0}]"
"The Prussia Hotel, BW Signature Collection","Laid-back budget hotel with a seasonal outdoor pool & a gym, plus free breakfast & parking.","{'latitude': 40.0845731, 'longitude': -75.3880416}",3,https://www.bestwestern.com/en_US/book/hotel-rooms.39091.html?iata=00171880&ssob=BLBWI0004G&cid=BLBWI0004G:google:gmb:39091,"[{'stars': 5, 'count': 611}, {'stars': 4, 'count': 454}, {'stars': 3, 'count': 167}, {'stars': 2, 'count': 69}, {'stars': 1, 'count': 93}]",1394,"[{'name': 'Property', 'description': 'Property', 'total_mentioned': 406, 'positive': 294, 'negative': 83, 'neutral': 29}, {'name': 'Cleanliness', 'description': 'Cleanliness', 'total_mentioned': 329, 'positive': 231, 'negative': 82, 'neutral': 16}, {'name': 'Pool', 'description': 'Pool', 'total_mentioned': 41, 'positive': 33, 'negative': 5, 'neutral': 3}, {'name': 'Breakfast', 'description': 'Breakfast', 'total_mentioned': 250, 'positive': 188, 'negative': 41, 'neutral': 21}, {'name': 'Hot Tub', 'description': 'Hot tub', 'total_mentioned': 15, 'positive': 10, 'negative': 4, 'neutral': 1}, {'name': 'Fitness', 'description': 'Fitness', 'total_mentioned': 93, 'positive': 65, 'negative': 16, 'neutral': 12}]"
Bally Spring Inn,N/A,"{'latitude': 40.4304098, 'longitude': -75.6263081}",2,http://www.ballyspringinn.com/,"[{'stars': 5, 'count': 141}, {'stars': 4, 'count': 19}, {'stars': 3, 'count': 4}, {'stars': 2, 'count': 1}, {'stars': 1, 'count': 9}]",174,"[{'name': 'Service', 'description': 'Service', 'total_mentioned': 73, 'positive': 66, 'negative': 5, 'neutral': 2}, {'name': 'Couples', 'description': 'Couple friendly', 'total_mentioned': 88, 'positive': 70, 'negative': 5, 'neutral': 13}, {'name': 'Property', 'description': 'Property', 'total_mentioned': 59, 'positive': 54, 'negative': 4, 'neutral': 1}]"
Mainstay Inn,"Casual redbrick hotel offering simple rooms, plus free continental breakfast, parking & Wi-Fi.","{'latitude': 40.1338055, 'longitude': -75.51543199999999}",2,https://www.mainstayinn.net/?utm_source=google&utm_medium=wix_google_business_profile&utm_campaign=16963254304344759994,"[{'stars': 5, 'count': 107}, {'stars': 4, 'count': 70}, {'stars': 3, 'count': 53}, {'stars': 2, 'count': 28}, {'stars': 1, 'count': 32}]",290,"[{'name': 'Location', 'description': 'Location', 'total_mentioned': 69, 'positive': 57, 'negative': 9, 'neutral': 3}, {'name': 'Service', 'description': 'Service', 'total_mentioned': 83, 'positive': 55, 'negative': 21, 'neutral': 7}, {'name': 'Bathroom', 'description': 'Bathroom and toiletries', 'total_mentioned': 26, 'positive': 5, 'negative': 18, 'neutral': 3}, {'name': 'Parking', 'description': 'Parking', 'total_mentioned': 55, 'positive': 8, 'negative': 40, 'neutral': 7}]"
French Creek Inn,"Simple roadside hotel offering rooms with microwaves, fridges & TVs, plus free breakfast & parking.","{'latitude': 40.1432313, 'longitude': -75.5494689}",2,http://www.frenchcreekinn.net/,"[{'stars': 5, 'count': 59}, {'stars': 4, 'count': 67}, {'stars': 3, 'count': 27}, {'stars': 2, 'count': 13}, {'stars': 1, 'count': 29}]",195,"[{'name': 'Service', 'description': 'Service', 'total_mentioned': 63, 'positive': 50, 'negative': 9, 'neutral': 4}, {'name': 'Location', 'description': 'Location', 'total_mentioned': 21, 'positive': 17, 'negative': 3, 'neutral': 1}, {'name': 'Breakfast', 'description': 'Breakfast', 'total_mentioned': 19, 'positive': 13, 'negative': 5, 'neutral': 1}, {'name': 'Bathroom', 'description': 'Bathroom and toiletries', 'total_mentioned': 28, 'positive': 5, 'negative': 17, 'neutral': 6}]"
Hyatt House Philadelphia/King of Prussia,"Unfussy quarters, some with kitchens, in a relaxed hotel offering a pool, a bar & free breakfast.","{'latitude': 40.0926057, 'longitude': -75.3930041}",3,https://www.hyatt.com/en-US/hotel/pennsylvania/hyatt-house-philadelphia-king-of-prussia/phlxk?src=corp_lclb_google_seo_phlxk&%3Futm_source=google&utm_medium=organic&utm_campaign=lmr,"[{'stars': 5, 'count': 615}, {'stars': 4, 'count': 224}, {'stars': 3, 'count': 59}, {'stars': 2, 'count': 25}, {'stars': 1, 'count': 34}]",957,"[{'name': 'Property', 'description': 'Property', 'total_mentioned': 282, 'positive': 234, 'negative': 31, 'neutral': 17}, {'name': 'Hot Tub', 'description': 'Hot tub', 'total_mentioned': 17, 'positive': 12, 'negative': 5, 'neutral': 0}, {'name': 'Pool', 'description': 'Pool', 'total_mentioned': 31, 'positive': 25, 'negative': 6, 'neutral': 0}, {'name': 'Cleanliness', 'description': 'Cleanliness', 'total_mentioned': 196, 'positive': 159, 'negative': 28, 'neutral': 9}, {'name': 'Couples', 'description': 'Couple friendly', 'total_mentioned': 7, 'positive': 5, 'negative': 0, 'neutral': 2}, {'name': 'Breakfast', 'description': 'Breakfast', 'total_mentioned': 135, 'positive': 103, 'negative': 22, 'neutral': 10}]"
