Name,Description,Coordinates,Hotel Class,Link,Ratings,Reviews,Reviews Breakdown
The Inn at Grace Winery,"Country-style rooms & cottages on a 50-acre estate & winery, plus a seasonal outdoor pool.","{'latitude': 39.926173, 'longitude': -75.478878}",N/A,http://www.gracewinery.com/,"[{'stars': 5, 'count': 253}, {'stars': 4, 'count': 30}, {'stars': 3, 'count': 9}, {'stars': 2, 'count': 5}, {'stars': 1, 'count': 20}]",317,"[{'name': 'Service', 'description': 'Service', 'total_mentioned': 123, 'positive': 104, 'negative': 14, 'neutral': 5}, {'name': 'Property', 'description': 'Property', 'total_mentioned': 90, 'positive': 82, 'negative': 7, 'neutral': 1}, {'name': 'Dining', 'description': 'Food and Beverage', 'total_mentioned': 80, 'positive': 73, 'negative': 4, 'neutral': 3}]"
SureStay Plus by Best Western Brandywine Valley,"Warm quarters, some with whirlpool tubs, in a relaxed property offering a 24-hour gym & a pool.","{'latitude': 39.786970499999995, 'longitude': -75.5448376}",3,https://www.bestwestern.com/en_US/book/hotel-rooms.55020.html?iata=90000026&ssob=BLSSH0004G&cid=BLSSH0004G:google:gmb:55020,"[{'stars': 5, 'count': 165}, {'stars': 4, 'count': 106}, {'stars': 3, 'count': 72}, {'stars': 2, 'count': 59}, {'stars': 1, 'count': 126}]",528,"[{'name': 'Location', 'description': 'Location', 'total_mentioned': 36, 'positive': 26, 'negative': 4, 'neutral': 6}, {'name': 'Fitness', 'description': 'Fitness', 'total_mentioned': 26, 'positive': 17, 'negative': 6, 'neutral': 3}, {'name': 'Atmosphere', 'description': 'Atmosphere', 'total_mentioned': 11, 'positive': 11, 'negative': 0, 'neutral': 0}, {'name': 'Pets', 'description': 'Pets', 'total_mentioned': 10, 'positive': 1, 'negative': 6, 'neutral': 3}, {'name': 'Air Conditioning', 'description': 'Air conditioning', 'total_mentioned': 12, 'positive': 3, 'negative': 9, 'neutral': 0}, {'name': 'Parking', 'description': 'Parking', 'total_mentioned': 15, 'positive': 3, 'negative': 12, 'neutral': 0}]"
The Inn at Swarthmore,"Warm rooms in an understated hotel offering a casual restaurant/bar, plus a 24-hour gym.","{'latitude': 39.9016491, 'longitude': -75.3511398}",3,https://www.theinnatswat.com/,"[{'stars': 5, 'count': 260}, {'stars': 4, 'count': 94}, {'stars': 3, 'count': 33}, {'stars': 2, 'count': 10}, {'stars': 1, 'count': 16}]",413,"[{'name': 'Property', 'description': 'Property', 'total_mentioned': 86, 'positive': 75, 'negative': 6, 'neutral': 5}, {'name': 'Service', 'description': 'Service', 'total_mentioned': 105, 'positive': 84, 'negative': 16, 'neutral': 5}, {'name': 'Dining', 'description': 'Food and Beverage', 'total_mentioned': 62, 'positive': 44, 'negative': 10, 'neutral': 8}, {'name': 'Accessibility', 'description': 'Accessibility', 'total_mentioned': 10, 'positive': 2, 'negative': 8, 'neutral': 0}, {'name': 'Bathroom', 'description': 'Bathroom and toiletries', 'total_mentioned': 22, 'positive': 5, 'negative': 16, 'neutral': 1}]"
General Warren,"Traditional, old-world American eatery with a terrace & fireplace inside a historic boutique hotel.","{'latitude': 40.042733299999995, 'longitude': -75.52453059999999}",4,http://www.generalwarren.com/,"[{'stars': 5, 'count': 666}, {'stars': 4, 'count': 143}, {'stars': 3, 'count': 42}, {'stars': 2, 'count': 17}, {'stars': 1, 'count': 27}]",895,"[{'name': 'Dining', 'description': 'Food and Beverage', 'total_mentioned': 271, 'positive': 234, 'negative': 23, 'neutral': 14}, {'name': 'Service', 'description': 'Service', 'total_mentioned': 223, 'positive': 194, 'negative': 21, 'neutral': 8}, {'name': 'Property', 'description': 'Property', 'total_mentioned': 157, 'positive': 146, 'negative': 7, 'neutral': 4}]"
Wayne Hotel,"Landmark hotel with classic rooms featuring free WiFi, continental breakfast & off-site gym access.","{'latitude': 40.044309899999995, 'longitude': -75.3863555}",3,https://waynehotel.com/,"[{'stars': 5, 'count': 131}, {'stars': 4, 'count': 42}, {'stars': 3, 'count': 10}, {'stars': 2, 'count': 4}, {'stars': 1, 'count': 7}]",194,"[{'name': 'Nightlife', 'description': 'Nightlife', 'total_mentioned': 6, 'positive': 4, 'negative': 1, 'neutral': 1}, {'name': 'Property', 'description': 'Property', 'total_mentioned': 60, 'positive': 56, 'negative': 3, 'neutral': 1}, {'name': 'Service', 'description': 'Service', 'total_mentioned': 47, 'positive': 39, 'negative': 6, 'neutral': 2}, {'name': 'Dining', 'description': 'Food and Beverage', 'total_mentioned': 33, 'positive': 28, 'negative': 3, 'neutral': 2}, {'name': 'Location', 'description': 'Location', 'total_mentioned': 26, 'positive': 25, 'negative': 1, 'neutral': 0}, {'name': 'Bar', 'description': 'Bar or lounge', 'total_mentioned': 21, 'positive': 19, 'negative': 0, 'neutral': 2}]"
"The Prussia Hotel, BW Signature Collection","Laid-back budget hotel with a seasonal outdoor pool & a gym, plus free breakfast & parking.","{'latitude': 40.0845731, 'longitude': -75.3880416}",3,https://www.bestwestern.com/en_US/book/hotel-rooms.39091.html?iata=00171880&ssob=BLBWI0004G&cid=BLBWI0004G:google:gmb:39091,"[{'stars': 5, 'count': 611}, {'stars': 4, 'count': 454}, {'stars': 3, 'count': 167}, {'stars': 2, 'count': 69}, {'stars': 1, 'count': 93}]",1394,"[{'name': 'Property', 'description': 'Property', 'total_mentioned': 406, 'positive': 294, 'negative': 83, 'neutral': 29}, {'name': 'Cleanliness', 'description': 'Cleanliness', 'total_mentioned': 329, 'positive': 231, 'negative': 82, 'neutral': 16}, {'name': 'Pool', 'description': 'Pool', 'total_mentioned': 41, 'positive': 33, 'negative': 5, 'neutral': 3}, {'name': 'Breakfast', 'description': 'Breakfast', 'total_mentioned': 250, 'positive': 188, 'negative': 41, 'neutral': 21}, {'name': 'Hot Tub', 'description': 'Hot tub', 'total_mentioned': 15, 'positive': 10, 'negative': 4, 'neutral': 1}, {'name': 'Fitness', 'description': 'Fitness', 'total_mentioned': 93, 'positive': 65, 'negative': 16, 'neutral': 12}]"
The Inn at Montchanin Village & Spa - A Historic Hotel of America,"Secluded, restored 19th-century village offering rooms & suites in refurbished workers' cottages.","{'latitude': 39.7906502, 'longitude': -75.5887699}",4,http://www.montchanin.com/,"[{'stars': 5, 'count': 112}, {'stars': 4, 'count': 35}, {'stars': 3, 'count': 8}, {'stars': 2, 'count': 6}, {'stars': 1, 'count': 13}]",174,"[{'name': 'Property', 'description': 'Property', 'total_mentioned': 41, 'positive': 30, 'negative': 10, 'neutral': 1}, {'name': 'Dining', 'description': 'Food and Beverage', 'total_mentioned': 23, 'positive': 19, 'negative': 4, 'neutral': 0}, {'name': 'Location', 'description': 'Location', 'total_mentioned': 12, 'positive': 10, 'negative': 2, 'neutral': 0}, {'name': 'Sleep', 'description': 'Sleep', 'total_mentioned': 15, 'positive': 5, 'negative': 9, 'neutral': 1}]"
SpringHill Suites Philadelphia Airport/Ridley Park,"Relaxed all-suite hotel with a free airport shuttle & breakfast, plus an indoor pool & 24/7 store.","{'latitude': 39.8665174, 'longitude': -75.31583499999999}",3,https://www.marriott.com/en-us/hotels/phlsr-springhill-suites-philadelphia-airport-ridley-park/overview/?scid=f2ae0541-1279-4f24-b197-a979c79310b0,"[{'stars': 5, 'count': 572}, {'stars': 4, 'count': 278}, {'stars': 3, 'count': 77}, {'stars': 2, 'count': 26}, {'stars': 1, 'count': 29}]",982,"[{'name': 'Property', 'description': 'Property', 'total_mentioned': 297, 'positive': 258, 'negative': 25, 'neutral': 14}, {'name': 'Service', 'description': 'Service', 'total_mentioned': 273, 'positive': 226, 'negative': 33, 'neutral': 14}, {'name': 'Cleanliness', 'description': 'Cleanliness', 'total_mentioned': 217, 'positive': 176, 'negative': 31, 'neutral': 10}, {'name': 'Air Conditioning', 'description': 'Air conditioning', 'total_mentioned': 16, 'positive': 4, 'negative': 11, 'neutral': 1}, {'name': 'Accessibility', 'description': 'Accessibility', 'total_mentioned': 19, 'positive': 3, 'negative': 13, 'neutral': 3}]"
Philadelphia South / Clarksboro KOA Holiday,N/A,"{'latitude': 39.807689499999995, 'longitude': -75.2372067}",N/A,https://koa.com/campgrounds/philadelphia-south/?utm_source=google&utm_medium=organic&utm_campaign=gbp,"[{'stars': 5, 'count': 390}, {'stars': 4, 'count': 129}, {'stars': 3, 'count': 45}, {'stars': 2, 'count': 38}, {'stars': 1, 'count': 57}]",659,"[{'name': 'Cleanliness', 'description': 'Cleanliness', 'total_mentioned': 139, 'positive': 118, 'negative': 13, 'neutral': 8}, {'name': 'Service', 'description': 'Service', 'total_mentioned': 210, 'positive': 151, 'negative': 50, 'neutral': 9}, {'name': 'Location', 'description': 'Location', 'total_mentioned': 94, 'positive': 75, 'negative': 10, 'neutral': 9}, {'name': 'Wi-Fi', 'description': 'Wi-Fi', 'total_mentioned': 19, 'positive': 2, 'negative': 14, 'neutral': 3}]"
Manayunk Chambers Guest House and QUARTERS,"Warm B&B offering individually decorated rooms with fireplaces, plus free drinks & Wi-Fi.","{'latitude': 40.0277592, 'longitude': -75.2229021}",3,https://www.manayunkchambers.com/,"[{'stars': 5, 'count': 238}, {'stars': 4, 'count': 5}, {'stars': 3, 'count': 1}, {'stars': 2, 'count': 0}, {'stars': 1, 'count': 0}]",244,"[{'name': 'Breakfast', 'description': 'Breakfast', 'total_mentioned': 147, 'positive': 141, 'negative': 1, 'neutral': 5}, {'name': 'Restaurant', 'description': 'Restaurant', 'total_mentioned': 71, 'positive': 69, 'negative': 1, 'neutral': 1}, {'name': 'Couples', 'description': 'Couple friendly', 'total_mentioned': 17, 'positive': 16, 'negative': 0, 'neutral': 1}, {'name': 'Service', 'description': 'Service', 'total_mentioned': 122, 'positive': 119, 'negative': 0, 'neutral': 3}, {'name': 'Sleep', 'description': 'Sleep', 'total_mentioned': 62, 'positive': 59, 'negative': 0, 'neutral': 3}, {'name': 'Location', 'description': 'Location', 'total_mentioned': 69, 'positive': 65, 'negative': 0, 'neutral': 4}]"
Aloft Philadelphia Airport,"Sleek airport hotel offering a stylish bar, a gym & an indoor pool, plus a free airport shuttle.","{'latitude': 39.8911197, 'longitude': -75.2338319}",3,https://www.marriott.com/en-us/hotels/phlai-aloft-philadelphia-airport/overview/?scid=f2ae0541-1279-4f24-b197-a979c79310b0,"[{'stars': 5, 'count': 556}, {'stars': 4, 'count': 341}, {'stars': 3, 'count': 182}, {'stars': 2, 'count': 97}, {'stars': 1, 'count': 157}]",1333,"[{'name': 'Transit', 'description': 'Public transit', 'total_mentioned': 165, 'positive': 96, 'negative': 41, 'neutral': 28}, {'name': 'Service', 'description': 'Service', 'total_mentioned': 389, 'positive': 238, 'negative': 129, 'neutral': 22}, {'name': 'Fitness', 'description': 'Fitness', 'total_mentioned': 78, 'positive': 40, 'negative': 29, 'neutral': 9}, {'name': 'Cleanliness', 'description': 'Cleanliness', 'total_mentioned': 266, 'positive': 179, 'negative': 79, 'neutral': 8}, {'name': 'Sleep', 'description': 'Sleep', 'total_mentioned': 166, 'positive': 51, 'negative': 101, 'neutral': 14}, {'name': 'Pool', 'description': 'Pool', 'total_mentioned': 38, 'positive': 24, 'negative': 11, 'neutral': 3}]"
Courtyard Philadelphia Great Valley/Malvern,"Modern 5-story hotel offering an indoor pool, plus a business center & free WiFi.","{'latitude': 40.05619, 'longitude': -75.52958699999999}",3,https://www.marriott.com/en-us/hotels/phlgv-courtyard-philadelphia-great-valley-malvern/overview/?scid=f2ae0541-1279-4f24-b197-a979c79310b0,"[{'stars': 5, 'count': 219}, {'stars': 4, 'count': 128}, {'stars': 3, 'count': 31}, {'stars': 2, 'count': 24}, {'stars': 1, 'count': 27}]",429,"[{'name': 'Couples', 'description': 'Couple friendly', 'total_mentioned': 11, 'positive': 5, 'negative': 3, 'neutral': 3}, {'name': 'Fitness', 'description': 'Fitness', 'total_mentioned': 21, 'positive': 9, 'negative': 7, 'neutral': 5}, {'name': 'Dining', 'description': 'Food and Beverage', 'total_mentioned': 19, 'positive': 8, 'negative': 11, 'neutral': 0}, {'name': 'Wi-Fi', 'description': 'Wi-Fi', 'total_mentioned': 5, 'positive': 2, 'negative': 2, 'neutral': 1}, {'name': 'Bar', 'description': 'Bar or lounge', 'total_mentioned': 12, 'positive': 6, 'negative': 4, 'neutral': 2}, {'name': 'Pool', 'description': 'Pool', 'total_mentioned': 9, 'positive': 6, 'negative': 2, 'neutral': 1}]"
