Name,Description,Coordinates,Hotel Class,Link,Ratings,Reviews,Reviews Breakdown
Fairfield Inn & Suites Philadelphia Horsham,"Relaxed rooms & suites in a casual hotel offering an indoor pool, plus free breakfast & Wi-Fi.","{'latitude': 40.1606488, 'longitude': -75.13282459999999}",3,https://www.marriott.com/en-us/hotels/phlfg-fairfield-inn-and-suites-philadelphia-horsham/overview/?scid=f2ae0541-1279-4f24-b197-a979c79310b0,"[{'stars': 5, 'count': 306}, {'stars': 4, 'count': 158}, {'stars': 3, 'count': 57}, {'stars': 2, 'count': 19}, {'stars': 1, 'count': 45}]",585,"[{'name': 'Pets', 'description': 'Pets', 'total_mentioned': 7, 'positive': 4, 'negative': 2, 'neutral': 1}, {'name': 'Pool', 'description': 'Pool', 'total_mentioned': 17, 'positive': 13, 'negative': 4, 'neutral': 0}, {'name': 'Couples', 'description': 'Couple friendly', 'total_mentioned': 6, 'positive': 1, 'negative': 1, 'neutral': 4}, {'name': 'Wi-Fi', 'description': 'Wi-Fi', 'total_mentioned': 10, 'positive': 5, 'negative': 5, 'neutral': 0}, {'name': 'Service', 'description': 'Service', 'total_mentioned': 193, 'positive': 138, 'negative': 46, 'neutral': 9}, {'name': 'Cleanliness', 'description': 'Cleanliness', 'total_mentioned': 166, 'positive': 132, 'negative': 28, 'neutral': 6}]"
TownePlace Suites Philadelphia Horsham,"Relaxed all-suite hotel featuring a gym & BBQs, as well as complimentary breakfast & parking.","{'latitude': 40.19234, 'longitude': -75.1540804}",2,https://www.marriott.com/en-us/hotels/phlth-towneplace-suites-philadelphia-horsham/overview/?scid=f2ae0541-1279-4f24-b197-a979c79310b0,"[{'stars': 5, 'count': 175}, {'stars': 4, 'count': 120}, {'stars': 3, 'count': 53}, {'stars': 2, 'count': 21}, {'stars': 1, 'count': 26}]",395,"[{'name': 'Fitness', 'description': 'Fitness', 'total_mentioned': 25, 'positive': 6, 'negative': 13, 'neutral': 6}, {'name': 'Gym', 'description': 'Gym', 'total_mentioned': 9, 'positive': 1, 'negative': 6, 'neutral': 2}, {'name': 'Parking', 'description': 'Parking', 'total_mentioned': 13, 'positive': 4, 'negative': 7, 'neutral': 2}, {'name': 'Pool', 'description': 'Pool', 'total_mentioned': 9, 'positive': 3, 'negative': 2, 'neutral': 4}, {'name': 'Pets', 'description': 'Pets', 'total_mentioned': 5, 'positive': 1, 'negative': 2, 'neutral': 2}, {'name': 'Sleep', 'description': 'Sleep', 'total_mentioned': 42, 'positive': 15, 'negative': 17, 'neutral': 10}]"
The Inn at Bowman's Hill,Elegant B&B on a 5-acre estate offering 2-person whirlpool tubs & an outdoor pool.,"{'latitude': 40.322689, 'longitude': -74.93955989999999}",4,http://www.theinnatbowmanshill.com/,"[{'stars': 5, 'count': 262}, {'stars': 4, 'count': 5}, {'stars': 3, 'count': 1}, {'stars': 2, 'count': 0}, {'stars': 1, 'count': 3}]",271,"[{'name': 'Service', 'description': 'Service', 'total_mentioned': 148, 'positive': 145, 'negative': 3, 'neutral': 0}, {'name': 'Property', 'description': 'Property', 'total_mentioned': 120, 'positive': 117, 'negative': 2, 'neutral': 1}, {'name': 'Breakfast', 'description': 'Breakfast', 'total_mentioned': 118, 'positive': 115, 'negative': 1, 'neutral': 2}]"
Inn of the Dove at Bensalem-Jacuzzi & Fireplace Suites,"All-suites hotel featuring themed, romantic quarters with whirlpool tubs, fireplaces & kitchenettes.","{'latitude': 40.127098, 'longitude': -74.96726509999999}",2,https://www.dovesuites.com/,"[{'stars': 5, 'count': 593}, {'stars': 4, 'count': 222}, {'stars': 3, 'count': 87}, {'stars': 2, 'count': 49}, {'stars': 1, 'count': 143}]",1094,"[{'name': 'Couples', 'description': 'Couple friendly', 'total_mentioned': 112, 'positive': 88, 'negative': 13, 'neutral': 11}, {'name': 'Hot Tub', 'description': 'Hot tub', 'total_mentioned': 110, 'positive': 60, 'negative': 42, 'neutral': 8}, {'name': 'Fitness', 'description': 'Fitness', 'total_mentioned': 28, 'positive': 14, 'negative': 6, 'neutral': 8}, {'name': 'Wellness', 'description': 'Wellness', 'total_mentioned': 6, 'positive': 2, 'negative': 4, 'neutral': 0}, {'name': 'Wi-Fi', 'description': 'Wi-Fi', 'total_mentioned': 10, 'positive': 2, 'negative': 6, 'neutral': 2}, {'name': 'Breakfast', 'description': 'Breakfast', 'total_mentioned': 24, 'positive': 7, 'negative': 10, 'neutral': 7}]"
Joseph Ambler Inn,"Country-chic quarters on an 18th-century farm, plus a casual pub, free breakfast & upmarket dining.","{'latitude': 40.2385419, 'longitude': -75.2272587}",3,http://www.josephamblerinn.com/,"[{'stars': 5, 'count': 1069}, {'stars': 4, 'count': 346}, {'stars': 3, 'count': 89}, {'stars': 2, 'count': 43}, {'stars': 1, 'count': 41}]",1588,"[{'name': 'Dining', 'description': 'Food and Beverage', 'total_mentioned': 363, 'positive': 309, 'negative': 34, 'neutral': 20}, {'name': 'Service', 'description': 'Service', 'total_mentioned': 405, 'positive': 341, 'negative': 45, 'neutral': 19}, {'name': 'Property', 'description': 'Property', 'total_mentioned': 329, 'positive': 277, 'negative': 26, 'neutral': 26}, {'name': 'Kitchen', 'description': 'Kitchen', 'total_mentioned': 19, 'positive': 0, 'negative': 16, 'neutral': 3}]"
River House at Odette's,"Choice riverside hotel in a brick building with a swanky restaurant, a piano lounge & a rooftop bar.","{'latitude': 40.3556673, 'longitude': -74.9483225}",N/A,https://www.riverhousenewhope.com/,"[{'stars': 5, 'count': 395}, {'stars': 4, 'count': 71}, {'stars': 3, 'count': 60}, {'stars': 2, 'count': 52}, {'stars': 1, 'count': 71}]",649,"[{'name': 'Bar', 'description': 'Bar or lounge', 'total_mentioned': 147, 'positive': 94, 'negative': 40, 'neutral': 13}, {'name': 'Parking', 'description': 'Parking', 'total_mentioned': 107, 'positive': 34, 'negative': 63, 'neutral': 10}, {'name': 'Nightlife', 'description': 'Nightlife', 'total_mentioned': 50, 'positive': 32, 'negative': 9, 'neutral': 9}, {'name': 'Dining', 'description': 'Food and Beverage', 'total_mentioned': 218, 'positive': 124, 'negative': 69, 'neutral': 25}, {'name': 'Couples', 'description': 'Couple friendly', 'total_mentioned': 72, 'positive': 48, 'negative': 14, 'neutral': 10}, {'name': 'Nature', 'description': 'Nature and outdoor activities', 'total_mentioned': 41, 'positive': 41, 'negative': 0, 'neutral': 0}]"
The Doylestown Inn,"Upscale boutique hotel built in 1871 offering antiques-filled rooms, plus 2 bars & trendy dining.","{'latitude': 40.3096259, 'longitude': -75.1309593}",4,https://www.hatterydoylestown.com/,"[{'stars': 5, 'count': 133}, {'stars': 4, 'count': 43}, {'stars': 3, 'count': 6}, {'stars': 2, 'count': 2}, {'stars': 1, 'count': 4}]",188,"[{'name': 'Couples', 'description': 'Couple friendly', 'total_mentioned': 17, 'positive': 15, 'negative': 1, 'neutral': 1}, {'name': 'Bar', 'description': 'Bar or lounge', 'total_mentioned': 23, 'positive': 21, 'negative': 1, 'neutral': 1}, {'name': 'Parking', 'description': 'Parking', 'total_mentioned': 19, 'positive': 6, 'negative': 7, 'neutral': 6}, {'name': 'Family', 'description': 'Family friendly', 'total_mentioned': 10, 'positive': 10, 'negative': 0, 'neutral': 0}, {'name': 'Dining', 'description': 'Food and Beverage', 'total_mentioned': 29, 'positive': 27, 'negative': 1, 'neutral': 1}, {'name': 'Room', 'description': 'Room amenities', 'total_mentioned': 12, 'positive': 5, 'negative': 5, 'neutral': 2}]"
Radisson Hotel Philadelphia Northeast,"Streamlined hotel featuring an atrium restaurant & a bar, plus an indoor/outdoor pool.","{'latitude': 40.1230888, 'longitude': -74.9780141}",3,https://www.choicehotels.com/pennsylvania/trevose/radisson-hotels/pa990?mc=llgoxxpx,"[{'stars': 5, 'count': 1026}, {'stars': 4, 'count': 617}, {'stars': 3, 'count': 288}, {'stars': 2, 'count': 154}, {'stars': 1, 'count': 219}]",2304,"[{'name': 'Service', 'description': 'Service', 'total_mentioned': 568, 'positive': 410, 'negative': 127, 'neutral': 31}, {'name': 'Pool', 'description': 'Pool', 'total_mentioned': 132, 'positive': 104, 'negative': 17, 'neutral': 11}, {'name': 'Atmosphere', 'description': 'Atmosphere', 'total_mentioned': 91, 'positive': 81, 'negative': 1, 'neutral': 9}, {'name': 'TV', 'description': 'Room entertainment', 'total_mentioned': 26, 'positive': 4, 'negative': 16, 'neutral': 6}, {'name': 'Kitchen', 'description': 'Kitchen', 'total_mentioned': 61, 'positive': 6, 'negative': 45, 'neutral': 10}, {'name': 'Accessibility', 'description': 'Accessibility', 'total_mentioned': 56, 'positive': 9, 'negative': 44, 'neutral': 3}]"
Logan Inn in New Hope PA,"Upscale 18th-century lodging offering rooms with period furnishings & free WiFi, plus 2 restaurants.","{'latitude': 40.3633355, 'longitude': -74.95159919999999}",3,http://loganinn.com/,"[{'stars': 5, 'count': 508}, {'stars': 4, 'count': 203}, {'stars': 3, 'count': 74}, {'stars': 2, 'count': 40}, {'stars': 1, 'count': 56}]",881,"[{'name': 'Bar', 'description': 'Bar or lounge', 'total_mentioned': 159, 'positive': 100, 'negative': 41, 'neutral': 18}, {'name': 'Dining', 'description': 'Food and Beverage', 'total_mentioned': 255, 'positive': 180, 'negative': 55, 'neutral': 20}, {'name': 'Nightlife', 'description': 'Nightlife', 'total_mentioned': 25, 'positive': 17, 'negative': 4, 'neutral': 4}, {'name': 'Breakfast', 'description': 'Breakfast', 'total_mentioned': 96, 'positive': 75, 'negative': 16, 'neutral': 5}, {'name': 'Property', 'description': 'Property', 'total_mentioned': 191, 'positive': 154, 'negative': 23, 'neutral': 14}, {'name': 'Kitchen', 'description': 'Kitchen', 'total_mentioned': 17, 'positive': 5, 'negative': 11, 'neutral': 1}]"
Carriage House of New Hope,"Charming inn featuring complimentary breakfast, plus a cozy lounge & river views.","{'latitude': 40.3618589, 'longitude': -74.9500726}",2,http://www.carriagehouseofnewhope.com/,"[{'stars': 5, 'count': 19}, {'stars': 4, 'count': 3}, {'stars': 3, 'count': 0}, {'stars': 2, 'count': 0}, {'stars': 1, 'count': 2}]",24,"[{'name': 'Room', 'description': 'Room amenities', 'total_mentioned': 10, 'positive': 9, 'negative': 1, 'neutral': 0}, {'name': 'Property', 'description': 'Property', 'total_mentioned': 9, 'positive': 9, 'negative': 0, 'neutral': 0}, {'name': 'Location', 'description': 'Location', 'total_mentioned': 7, 'positive': 6, 'negative': 1, 'neutral': 0}, {'name': 'Atmosphere', 'description': 'Atmosphere', 'total_mentioned': 5, 'positive': 5, 'negative': 0, 'neutral': 0}, {'name': 'Service', 'description': 'Service', 'total_mentioned': 5, 'positive': 4, 'negative': 1, 'neutral': 0}]"
Sheraton Bucks County Langhorne,"Functional hotel with a casual restaurant & a cocktail lounge, plus an indoor pool & a 24-hour gym.","{'latitude': 40.1834992, 'longitude': -74.8693912}",3,https://www.marriott.com/en-us/hotels/phlbc-sheraton-bucks-county-langhorne/overview/?scid=f2ae0541-1279-4f24-b197-a979c79310b0,"[{'stars': 5, 'count': 800}, {'stars': 4, 'count': 428}, {'stars': 3, 'count': 169}, {'stars': 2, 'count': 79}, {'stars': 1, 'count': 140}]",1616,"[{'name': 'Property', 'description': 'Property', 'total_mentioned': 445, 'positive': 318, 'negative': 97, 'neutral': 30}, {'name': 'Service', 'description': 'Service', 'total_mentioned': 457, 'positive': 333, 'negative': 99, 'neutral': 25}, {'name': 'Cleanliness', 'description': 'Cleanliness', 'total_mentioned': 303, 'positive': 215, 'negative': 73, 'neutral': 15}, {'name': 'Wi-Fi', 'description': 'Wi-Fi', 'total_mentioned': 11, 'positive': 3, 'negative': 7, 'neutral': 1}, {'name': 'Safety', 'description': 'Safety', 'total_mentioned': 15, 'positive': 0, 'negative': 11, 'neutral': 4}, {'name': 'Air Conditioning', 'description': 'Air conditioning', 'total_mentioned': 19, 'positive': 2, 'negative': 13, 'neutral': 4}]"
Normandy Farm Hotel & Conference Center,Relaxed rooms with free Wi-Fi in a refined farm hotel with event facilities & a fine-dining eatery.,"{'latitude': 40.1800795, 'longitude': -75.2785282}",N/A,http://www.normandyfarm.com/,"[{'stars': 5, 'count': 1271}, {'stars': 4, 'count': 483}, {'stars': 3, 'count': 127}, {'stars': 2, 'count': 41}, {'stars': 1, 'count': 51}]",1973,"[{'name': 'Service', 'description': 'Service', 'total_mentioned': 451, 'positive': 381, 'negative': 53, 'neutral': 17}, {'name': 'Property', 'description': 'Property', 'total_mentioned': 362, 'positive': 311, 'negative': 33, 'neutral': 18}, {'name': 'Couples', 'description': 'Couple friendly', 'total_mentioned': 376, 'positive': 279, 'negative': 33, 'neutral': 64}, {'name': 'Air Conditioning', 'description': 'Air conditioning', 'total_mentioned': 11, 'positive': 2, 'negative': 9, 'neutral': 0}, {'name': 'Accessibility', 'description': 'Accessibility', 'total_mentioned': 17, 'positive': 4, 'negative': 11, 'neutral': 2}, {'name': 'Wi-Fi', 'description': 'Wi-Fi', 'total_mentioned': 18, 'positive': 2, 'negative': 12, 'neutral': 4}]"
Hotel Du Village,"Boutique hotel on a remodeled country estate offering modern rooms, an outdoor pool & tennis courts.","{'latitude': 40.3811371, 'longitude': -74.9659468}",3,https://landmarkvenues.com/venues/hotel-du-village-bucks-county-pa/,"[{'stars': 5, 'count': 271}, {'stars': 4, 'count': 78}, {'stars': 3, 'count': 22}, {'stars': 2, 'count': 10}, {'stars': 1, 'count': 23}]",404,"[{'name': 'Couples', 'description': 'Couple friendly', 'total_mentioned': 139, 'positive': 107, 'negative': 13, 'neutral': 19}, {'name': 'Service', 'description': 'Service', 'total_mentioned': 116, 'positive': 95, 'negative': 19, 'neutral': 2}, {'name': 'Property', 'description': 'Property', 'total_mentioned': 77, 'positive': 58, 'negative': 12, 'neutral': 7}, {'name': 'Bathroom', 'description': 'Bathroom and toiletries', 'total_mentioned': 20, 'positive': 4, 'negative': 14, 'neutral': 2}, {'name': 'Sleep', 'description': 'Sleep', 'total_mentioned': 17, 'positive': 1, 'negative': 13, 'neutral': 3}]"
The Temperance House,"Understated, Colonial-inspired quarters in an 18th-century hotel with a bar & a seafood restaurant.","{'latitude': 40.2290139, 'longitude': -74.9365806}",3,http://www.temperancehouse.com/,"[{'stars': 5, 'count': 387}, {'stars': 4, 'count': 152}, {'stars': 3, 'count': 39}, {'stars': 2, 'count': 16}, {'stars': 1, 'count': 35}]",629,"[{'name': 'Nightlife', 'description': 'Nightlife', 'total_mentioned': 63, 'positive': 53, 'negative': 6, 'neutral': 4}, {'name': 'Accessibility', 'description': 'Accessibility', 'total_mentioned': 6, 'positive': 2, 'negative': 4, 'neutral': 0}, {'name': 'Air Conditioning', 'description': 'Air conditioning', 'total_mentioned': 6, 'positive': 1, 'negative': 4, 'neutral': 1}, {'name': 'Bar', 'description': 'Bar or lounge', 'total_mentioned': 144, 'positive': 112, 'negative': 21, 'neutral': 11}, {'name': 'Dining', 'description': 'Food and Beverage', 'total_mentioned': 191, 'positive': 155, 'negative': 27, 'neutral': 9}, {'name': 'Service', 'description': 'Service', 'total_mentioned': 140, 'positive': 113, 'negative': 23, 'neutral': 4}]"
The Brick Hotel/Inn/Lodging,Refined rooms in a genteel 18th-century lodging with relaxed dining & free continental breakfast.,"{'latitude': 40.229487299999995, 'longitude': -74.93633580000001}",3,N/A,"[{'stars': 5, 'count': 102}, {'stars': 4, 'count': 42}, {'stars': 3, 'count': 37}, {'stars': 2, 'count': 26}, {'stars': 1, 'count': 48}]",255,"[{'name': 'Bathroom', 'description': 'Bathroom and toiletries', 'total_mentioned': 23, 'positive': 3, 'negative': 16, 'neutral': 4}, {'name': 'Kitchen', 'description': 'Kitchen', 'total_mentioned': 13, 'positive': 2, 'negative': 11, 'neutral': 0}, {'name': 'Service', 'description': 'Service', 'total_mentioned': 70, 'positive': 34, 'negative': 27, 'neutral': 9}, {'name': 'Property', 'description': 'Property', 'total_mentioned': 54, 'positive': 30, 'negative': 19, 'neutral': 5}, {'name': 'Dining', 'description': 'Food and Beverage', 'total_mentioned': 53, 'positive': 32, 'negative': 15, 'neutral': 6}, {'name': 'Sleep', 'description': 'Sleep', 'total_mentioned': 19, 'positive': 6, 'negative': 10, 'neutral': 3}]"
SpringHill Suites Philadelphia Langhorne,"Relaxed all-suite hotel featuring an indoor pool & a gym, plus complimentary Wi-Fi & breakfast.","{'latitude': 40.187396, 'longitude': -74.8706849}",2,https://www.marriott.com/en-us/hotels/phlsp-springhill-suites-philadelphia-langhorne/overview/?scid=f2ae0541-1279-4f24-b197-a979c79310b0,"[{'stars': 5, 'count': 311}, {'stars': 4, 'count': 178}, {'stars': 3, 'count': 77}, {'stars': 2, 'count': 49}, {'stars': 1, 'count': 104}]",719,"[{'name': 'Location', 'description': 'Location', 'total_mentioned': 140, 'positive': 103, 'negative': 13, 'neutral': 24}, {'name': 'Atmosphere', 'description': 'Atmosphere', 'total_mentioned': 38, 'positive': 38, 'negative': 0, 'neutral': 0}, {'name': 'TV', 'description': 'Room entertainment', 'total_mentioned': 13, 'positive': 4, 'negative': 8, 'neutral': 1}, {'name': 'Safety', 'description': 'Safety', 'total_mentioned': 13, 'positive': 4, 'negative': 9, 'neutral': 0}, {'name': 'Business', 'description': 'Business', 'total_mentioned': 17, 'positive': 3, 'negative': 12, 'neutral': 2}]"
The Hawke Inn,N/A,"{'latitude': 40.3626917, 'longitude': -74.9435508}",N/A,https://thehawkeinn.com/,"[{'stars': 5, 'count': 2}, {'stars': 4, 'count': 0}, {'stars': 3, 'count': 0}, {'stars': 2, 'count': 0}, {'stars': 1, 'count': 0}]",2,N/A
Lambertville House,"19th-century hotel with unique decor, marble baths & free WiFi, plus a colonial-style eatery/bar.","{'latitude': 40.3657639, 'longitude': -74.94512499999999}",3,http://www.lambertvillehouse.com/,"[{'stars': 5, 'count': 300}, {'stars': 4, 'count': 97}, {'stars': 3, 'count': 26}, {'stars': 2, 'count': 16}, {'stars': 1, 'count': 31}]",470,"[{'name': 'Hot Tub', 'description': 'Hot tub', 'total_mentioned': 9, 'positive': 5, 'negative': 3, 'neutral': 1}, {'name': 'Service', 'description': 'Service', 'total_mentioned': 126, 'positive': 93, 'negative': 29, 'neutral': 4}, {'name': 'Bar', 'description': 'Bar or lounge', 'total_mentioned': 101, 'positive': 73, 'negative': 19, 'neutral': 9}, {'name': 'Dining', 'description': 'Food and Beverage', 'total_mentioned': 123, 'positive': 90, 'negative': 24, 'neutral': 9}, {'name': 'Property', 'description': 'Property', 'total_mentioned': 107, 'positive': 93, 'negative': 8, 'neutral': 6}, {'name': 'Breakfast', 'description': 'Breakfast', 'total_mentioned': 48, 'positive': 39, 'negative': 6, 'neutral': 3}]"
