Name,Description,Coordinates,Hotel Class,Link,Ratings,Reviews,Reviews Breakdown
Wingate by Wyndham Goodlettsville,"Laid-back hotel offering complimentary Wi-Fi, breakfast & parking, plus a gym & an outdoor pool.","{'latitude': 36.3239077, 'longitude': -86.69995589999999}",3,https://www.wyndhamhotels.com/wingate/goodlettsville-tennessee/wingate-by-wyndham-goodlettsville/overview?CID=LC:7hcm1fujuihd89e:50069&iata=00093796,"[{'stars': 5, 'count': 257}, {'stars': 4, 'count': 111}, {'stars': 3, 'count': 56}, {'stars': 2, 'count': 27}, {'stars': 1, 'count': 70}]",521,"[{'name': 'Breakfast', 'description': 'Breakfast', 'total_mentioned': 87, 'positive': 40, 'negative': 35, 'neutral': 12}, {'name': 'Service', 'description': 'Service', 'total_mentioned': 145, 'positive': 86, 'negative': 55, 'neutral': 4}, {'name': 'Restaurant', 'description': 'Restaurant', 'total_mentioned': 55, 'positive': 28, 'negative': 22, 'neutral': 5}, {'name': 'Bathroom', 'description': 'Bathroom and toiletries', 'total_mentioned': 72, 'positive': 16, 'negative': 49, 'neutral': 7}, {'name': 'Sleep', 'description': 'Sleep', 'total_mentioned': 88, 'positive': 48, 'negative': 32, 'neutral': 8}, {'name': 'Bar', 'description': 'Bar or lounge', 'total_mentioned': 12, 'positive': 3, 'negative': 7, 'neutral': 2}]"
Comfort Suites At Rivergate Mall,Bright suites with freebies like Wi-Fi & breakfast in modern hotel featuring an indoor heated pool.,"{'latitude': 36.306745, 'longitude': -86.70410299999999}",3,https://www.choicehotels.com/tennessee/goodlettsville/comfort-suites-hotels/tn268?mc=llgoxxpx,"[{'stars': 5, 'count': 294}, {'stars': 4, 'count': 175}, {'stars': 3, 'count': 113}, {'stars': 2, 'count': 64}, {'stars': 1, 'count': 114}]",760,"[{'name': 'Hot Tub', 'description': 'Hot tub', 'total_mentioned': 30, 'positive': 10, 'negative': 16, 'neutral': 4}, {'name': 'Service', 'description': 'Service', 'total_mentioned': 167, 'positive': 78, 'negative': 77, 'neutral': 12}, {'name': 'Breakfast', 'description': 'Breakfast', 'total_mentioned': 93, 'positive': 47, 'negative': 28, 'neutral': 18}, {'name': 'Fitness', 'description': 'Fitness', 'total_mentioned': 79, 'positive': 36, 'negative': 34, 'neutral': 9}, {'name': 'Restaurant', 'description': 'Restaurant', 'total_mentioned': 57, 'positive': 31, 'negative': 17, 'neutral': 9}, {'name': 'Sleep', 'description': 'Sleep', 'total_mentioned': 125, 'positive': 49, 'negative': 66, 'neutral': 10}]"
Lotus Inn and Suites Nashville,Unassuming rooms with balconies or patios in a straightforward motel offering free Wi-Fi & parking.,"{'latitude': 36.1537317, 'longitude': -86.6279674}",2,https://rapidhotels.com/LotusInnandSuites,"[{'stars': 5, 'count': 83}, {'stars': 4, 'count': 43}, {'stars': 3, 'count': 57}, {'stars': 2, 'count': 57}, {'stars': 1, 'count': 270}]",510,"[{'name': 'Cleanliness', 'description': 'Cleanliness', 'total_mentioned': 156, 'positive': 21, 'negative': 130, 'neutral': 5}, {'name': 'Bathroom', 'description': 'Bathroom and toiletries', 'total_mentioned': 84, 'positive': 3, 'negative': 77, 'neutral': 4}, {'name': 'Sleep', 'description': 'Sleep', 'total_mentioned': 100, 'positive': 10, 'negative': 83, 'neutral': 7}, {'name': 'Property', 'description': 'Property', 'total_mentioned': 155, 'positive': 26, 'negative': 119, 'neutral': 10}, {'name': 'Wi-Fi', 'description': 'Wi-Fi', 'total_mentioned': 12, 'positive': 1, 'negative': 11, 'neutral': 0}, {'name': 'Service', 'description': 'Service', 'total_mentioned': 73, 'positive': 12, 'negative': 58, 'neutral': 3}]"
TownePlace Suites Nashville Airport,"Informal all-suite hotel with free breakfast & parking, plus an indoor pool & a gym.","{'latitude': 36.1506076, 'longitude': -86.66928930000002}",3,https://www.marriott.com/en-us/hotels/bnats-towneplace-suites-nashville-airport/overview/?scid=f2ae0541-1279-4f24-b197-a979c79310b0,"[{'stars': 5, 'count': 349}, {'stars': 4, 'count': 153}, {'stars': 3, 'count': 60}, {'stars': 2, 'count': 32}, {'stars': 1, 'count': 46}]",640,"[{'name': 'Service', 'description': 'Service', 'total_mentioned': 217, 'positive': 169, 'negative': 36, 'neutral': 12}, {'name': 'Breakfast', 'description': 'Breakfast', 'total_mentioned': 77, 'positive': 54, 'negative': 12, 'neutral': 11}, {'name': 'Transit', 'description': 'Public transit', 'total_mentioned': 37, 'positive': 26, 'negative': 9, 'neutral': 2}, {'name': 'Pets', 'description': 'Pets', 'total_mentioned': 13, 'positive': 7, 'negative': 4, 'neutral': 2}, {'name': 'Cleanliness', 'description': 'Cleanliness', 'total_mentioned': 134, 'positive': 105, 'negative': 25, 'neutral': 4}, {'name': 'Kitchen', 'description': 'Kitchen', 'total_mentioned': 41, 'positive': 17, 'negative': 15, 'neutral': 9}]"
Red Roof Inn Nashville - Music City,"Unpretentious budget hotel offering straightforward rooms, plus a gym & an outdoor pool.","{'latitude': 36.210293799999995, 'longitude': -86.7772425}",2,https://www.redroof.com/property/tn/nashville/RRI777?utm_source=GMB&utm_medium=Google&utm_campaign=GMB_Performance_RRI777,"[{'stars': 5, 'count': 295}, {'stars': 4, 'count': 246}, {'stars': 3, 'count': 204}, {'stars': 2, 'count': 147}, {'stars': 1, 'count': 210}]",1102,"[{'name': 'Pets', 'description': 'Pets', 'total_mentioned': 66, 'positive': 31, 'negative': 26, 'neutral': 9}, {'name': 'Cleanliness', 'description': 'Cleanliness', 'total_mentioned': 293, 'positive': 115, 'negative': 161, 'neutral': 17}, {'name': 'Breakfast', 'description': 'Breakfast', 'total_mentioned': 100, 'positive': 36, 'negative': 50, 'neutral': 14}, {'name': 'Bathroom', 'description': 'Bathroom and toiletries', 'total_mentioned': 138, 'positive': 12, 'negative': 121, 'neutral': 5}, {'name': 'Service', 'description': 'Service', 'total_mentioned': 256, 'positive': 133, 'negative': 103, 'neutral': 20}, {'name': 'Property', 'description': 'Property', 'total_mentioned': 360, 'positive': 145, 'negative': 183, 'neutral': 32}]"
Gaylord Opryland Resort & Convention Center,"Upscale resort featuring a glass atrium, indoor gardens & pools, plus a spa & dining.","{'latitude': 36.2122412, 'longitude': -86.6946459}",4,https://www.marriott.com/en-us/hotels/bnago-gaylord-opryland-resort-and-convention-center/overview/?scid=f2ae0541-1279-4f24-b197-a979c79310b0,"[{'stars': 5, 'count': 22964}, {'stars': 4, 'count': 5181}, {'stars': 3, 'count': 1595}, {'stars': 2, 'count': 782}, {'stars': 1, 'count': 1075}]",31597,"[{'name': 'Nature', 'description': 'Nature and outdoor activities', 'total_mentioned': 462, 'positive': 431, 'negative': 17, 'neutral': 14}, {'name': 'Family', 'description': 'Family friendly', 'total_mentioned': 1414, 'positive': 1048, 'negative': 239, 'neutral': 127}, {'name': 'Couples', 'description': 'Couple friendly', 'total_mentioned': 382, 'positive': 267, 'negative': 36, 'neutral': 79}, {'name': 'Business', 'description': 'Business', 'total_mentioned': 965, 'positive': 564, 'negative': 195, 'neutral': 206}, {'name': 'Parking', 'description': 'Parking', 'total_mentioned': 1558, 'positive': 248, 'negative': 1002, 'neutral': 308}, {'name': 'Property', 'description': 'Property', 'total_mentioned': 7634, 'positive': 6324, 'negative': 812, 'neutral': 498}]"
Madison Square Inn,N/A,"{'latitude': 36.2526817, 'longitude': -86.7161102}",N/A,N/A,"[{'stars': 5, 'count': 44}, {'stars': 4, 'count': 15}, {'stars': 3, 'count': 26}, {'stars': 2, 'count': 16}, {'stars': 1, 'count': 64}]",165,"[{'name': 'Cleanliness', 'description': 'Cleanliness', 'total_mentioned': 28, 'positive': 6, 'negative': 21, 'neutral': 1}, {'name': 'Sleep', 'description': 'Sleep', 'total_mentioned': 18, 'positive': 0, 'negative': 17, 'neutral': 1}, {'name': 'Service', 'description': 'Service', 'total_mentioned': 23, 'positive': 9, 'negative': 14, 'neutral': 0}, {'name': 'Property', 'description': 'Property', 'total_mentioned': 29, 'positive': 7, 'negative': 21, 'neutral': 1}, {'name': 'Bathroom', 'description': 'Bathroom and toiletries', 'total_mentioned': 7, 'positive': 0, 'negative': 6, 'neutral': 1}, {'name': 'Room', 'description': 'Room amenities', 'total_mentioned': 7, 'positive': 1, 'negative': 5, 'neutral': 1}]"
Nashville KOA Resort,N/A,"{'latitude': 36.2338752, 'longitude': -86.70763550000001}",3,https://koa.com/campgrounds/nashville/?utm_source=google&utm_medium=organic&utm_campaign=gbp,"[{'stars': 5, 'count': 1243}, {'stars': 4, 'count': 318}, {'stars': 3, 'count': 152}, {'stars': 2, 'count': 68}, {'stars': 1, 'count': 154}]",1935,"[{'name': 'Hot Tub', 'description': 'Hot tub', 'total_mentioned': 77, 'positive': 66, 'negative': 5, 'neutral': 6}, {'name': 'Fitness', 'description': 'Fitness', 'total_mentioned': 270, 'positive': 223, 'negative': 31, 'neutral': 16}, {'name': 'Pets', 'description': 'Pets', 'total_mentioned': 88, 'positive': 46, 'negative': 30, 'neutral': 12}, {'name': 'Pool', 'description': 'Pool', 'total_mentioned': 148, 'positive': 137, 'negative': 4, 'neutral': 7}, {'name': 'Family', 'description': 'Family friendly', 'total_mentioned': 147, 'positive': 109, 'negative': 28, 'neutral': 10}, {'name': 'Nature', 'description': 'Nature and outdoor activities', 'total_mentioned': 34, 'positive': 19, 'negative': 12, 'neutral': 3}]"
Yogi Bear's Jellystone Park - Nashville TN,Camping resort with a Yogi Bear theme featuring an outdoor pool & mini-golf course.,"{'latitude': 36.231182499999996, 'longitude': -86.70476029999999}",N/A,N/A,"[{'stars': 5, 'count': 238}, {'stars': 4, 'count': 96}, {'stars': 3, 'count': 42}, {'stars': 2, 'count': 29}, {'stars': 1, 'count': 50}]",455,"[{'name': 'Family', 'description': 'Family friendly', 'total_mentioned': 72, 'positive': 53, 'negative': 14, 'neutral': 5}, {'name': 'Cleanliness', 'description': 'Cleanliness', 'total_mentioned': 52, 'positive': 40, 'negative': 8, 'neutral': 4}, {'name': 'Location', 'description': 'Location', 'total_mentioned': 46, 'positive': 33, 'negative': 9, 'neutral': 4}]"
Germantown Inn,Warm boutique hotel in a converted 19th-century home offering colorful suites & a courtyard.,"{'latitude': 36.1755614, 'longitude': -86.7895279}",3,http://www.germantowninn.com/,"[{'stars': 5, 'count': 105}, {'stars': 4, 'count': 5}, {'stars': 3, 'count': 4}, {'stars': 2, 'count': 0}, {'stars': 1, 'count': 2}]",116,"[{'name': 'Couples', 'description': 'Couple friendly', 'total_mentioned': 5, 'positive': 5, 'negative': 0, 'neutral': 0}, {'name': 'Breakfast', 'description': 'Breakfast', 'total_mentioned': 21, 'positive': 19, 'negative': 0, 'neutral': 2}, {'name': 'Location', 'description': 'Location', 'total_mentioned': 37, 'positive': 36, 'negative': 0, 'neutral': 1}, {'name': 'Bar', 'description': 'Bar or lounge', 'total_mentioned': 15, 'positive': 14, 'negative': 0, 'neutral': 1}, {'name': 'Service', 'description': 'Service', 'total_mentioned': 49, 'positive': 49, 'negative': 0, 'neutral': 0}, {'name': 'Sleep', 'description': 'Sleep', 'total_mentioned': 22, 'positive': 20, 'negative': 2, 'neutral': 0}]"
Club Wyndham Nashville,"Casual all-suite hotel with indoor & outdoor pools, plus a gym, a playground & free Wi-Fi.","{'latitude': 36.2200209, 'longitude': -86.7047055}",3,https://www.wyndhamnashville.com/?Identifier=psearch&hotelid=2989&utm_medium=referral&utm_source=google.com-local&utm_campaign=yext&utm_content=wynnashville,"[{'stars': 5, 'count': 1865}, {'stars': 4, 'count': 849}, {'stars': 3, 'count': 332}, {'stars': 2, 'count': 134}, {'stars': 1, 'count': 196}]",3376,"[{'name': 'Hot Tub', 'description': 'Hot tub', 'total_mentioned': 35, 'positive': 18, 'negative': 13, 'neutral': 4}, {'name': 'Fitness', 'description': 'Fitness', 'total_mentioned': 172, 'positive': 123, 'negative': 30, 'neutral': 19}, {'name': 'Location', 'description': 'Location', 'total_mentioned': 487, 'positive': 393, 'negative': 41, 'neutral': 53}, {'name': 'Service', 'description': 'Service', 'total_mentioned': 559, 'positive': 384, 'negative': 140, 'neutral': 35}, {'name': 'Property', 'description': 'Property', 'total_mentioned': 862, 'positive': 611, 'negative': 194, 'neutral': 57}, {'name': 'Cleanliness', 'description': 'Cleanliness', 'total_mentioned': 428, 'positive': 301, 'negative': 106, 'neutral': 21}]"
Nashville Shores Lakeside Resort,"Visitors play in the lagoon, slide down water flumes, ride on zip lines or rent boats on the lake.","{'latitude': 36.1584115, 'longitude': -86.6030188}",N/A,https://nashvilleshores.com/lodging/,"[{'stars': 5, 'count': 2898}, {'stars': 4, 'count': 1040}, {'stars': 3, 'count': 408}, {'stars': 2, 'count': 161}, {'stars': 1, 'count': 212}]",4719,"[{'name': 'Nature', 'description': 'Nature and outdoor activities', 'total_mentioned': 171, 'positive': 123, 'negative': 28, 'neutral': 20}, {'name': 'Family', 'description': 'Family friendly', 'total_mentioned': 624, 'positive': 522, 'negative': 63, 'neutral': 39}, {'name': 'Fitness', 'description': 'Fitness', 'total_mentioned': 385, 'positive': 211, 'negative': 117, 'neutral': 57}, {'name': 'Dining', 'description': 'Food and Beverage', 'total_mentioned': 244, 'positive': 72, 'negative': 142, 'neutral': 30}, {'name': 'Bar', 'description': 'Bar or lounge', 'total_mentioned': 131, 'positive': 40, 'negative': 76, 'neutral': 15}, {'name': 'Pool', 'description': 'Pool', 'total_mentioned': 71, 'positive': 51, 'negative': 13, 'neutral': 7}]"
"The Inn at Opryland, A Gaylord Hotel","Bright rooms in a casual hotel with an atrium pool & a restaurant, plus free area shuttle & parking.","{'latitude': 36.2178213, 'longitude': -86.6950437}",3,https://www.marriott.com/en-us/hotels/bnagi-the-inn-at-opryland-a-gaylord-hotel/overview/?scid=f2ae0541-1279-4f24-b197-a979c79310b0,"[{'stars': 5, 'count': 1282}, {'stars': 4, 'count': 714}, {'stars': 3, 'count': 323}, {'stars': 2, 'count': 143}, {'stars': 1, 'count': 156}]",2618,"[{'name': 'Fitness', 'description': 'Fitness', 'total_mentioned': 200, 'positive': 126, 'negative': 52, 'neutral': 22}, {'name': 'Hot Tub', 'description': 'Hot tub', 'total_mentioned': 31, 'positive': 20, 'negative': 7, 'neutral': 4}, {'name': 'Pool', 'description': 'Pool', 'total_mentioned': 119, 'positive': 86, 'negative': 20, 'neutral': 13}, {'name': 'Service', 'description': 'Service', 'total_mentioned': 516, 'positive': 380, 'negative': 92, 'neutral': 44}, {'name': 'Property', 'description': 'Property', 'total_mentioned': 782, 'positive': 486, 'negative': 209, 'neutral': 87}, {'name': 'Cleanliness', 'description': 'Cleanliness', 'total_mentioned': 382, 'positive': 254, 'negative': 98, 'neutral': 30}]"
SpringHill Suites Nashville MetroCenter,"Casual all-suite hotel with free WiFi & breakfast, plus an indoor/outdoor pool & a 24-hour store.","{'latitude': 36.1937188, 'longitude': -86.8010099}",3,https://www.marriott.com/en-us/hotels/bnasm-springhill-suites-nashville-metrocenter/overview/?scid=f2ae0541-1279-4f24-b197-a979c79310b0,"[{'stars': 5, 'count': 292}, {'stars': 4, 'count': 204}, {'stars': 3, 'count': 72}, {'stars': 2, 'count': 49}, {'stars': 1, 'count': 88}]",705,"[{'name': 'Breakfast', 'description': 'Breakfast', 'total_mentioned': 117, 'positive': 55, 'negative': 47, 'neutral': 15}, {'name': 'Restaurant', 'description': 'Restaurant', 'total_mentioned': 62, 'positive': 30, 'negative': 23, 'neutral': 9}, {'name': 'Service', 'description': 'Service', 'total_mentioned': 225, 'positive': 154, 'negative': 58, 'neutral': 13}, {'name': 'Cleanliness', 'description': 'Cleanliness', 'total_mentioned': 178, 'positive': 110, 'negative': 59, 'neutral': 9}, {'name': 'Fitness', 'description': 'Fitness', 'total_mentioned': 56, 'positive': 23, 'negative': 28, 'neutral': 5}, {'name': 'Hot Tub', 'description': 'Hot tub', 'total_mentioned': 10, 'positive': 5, 'negative': 4, 'neutral': 1}]"
Hermitage Inn,N/A,"{'latitude': 36.2011877, 'longitude': -86.61837949999999}",2,https://www.hermitageinntennessee.com/,"[{'stars': 5, 'count': 87}, {'stars': 4, 'count': 52}, {'stars': 3, 'count': 75}, {'stars': 2, 'count': 47}, {'stars': 1, 'count': 126}]",387,"[{'name': 'Cleanliness', 'description': 'Cleanliness', 'total_mentioned': 72, 'positive': 24, 'negative': 42, 'neutral': 6}, {'name': 'Safety', 'description': 'Safety', 'total_mentioned': 25, 'positive': 4, 'negative': 20, 'neutral': 1}, {'name': 'Sleep', 'description': 'Sleep', 'total_mentioned': 47, 'positive': 7, 'negative': 36, 'neutral': 4}, {'name': 'Bathroom', 'description': 'Bathroom and toiletries', 'total_mentioned': 30, 'positive': 4, 'negative': 25, 'neutral': 1}, {'name': 'Service', 'description': 'Service', 'total_mentioned': 55, 'positive': 28, 'negative': 26, 'neutral': 1}, {'name': 'Property', 'description': 'Property', 'total_mentioned': 83, 'positive': 28, 'negative': 47, 'neutral': 8}]"
Fairfield Inn & Suites Nashville Hendersonville,"Casual hotel offering an indoor pool & a gym, plus complimentary breakfast, parking & Wi-Fi.","{'latitude': 36.330449099999996, 'longitude': -86.5968132}",2,https://www.marriott.com/en-us/hotels/bnafv-fairfield-inn-and-suites-nashville-hendersonville/overview/?scid=f2ae0541-1279-4f24-b197-a979c79310b0,"[{'stars': 5, 'count': 254}, {'stars': 4, 'count': 79}, {'stars': 3, 'count': 21}, {'stars': 2, 'count': 23}, {'stars': 1, 'count': 43}]",420,"[{'name': 'Hot Tub', 'description': 'Hot tub', 'total_mentioned': 16, 'positive': 5, 'negative': 7, 'neutral': 4}, {'name': 'Fitness', 'description': 'Fitness', 'total_mentioned': 27, 'positive': 11, 'negative': 14, 'neutral': 2}, {'name': 'Breakfast', 'description': 'Breakfast', 'total_mentioned': 62, 'positive': 42, 'negative': 14, 'neutral': 6}, {'name': 'Air Conditioning', 'description': 'Air conditioning', 'total_mentioned': 13, 'positive': 2, 'negative': 11, 'neutral': 0}, {'name': 'Bar', 'description': 'Bar or lounge', 'total_mentioned': 14, 'positive': 7, 'negative': 5, 'neutral': 2}, {'name': 'Restaurant', 'description': 'Restaurant', 'total_mentioned': 33, 'positive': 22, 'negative': 8, 'neutral': 3}]"
Radisson Hotel Nashville Airport,"Relaxed hotel with free parking & airport shuttle service, plus a restaurant, a pool & a gym.","{'latitude': 36.143974199999995, 'longitude': -86.66473529999999}",3,https://www.choicehotels.com/tennessee/nashville/radisson-hotels/tna30?mc=llgoxxpx,"[{'stars': 5, 'count': 782}, {'stars': 4, 'count': 456}, {'stars': 3, 'count': 175}, {'stars': 2, 'count': 61}, {'stars': 1, 'count': 98}]",1572,"[{'name': 'Transit', 'description': 'Public transit', 'total_mentioned': 140, 'positive': 97, 'negative': 20, 'neutral': 23}, {'name': 'Service', 'description': 'Service', 'total_mentioned': 425, 'positive': 333, 'negative': 68, 'neutral': 24}, {'name': 'Cleanliness', 'description': 'Cleanliness', 'total_mentioned': 329, 'positive': 264, 'negative': 38, 'neutral': 27}, {'name': 'Property', 'description': 'Property', 'total_mentioned': 424, 'positive': 324, 'negative': 66, 'neutral': 34}, {'name': 'Fitness', 'description': 'Fitness', 'total_mentioned': 72, 'positive': 45, 'negative': 19, 'neutral': 8}, {'name': 'Sleep', 'description': 'Sleep', 'total_mentioned': 160, 'positive': 80, 'negative': 66, 'neutral': 14}]"
Wyndham Vacation Resorts - Nashville,N/A,"{'latitude': 36.2192529, 'longitude': -86.704126}",N/A,https://www.wyndhamnashville.com/,"[{'stars': 5, 'count': 235}, {'stars': 4, 'count': 91}, {'stars': 3, 'count': 36}, {'stars': 2, 'count': 16}, {'stars': 1, 'count': 20}]",398,"[{'name': 'Hot Tub', 'description': 'Hot tub', 'total_mentioned': 5, 'positive': 4, 'negative': 0, 'neutral': 1}, {'name': 'Transit', 'description': 'Public transit', 'total_mentioned': 16, 'positive': 11, 'negative': 2, 'neutral': 3}, {'name': 'Fitness', 'description': 'Fitness', 'total_mentioned': 21, 'positive': 18, 'negative': 2, 'neutral': 1}, {'name': 'Service', 'description': 'Service', 'total_mentioned': 65, 'positive': 45, 'negative': 18, 'neutral': 2}, {'name': 'Location', 'description': 'Location', 'total_mentioned': 51, 'positive': 40, 'negative': 4, 'neutral': 7}, {'name': 'Property', 'description': 'Property', 'total_mentioned': 100, 'positive': 67, 'negative': 25, 'neutral': 8}]"
