Name,Description,Coordinates,Hotel Class,Link,Ratings,Reviews,Reviews Breakdown
Aloft Nashville Franklin,"Contemporary hotel with a trendy bar/restaurant & an indoor pool, plus free Wi-Fi & parking.","{'latitude': 35.9516007, 'longitude': -86.81411899999999}",3,https://www.marriott.com/en-us/hotels/bnaal-aloft-nashville-franklin/overview/?scid=f2ae0541-1279-4f24-b197-a979c79310b0,"[{'stars': 5, 'count': 505}, {'stars': 4, 'count': 241}, {'stars': 3, 'count': 96}, {'stars': 2, 'count': 44}, {'stars': 1, 'count': 35}]",921,"[{'name': 'Nightlife', 'description': 'Nightlife', 'total_mentioned': 48, 'positive': 38, 'negative': 6, 'neutral': 4}, {'name': 'Pets', 'description': 'Pets', 'total_mentioned': 66, 'positive': 58, 'negative': 4, 'neutral': 4}, {'name': 'Bar', 'description': 'Bar or lounge', 'total_mentioned': 88, 'positive': 64, 'negative': 19, 'neutral': 5}, {'name': 'Gym', 'description': 'Gym', 'total_mentioned': 24, 'positive': 17, 'negative': 5, 'neutral': 2}, {'name': 'Air Conditioning', 'description': 'Air conditioning', 'total_mentioned': 16, 'positive': 3, 'negative': 13, 'neutral': 0}, {'name': 'Fitness', 'description': 'Fitness', 'total_mentioned': 76, 'positive': 53, 'negative': 14, 'neutral': 9}]"
"The Harpeth Franklin Downtown, Curio Collection by Hilton","Straightforward rooms in an informal hotel offering a restaurant, a cafe/bar & a gym.","{'latitude': 35.926549099999995, 'longitude': -86.8677921}",4,https://www.hilton.com/en/hotels/bnasqqq-the-harpeth-franklin-downtown/?SEO_id=GMB-AMER-QQ-BNASQQQ&y_source=1_MTQ4NDcyMzUtNzE1LWxvY2F0aW9uLndlYnNpdGU%3D,"[{'stars': 5, 'count': 271}, {'stars': 4, 'count': 32}, {'stars': 3, 'count': 14}, {'stars': 2, 'count': 8}, {'stars': 1, 'count': 12}]",337,"[{'name': 'Couples', 'description': 'Couple friendly', 'total_mentioned': 13, 'positive': 11, 'negative': 1, 'neutral': 1}, {'name': 'Nightlife', 'description': 'Nightlife', 'total_mentioned': 15, 'positive': 12, 'negative': 2, 'neutral': 1}, {'name': 'Bar', 'description': 'Bar or lounge', 'total_mentioned': 47, 'positive': 33, 'negative': 12, 'neutral': 2}, {'name': 'Parking', 'description': 'Parking', 'total_mentioned': 31, 'positive': 19, 'negative': 8, 'neutral': 4}, {'name': 'Service', 'description': 'Service', 'total_mentioned': 122, 'positive': 100, 'negative': 18, 'neutral': 4}, {'name': 'Dining', 'description': 'Food and Beverage', 'total_mentioned': 48, 'positive': 39, 'negative': 6, 'neutral': 3}]"
Southall Farm & Inn,N/A,"{'latitude': 35.891406, 'longitude': -86.92173389999999}",N/A,https://southalltn.com/?utm_source=gmb&utm_medium=organic,"[{'stars': 5, 'count': 150}, {'stars': 4, 'count': 13}, {'stars': 3, 'count': 6}, {'stars': 2, 'count': 5}, {'stars': 1, 'count': 20}]",194,"[{'name': 'Property', 'description': 'Property', 'total_mentioned': 54, 'positive': 48, 'negative': 2, 'neutral': 4}, {'name': 'Service', 'description': 'Service', 'total_mentioned': 71, 'positive': 56, 'negative': 12, 'neutral': 3}, {'name': 'Dining', 'description': 'Food and Beverage', 'total_mentioned': 46, 'positive': 38, 'negative': 5, 'neutral': 3}]"
TownePlace Suites Franklin Cool Springs,"Informal all-suite hotel with free Wi-Fi & continental breakfast, plus a gym & an indoor pool.","{'latitude': 35.9534632, 'longitude': -86.81420179999999}",3,https://www.marriott.com/en-us/hotels/bnatc-towneplace-suites-franklin-cool-springs/overview/?scid=f2ae0541-1279-4f24-b197-a979c79310b0,"[{'stars': 5, 'count': 324}, {'stars': 4, 'count': 113}, {'stars': 3, 'count': 22}, {'stars': 2, 'count': 17}, {'stars': 1, 'count': 19}]",495,"[{'name': 'Pets', 'description': 'Pets', 'total_mentioned': 15, 'positive': 7, 'negative': 5, 'neutral': 3}, {'name': 'Kitchen', 'description': 'Kitchen', 'total_mentioned': 38, 'positive': 29, 'negative': 4, 'neutral': 5}, {'name': 'Service', 'description': 'Service', 'total_mentioned': 138, 'positive': 114, 'negative': 19, 'neutral': 5}, {'name': 'Property', 'description': 'Property', 'total_mentioned': 160, 'positive': 132, 'negative': 20, 'neutral': 8}, {'name': 'Sleep', 'description': 'Sleep', 'total_mentioned': 49, 'positive': 30, 'negative': 13, 'neutral': 6}, {'name': 'Wi-Fi', 'description': 'Wi-Fi', 'total_mentioned': 5, 'positive': 4, 'negative': 0, 'neutral': 1}]"
The Cabin at Cedar Run Farm,N/A,"{'latitude': 35.963366400000005, 'longitude': -87.0660293}",3,http://www.cabinatcedarrunfarm.com/,"[{'stars': 5, 'count': 10}, {'stars': 4, 'count': 1}, {'stars': 3, 'count': 0}, {'stars': 2, 'count': 0}, {'stars': 1, 'count': 0}]",11,N/A
NEW! Highland House of Historic Downtown Franklin,N/A,"{'latitude': 35.9108173, 'longitude': -86.8691727}",N/A,N/A,"[{'stars': 5, 'count': 0}, {'stars': 4, 'count': 0}, {'stars': 3, 'count': 0}, {'stars': 2, 'count': 0}, {'stars': 1, 'count': 1}]",1,N/A
Holiday Inn Express Brentwood South - Franklin,"Contemporary lodging with a fitness center & outdoor pool, plus free hot breakfast & WiFi.","{'latitude': 35.961619, 'longitude': -86.80753229999999}",2,https://www.ihg.com/holidayinnexpress/hotels/us/en/brentwood/bnana/hoteldetail?cm_mmc=GoogleMaps-_-EX-_-US-_-BNANA,"[{'stars': 5, 'count': 261}, {'stars': 4, 'count': 165}, {'stars': 3, 'count': 72}, {'stars': 2, 'count': 39}, {'stars': 1, 'count': 70}]",607,"[{'name': 'Cleanliness', 'description': 'Cleanliness', 'total_mentioned': 184, 'positive': 112, 'negative': 63, 'neutral': 9}, {'name': 'Bathroom', 'description': 'Bathroom and toiletries', 'total_mentioned': 71, 'positive': 12, 'negative': 56, 'neutral': 3}, {'name': 'Sleep', 'description': 'Sleep', 'total_mentioned': 94, 'positive': 33, 'negative': 51, 'neutral': 10}, {'name': 'Breakfast', 'description': 'Breakfast', 'total_mentioned': 104, 'positive': 77, 'negative': 20, 'neutral': 7}, {'name': 'Service', 'description': 'Service', 'total_mentioned': 179, 'positive': 118, 'negative': 48, 'neutral': 13}, {'name': 'Property', 'description': 'Property', 'total_mentioned': 206, 'positive': 121, 'negative': 71, 'neutral': 14}]"
