Name,Description,Coordinates,Hotel Class,Link,Ratings,Reviews,Reviews Breakdown
Sunlit Milford Townhome < 2 Mi to Riverwalk!,N/A,"{'latitude': 38.90287780761719, 'longitude': -75.44486236572266}",N/A,http://g.rentalsunited.com/gate.aspx?uid=554691&url=1&pid=3262766&lc=google,N/A,49,N/A
Oceanfront Milford Home with View and Boat Access,N/A,"{'latitude': 38.93760681152344, 'longitude': -75.32179260253906}",N/A,N/A,N/A,N/A,N/A
Grandma's Cottage,N/A,"{'latitude': 38.906951904296875, 'longitude': -75.47061920166016}",N/A,N/A,N/A,173,N/A
Cozy tiny cabin with sunrise view! Short drive to beaches and turf.,N/A,"{'latitude': 38.83068084716797, 'longitude': -75.53585815429688}",N/A,N/A,N/A,39,N/A
Cozy cabin on our 5th generation family farm!,N/A,"{'latitude': 38.81501007080078, 'longitude': -75.56179809570312}",N/A,N/A,N/A,28,N/A
Milford Home with Private Pool 12 Mi to Beaches!,N/A,"{'latitude': 38.911075592041016, 'longitude': -75.42395782470703}",N/A,https://www.booking.com/hotel/us/milford-home-with-private-pool-12-mi-to-beaches.en.html?aid=2068758;label=seogooglelocal-link-imagesaow-hotel-12365256_grp-0_gendate-20240917;utm_source=seogooglelocal;utm_medium=description;utm_term=hotel-12365256;utm_campaign=en,N/A,N/A,N/A
Oceanview Riverfront retreat w/ hot tub and private dock! - 10 min from DE Turf,N/A,"{'latitude': 39.05830764770508, 'longitude': -75.39811706542969}",N/A,N/A,N/A,5,N/A
Secluded Beach home with amazing views close to all.,N/A,"{'latitude': 38.99809265136719, 'longitude': -75.32608032226562}",N/A,N/A,N/A,1,N/A
Peaceful living just outside of town,N/A,"{'latitude': 39.09405517578125, 'longitude': -75.58303833007812}",N/A,https://www.vrbo.com/2974816?MDPCID=VRBO-META.HPA.WEB-ORGANIC.VR,N/A,2,N/A
"Tiny House in the Woods, sleeps 3, full bath, linens provided, keurig  k cups",N/A,"{'latitude': 38.819950103759766, 'longitude': -75.46347045898438}",N/A,https://www.bluepillow.com/search?p_id=589dfddc7c00cb10c8dad3af&dest=bpex&cat=House&accomodationids=65cb930c3e6d928972fca8cb,N/A,N/A,N/A
Oceanfront Milford Home w\/ View & Boat Access,N/A,"{'latitude': 38.934181213378906, 'longitude': -75.32630157470703}",N/A,N/A,N/A,N/A,N/A
"Spacious 5 Bedroom w/Patio, Pool and Theater",N/A,"{'latitude': 39.07062530517578, 'longitude': -75.49561309814453}",N/A,https://www.vrbo.com/3701598?MDPCID=VRBO-META.HPA.WEB-ORGANIC.VR,N/A,3,N/A
"New Slaughter Beach House, Hidden Gem Views, Bay Breezes  endless Amenities!!",N/A,"{'latitude': 38.93735122680664, 'longitude': -75.31819152832031}",N/A,N/A,N/A,16,N/A
Charming 2-bedroom house in delightful Milford with AC,N/A,"{'latitude': 38.925682067871094, 'longitude': -75.37107849121094}",N/A,https://www.us.despegar.com/hotels/h-6218884,N/A,N/A,N/A
Milton Townhouse ~ 9 Mi to Delaware Bay!,N/A,"{'latitude': 38.78169250488281, 'longitude': -75.31864929199219}",N/A,http://g.rentalsunited.com/gate.aspx?uid=554691&url=1&pid=3483421&lc=google,N/A,9,N/A
Entire new build home with plenty of space.,N/A,"{'latitude': 38.79706954956055, 'longitude': -75.42740631103516}",N/A,https://www.bluepillow.com/search?p_id=589dfddc7c00cb10c8dad3af&dest=bpex&cat=House&accomodationids=62df2ea02d760a9969f214ee,N/A,N/A,N/A
"Tiny House in the Woods, sleeps 3, full bath, linens provided, keurig & k cups",N/A,"{'latitude': 38.819950103759766, 'longitude': -75.4634780883789}",N/A,N/A,N/A,7,N/A
"Spectacular Views New Waterfront Home, steps to the sand, in a sleepy beach town",N/A,"{'latitude': 39.059303283691406, 'longitude': -75.39627075195312}",N/A,N/A,N/A,12,N/A
