latitude,longitude,Address
39.7480201721191,-75.5620574951171,"Eighth Street Park Historic District, North Broom Street, Hilltop, Wilmington, New Castle County, Delaware, 12806, United States"
39.7480239868164,-75.5620574951171,"Eighth Street Park Historic District, North Broom Street, Hilltop, Wilmington, New Castle County, Delaware, 12806, United States"
39.7481689453125,-75.5620880126953,"Eighth Street Park Historic District, North Broom Street, Hilltop, Wilmington, New Castle County, Delaware, 12806, United States"
39.7543983459472,-75.5566024780273,"Delaware Avenue Historic District, Hancock Place, Delaware Avenue, Wilmington, New Castle County, Delaware, 12806, United States"
39.7481727600097,-75.5620880126953,"Eighth Street Park Historic District, North Broom Street, Hilltop, Wilmington, New Castle County, Delaware, 12806, United States"
39.744041442871,-75.5723037719726,"1709, Elm Street, Canby Park, Canby Park Estates, Wilmington, New Castle County, Delaware, 19805, United States"
39.7568016052246,-75.559097290039,"Delaware Avenue Historic District, Hancock Place, Delaware Avenue, Wilmington, New Castle County, Delaware, 12806, United States"
39.7481384277343,-75.5619812011718,"Eighth Street Park Historic District, North Broom Street, Hilltop, Wilmington, New Castle County, Delaware, 12806, United States"
39.7481498718261,-75.5621566772461,"Eighth Street Park Historic District, North Broom Street, Hilltop, Wilmington, New Castle County, Delaware, 12806, United States"
39.7502098083496,-75.5746383666992,"71, Servan Court, Flats, Wawaset Park, Wilmington, New Castle County, Delaware, 19805, United States"
39.7440910339355,-75.5722122192382,"1703, Elm Street, Canby Park, Canby Park Estates, Wilmington, New Castle County, Delaware, 19805, United States"
39.7481536865234,-75.5621566772461,"Eighth Street Park Historic District, North Broom Street, Hilltop, Wilmington, New Castle County, Delaware, 12806, United States"
39.7444381713867,-75.572036743164,"1710, Chestnut Street, Canby Park, Canby Park Estates, Wilmington, New Castle County, Delaware, 19805, United States"
39.753318786621,-75.5651168823242,"1098, McDowell Street, West Hill, Wilmington, New Castle County, Delaware, 19805, United States"
39.7531127929687,-75.5373001098632,"48, East 24th Street, Price’s Run, Wilmington, New Castle County, Delaware, 19802, United States"
39.7531089782714,-75.5373001098632,"48, East 24th Street, Price’s Run, Wilmington, New Castle County, Delaware, 19802, United States"
39.7552490234375,-75.5641403198242,"1276, North Dupont Street, Little Italy, Wawaset Park, Wilmington, New Castle County, Delaware, 19806, United States"
39.7476158142089,-75.5652770996093,"555, North Broom Street, Hilltop, Wilmington, New Castle County, Delaware, 19805, United States"
39.6892433166503,-75.6784591674804,"102, Patricia Lane, Rutherford, New Castle County, Delaware, 19713, United States"
39.7267723083496,-75.754035949707,"120, Unami Trail, Thompson, New Castle County, Delaware, 19711, United States"
39.7221984863281,-75.6974411010742,"5524, New Linden Hill Road, English Village, Pike Creek, Delaware, New Castle County, Delaware, 19808, United States"
39.6768608093261,-75.7259902954101,"17, Westerly Street, Brookside, New Castle County, Delaware, 19713, United States"
39.6923294067382,-75.7487258911132,"Wharton Drive, Newark, New Castle County, Delaware, 19711, United States"
39.6948318481445,-75.6873779296875,"99, Sentry Lane, Harmony, New Castle County, Delaware, 19711, United States"
39.6682243347168,-75.7282257080078,"10, Mercer Drive, Wilson, Brookside, New Castle County, Delaware, 19713, United States"
39.7154006958007,-75.6944885253906,"92, Taylors Mill Lane, Pennock, Pike Creek, Delaware, New Castle County, Delaware, 19808, United States"
39.6433715820312,-75.6836395263671,"Barrett Run Drive, Summer Hill, New Castle County, Delaware, 19702, United States"
39.7056159973144,-75.7810440063476,"21, Carriage Lane, Top of the Wedge, New Castle County, Delaware, 19711, United States"
39.63570022583,-75.8096008300781,"Elkton Lodge, 200, Belle Hill Road, Elkton, Cecil County, Maryland, 21921, United States"
39.629768371582,-75.7454223632812,"Waters Edge Drive, Waters Edge, Pencader Village, New Castle County, Delaware, 19702, United States"
39.6847496032714,-75.7425918579101,"East Main Street, Newark, New Castle County, Delaware, 19717, United States"
39.6595001220703,-75.7529296875,"DE 4;DE 896, Silver Brook, Newark, New Castle County, Delaware, 19716, United States"
39.6318473815918,-75.7514495849609,"2, Winsome Way, Waters Edge, Pencader Village, New Castle County, Delaware, 19702, United States"
39.6943283081054,-75.7482681274414,"Wharton Drive, Newark, New Castle County, Delaware, 19711, United States"
39.7056083679199,-75.7810363769531,"21, Carriage Lane, Top of the Wedge, New Castle County, Delaware, 19711, United States"
39.6940269470214,-75.7475357055664,"Newark, New Castle County, Delaware, 19711, United States"
39.7014617919921,-75.5455169677734,"367, 5th Street, Holloway Terrace, New Castle County, Delaware, 19720, United States"
39.7568016052246,-75.559097290039,"Delaware Avenue Historic District, Hancock Place, Delaware Avenue, Wilmington, New Castle County, Delaware, 12806, United States"
39.6610107421875,-75.5652618408203,"New Castle Historic District, Battery Park Trail, New Castle Historic District, Dobbinsville, New Castle, New Castle County, Delaware, 19720, United States"
39.7503471374511,-75.5470352172851,"South Park Drive, Brandywine Park and Kentmere Parkway, Wilmington, New Castle County, Delaware, 19884, United States"
39.6951751708984,-75.5822677612304,"19, Lea Road, Manor Park Apartments, Wilmington Manor, New Castle County, Delaware, 19720, United States"
39.7440910339355,-75.5722122192382,"1703, Elm Street, Canby Park, Canby Park Estates, Wilmington, New Castle County, Delaware, 19805, United States"
39.8499526977539,-75.7167892456054,"352, North Lincoln Street, State & Cypress, Kennett Square, Chester County, Pennsylvania, 19348, United States"
39.7420806884765,-75.7171630859375,"Eastburn-Jeanes Lime Kilns Historic District, Deerpath Lane, Pike Creek, Delaware, New Castle County, Delaware, 19711, United States"
39.7982101440429,-75.674087524414,"Woodview Drive, Larchmont, Hockessin, New Castle County, Delaware, 19707, United States"
39.8479194641113,-75.7137374877929,"226, Maiden Lane, State & Cypress, Platerville, Kennett Square, Chester County, Pennsylvania, 19348, United States"
39.8479614257812,-75.7137832641601,"226, Maiden Lane, State & Cypress, Platerville, Kennett Square, Chester County, Pennsylvania, 19348, United States"
39.7637710571289,-75.6818466186523,"1822, Graves Road, Mendenhall Village, Hickory Ridge, Hockessin, New Castle County, Delaware, 19707, United States"
39.7278938293457,-75.5943374633789,"362, West Summit Avenue, Champlin Village, New Castle County, Delaware, 19804, United States"
39.7550315856933,-75.6739959716796,"Riblett Lane, Oakwood Hills, New Castle County, Delaware, 19808, United States"
39.8595237731933,-75.7039184570312,"511, North Walnut Road, Kennett Square, Chester County, Pennsylvania, 19348, United States"
39.7460212707519,-75.5887222290039,"398, South Ogle Avenue, Greenhill, Wilmington, New Castle County, Delaware, 19805, United States"
39.8479614257812,-75.7137069702148,"226, Maiden Lane, State & Cypress, Platerville, Kennett Square, Chester County, Pennsylvania, 19348, United States"
39.7770805358886,-75.6837463378906,"268, Tree Top Lane, Tree Top Valley, Hockessin, New Castle County, Delaware, 19707, United States"
39.7647323608398,-75.5007247924804,"651, Rosedale Avenue, Cragmere, Bellefonte, New Castle County, Delaware, 19809, United States"
39.8109130859375,-75.4815063476562,"Ardens Historic District, Station Path, Ardentown, New Castle County, Delaware, 19810, United States"
39.8094596862793,-75.4963607788086,"64, Durboraw Road, Buckingham Heights, Ardencroft, New Castle County, Delaware, 19810, United States"
39.7550582885742,-75.5585021972656,"Delaware Avenue Historic District, Hancock Place, Delaware Avenue, Wilmington, New Castle County, Delaware, 12806, United States"
39.8086891174316,-75.4834365844726,"Ardens Historic District, Station Path, Ardentown, New Castle County, Delaware, 19810, United States"
39.7647285461425,-75.500747680664,"647, Rosedale Avenue, Cragmere, Bellefonte, New Castle County, Delaware, 19809, United States"
39.8109092712402,-75.4815063476562,"Ardens Historic District, Station Path, Ardentown, New Castle County, Delaware, 19810, United States"
