latitude,longitude,Address
27.9434261322021,-82.7996520996093,"509, Wildwood Way, Clearwater, Pinellas County, Florida, 33756, United States"
27.9432888031005,-82.7994079589843,"523, Wildwood Way, Clearwater, Pinellas County, Florida, 33756, United States"
27.9190559387207,-82.7918853759765,"284, 4th Street Northwest, The Rosery, Largo, Pinellas County, Florida, 33770, United States"
27.9430446624755,-82.7998123168945,"1485, South Ft Harrison Avenue, Clearwater, Pinellas County, Florida, 33756, United States"
27.9431838989257,-82.7997283935546,"Fort Harrison Avenue South & Wildwood Way, South Ft Harrison Avenue, Clearwater, Pinellas County, Florida, 33756, United States"
27.9432697296142,-82.7996597290039,"Fort Harrison Avenue South & Wildwood Way, South Ft Harrison Avenue, Clearwater, Pinellas County, Florida, 33756, United States"
27.9309406280517,-82.7955245971679,"Greek Island Restaurant, 1501, Clearwater Largo Road North, Bayside Court, Largo, Pinellas County, Florida, 33770, United States"
27.9433803558349,-82.7997360229492,"505, Wildwood Way, Clearwater, Pinellas County, Florida, 33756, United States"
27.9429721832275,-82.799690246582,"1489, South Ft Harrison Avenue, Clearwater, Pinellas County, Florida, 33756, United States"
27.930908203125,-82.7955322265625,"Greek Island Restaurant, 1501, Clearwater Largo Road North, Bayside Court, Largo, Pinellas County, Florida, 33770, United States"
27.9069995880126,-82.8071975708007,"1061, 19th Street Southwest, Largo, Pinellas County, Florida, 33770, United States"
27.8857059478759,-82.8389663696289,"14490, Josephine Road, Largo Condominium Complex, Largo, Pinellas County, Florida, 33774, United States"
27.8876132965087,-82.850715637207,"7th Avenue North, Indian Rocks Beach, Pinellas County, Florida, 33785, United States"
27.8895320892334,-82.8280868530273,"13632, Kimberly Oaks Circle, Largo Condominium Complex, Anona, Largo, Pinellas County, Florida, 33774, United States"
27.9371013641357,-82.7900314331054,"South Martin Luther King Junior Avenue, Bayside Court, Pinellas County, Florida, 33756, United States"
27.936559677124,-82.7919464111328,"1099, Hawkins Street, Bayside Court, Pinellas County, Florida, 33756, United States"
27.9106140136718,-82.7569427490234,"624, Lake Palm Drive, Eldorado Village, Largo, Pinellas County, Florida, 33771, United States"
27.9203090667724,-82.7780990600586,"1035, Tralee Street, Largo, Pinellas County, Florida, 33770, United States"
28.1875038146972,-82.4674301147461,"Pasco County, Florida, 34639, United States"
28.1873950958251,-82.4702072143554,"Vista Del Sol Circle, Pasco County, Florida, 34639, United States"
28.1842498779296,-82.4715042114257,"Cupecoy Drive, Pasco County, Florida, 33558, United States"
28.2252292633056,-82.4515991210937,"4667, Roberts Road, Land O' Lakes, Pasco County, Florida, 34639, United States"
28.185598373413,-82.4724884033203,"Haulover Cove, Pasco County, Florida, 33558, United States"
28.1836719512939,-82.4704513549804,"1873, Mazo Manor, Pasco County, Florida, 33558, United States"
28.1861591339111,-82.4710693359375,"Abrico Drive, Pasco County, Florida, 33558, United States"
28.3144798278808,-82.5047302246093,"18867, Shettle Road, Pasco County, Florida, 34637, United States"
28.257116317749,-82.4633636474609,"Gran Via Boulevard, Pasco County, Florida, 34637, United States"
28.1835212707519,-82.3991241455078,"1764, Bearberry Circle, Lantower Cypress Creek Apartments, Wesley Chapel, Pasco County, Florida, 33559, United States"
28.1868095397949,-82.4837036132812,"19933, Leonard Road, Pasco County, Florida, 33558, United States"
28.1836700439453,-82.4704513549804,"1873, Mazo Manor, Pasco County, Florida, 33558, United States"
28.188039779663,-82.4692687988281,"Vista Del Sol Circle, Pasco County, Florida, 34639, United States"
28.1879367828369,-82.4673995971679,"Pasco County, Florida, 34639, United States"
28.1863594055175,-82.4647369384765,"Sunset Court, Tropicana Trailer Park, Pasco County, Florida, 34639, United States"
28.1880111694335,-82.4692916870117,"Vista Del Sol Circle, Pasco County, Florida, 34639, United States"
28.2492656707763,-82.475830078125,"6304, Discovery Lane, Pasco County, Florida, 34638, United States"
28.1874141693115,-82.4683227539062,"Fountain View, Pasco County, Florida, 34639, United States"
27.9091701507568,-82.8453369140625,"1st Street, Indian Rocks Beach, Pinellas County, Florida, 33785, United States"
27.884630203247,-82.8508529663086,"SunTiki Cottages, 500, Gulf Boulevard, Indian Rocks Beach, Pinellas County, Florida, 33785, United States"
27.9071006774902,-82.8458251953125,"1st Street, Indian Rocks Beach, Pinellas County, Florida, 33785, United States"
27.8816318511962,-82.8486633300781,"Splash Harbour Water Park, 399, 2nd Street, Indian Rocks Beach, Pinellas County, Florida, 33785, United States"
27.9037170410156,-82.8463287353515,"207, 22nd Avenue North, Indian Rocks Beach, Pinellas County, Florida, 33785, United States"
27.9079551696777,-82.8448104858398,"2625, Bay Boulevard, Indian Rocks Beach, Pinellas County, Florida, 33785, United States"
27.9035472869873,-82.8462600708007,"217, 22nd Avenue North, Indian Rocks Beach, Pinellas County, Florida, 33785, United States"
27.9035453796386,-82.8463058471679,"1st Street, Indian Rocks Beach, Pinellas County, Florida, 33785, United States"
27.8733310699462,-82.8500823974609,"Gulf Boulevard, Mariner's Pointe, Indian Rocks Beach, Pinellas County, Florida, 33785, United States"
27.9012966156005,-82.8376159667968,"538, 20th Avenue North, Indian Rocks Beach, Pinellas County, Florida, 33785, United States"
27.9070873260498,-82.8456497192382,"1st Street, Indian Rocks Beach, Pinellas County, Florida, 33785, United States"
27.8983001708984,-82.847412109375,"1564, 1st Street North, Indian Rocks Beach, Pinellas County, Florida, 33785, United States"
27.8942317962646,-82.849739074707,"Beach Trail, Indian Rocks Beach, Pinellas County, Florida, 33774, United States"
27.907392501831,-82.8456802368164,"1st Street, Indian Rocks Beach, Pinellas County, Florida, 33785, United States"
27.8876094818115,-82.8506927490234,"7th Avenue North, Indian Rocks Beach, Pinellas County, Florida, 33785, United States"
27.9073009490966,-82.845703125,"1st Street, Indian Rocks Beach, Pinellas County, Florida, 33785, United States"
28.3534832000732,-82.6947250366211,"13473, Whitby Road, Windsor Mill, Hudson, Pasco County, Florida, 34667, United States"
28.3594570159912,-82.7020187377929,"13753, Sommers Avenue, Hudson Beach Estates, Hudson, Pasco County, Florida, 34667, United States"
28.361530303955,-82.7074661254882,"Ollies on the Beach, 6438, Clark Street, Hudson Beach, Hudson, Pasco County, Florida, 34667, United States"
28.3576107025146,-82.7146911621093,"Sea Ranch Drive, Gulf Island, Hudson, Pasco County, Florida, 34667, United States"
28.3576107025146,-82.7146987915039,"Sea Ranch Drive, Gulf Island, Hudson, Pasco County, Florida, 34667, United States"
28.3577995300292,-82.7163009643554,"Sea Ranch Drive, Gulf Island, Hudson, Pasco County, Florida, 34667, United States"
28.3577976226806,-82.7145233154296,"Sea Ranch Drive, Gulf Island, Hudson, Pasco County, Florida, 34667, United States"
28.3494567871093,-82.7017669677734,"6813, Saltwater Boulevard, Pleasure Isles, Hudson, Pasco County, Florida, 34667, United States"
28.3546276092529,-82.7118759155273,"13581, Allyn Drive, Sea Ranch of the Gulf, Hudson, Pasco County, Florida, 34667, United States"
28.3577995300292,-82.7145233154296,"Sea Ranch Drive, Gulf Island, Hudson, Pasco County, Florida, 34667, United States"
28.3577804565429,-82.7149963378906,"Sea Ranch Drive, Gulf Island, Hudson, Pasco County, Florida, 34667, United States"
28.3636398315429,-82.7082977294921,"6416, Harbor Drive, Hudson Beach Estates, Hudson, Pasco County, Florida, 34667, United States"
28.3578205108642,-82.7150192260742,"Sea Ranch Drive, Gulf Island, Hudson, Pasco County, Florida, 34667, United States"
28.3617000579834,-82.6972503662109,"14091, Plum Lane, Hudson, Pasco County, Florida, 34667, United States"
28.3592643737792,-82.7152633666992,"Sea Ranch Drive, Gulf Island, Hudson, Pasco County, Florida, 34667, United States"
28.3772621154785,-82.6853485107421,"7766, Cadillac Avenue, Hudson, Pasco County, Florida, 34667, United States"
28.3450946807861,-82.7015762329101,"Craft Life Brewing, Tower Drive, Hudson, Pasco County, Florida, 34667, United States"
28.3578357696533,-82.716323852539,"Sea Ranch Drive, Gulf Island, Hudson, Pasco County, Florida, 34667, United States"
28.138370513916,-82.58154296875,"8701, Lake Calm Lane, Lake Calm, Hillsborough County, Florida, 33556, United States"
28.1407089233398,-82.5806579589843,"Lake Calm Lane, Lake Calm, Hillsborough County, Florida, 33556, United States"
28.160400390625,-82.5891799926757,"8862, Bys Run, Island Ford Lake Beach, Hillsborough County, Florida, 33556, United States"
28.1220092773437,-82.5945510864257,"9551, Roberts Road, Keystone Acres, Hillsborough County, Florida, 33556, United States"
28.1773815155029,-82.5751647949218,"14549, Halfway Lane, Keystone Park Colony, Odessa, Pasco County, Florida, 33556, United States"
28.1813774108886,-82.5265274047851,"17558, Wellfield Court, Sierra Pines, Odessa, Pasco County, Florida, 33558, United States"
28.1253948211669,-82.5273818969726,"Marsh Road, Hillsborough County, Florida, 33558, United States"
28.1933994293212,-82.5964279174804,"13220, State Road 54, Starkey Ranch, Pasco County, Florida, 34656, United States"
28.1860408782959,-82.5875778198242,"13802, Vacation Lane, The Holiday Club Subdivision, Odessa, Pasco County, Florida, 33556, United States"
28.2188568115234,-82.5279159545898,"17433, Terrazo Way, Pasco County, Florida, 34638, United States"
28.1620826721191,-82.4651565551757,"19430, Carts Lake Lane, Deer Park, Lutz, Hillsborough County, Florida, 33549, United States"
28.1576538085937,-82.4948043823242,"19103, Alice Circle, Cheval, Hillsborough County, Florida, 33549, United States"
28.1159610748291,-82.5228118896484,"16739, Whirley Road, Hillsborough County, Florida, 33558, United States"
28.1178302764892,-82.5782394409179,"17134, Journeys End Drive, Saint James, Hillsborough County, Florida, 33556, United States"
28.0424365997314,-82.7839736938476,"98, Nicholas Drive, Harbor View, Dunedin, Pinellas County, Florida, 34698, United States"
28.0168476104736,-82.7810363769531,"Escape Root Juicery, 769, Main Street, Golden Crest, Dunedin, Pinellas County, Florida, 34698, United States"
28.0124454498291,-82.7873153686523,"432, Virginia Lane, Heath Side Villas, Dunedin, Pinellas County, Florida, 34698, United States"
28.0425834655761,-82.7838134765625,"600, Nicholas Drive, Harbor View, Dunedin, Pinellas County, Florida, 34698, United States"
28.0601463317871,-82.7429504394531,"594, Winding Willow Drive, Curlew, Palm Harbor, Pinellas County, Florida, 34683, United States"
27.9962406158447,-82.7914810180664,"1123, Marine Street, Clearwater, Pinellas County, Florida, 33755, United States"
27.9924716949462,-82.8271331787109,"766, Mandalay Avenue, Clearwater, Pinellas County, Florida, 33767, United States"
27.9911193847656,-82.8273468017578,"739, Eldorado Avenue, Clearwater, Pinellas County, Florida, 33767, United States"
27.9952011108398,-82.7881546020507,"2030, Douglas Avenue, Clearwater, Pinellas County, Florida, 33755, United States"
27.9971656799316,-82.7908935546875,"1127, Union Street, Dunedin, Pinellas County, Florida, 33755, United States"
27.9968795776367,-82.8239212036132,"874, Narcissus Avenue, Clearwater, Pinellas County, Florida, 33767, United States"
28.0613098144531,-82.7593688964843,"1530, Wexford Drive North, Enclave at Palm Harbor, Palm Harbor, Pinellas County, Florida, 34683, United States"
28.029161453247,-82.7431869506836,"2299, Colonial Drive, Pinellas County, Florida, 34698, United States"
28.0350742340087,-82.7431869506836,"3115, Winchester Drive, Pinellas County, Florida, 34698, United States"
28.0185470581054,-82.7902221679687,"1176, Broadway Boulevard, Heath Side Villas, Dunedin, Pinellas County, Florida, 34698, United States"
28.0188846588134,-82.7775573730468,"1175, Michigan Drive North, Golden Crest, Dunedin, Pinellas County, Florida, 34698, United States"
28.0151901245117,-82.7856292724609,"Highland Avenue, Heath Side Villas, Dunedin, Pinellas County, Florida, 34698, United States"
28.018497467041,-82.7904663085937,"1145, Victoria Drive, Heath Side Villas, Dunedin, Pinellas County, Florida, 34698, United States"
27.950777053833,-82.8326339721679,"Lighthouse Towers, 1290 , Gulf Boulevard, Clearwater, Pinellas County, Florida, 33767, United States"
27.9696178436279,-82.8290176391601,"Pelican Pointe, South Gulfview Boulevard, Clearwater, Pinellas County, Florida, 33767, United States"
27.9859008789062,-82.8268508911132,"Beach Fire, Avalon Street, Clearwater, Pinellas County, Florida, 33767, United States"
27.9334106445312,-82.8412780761718,"Belleair Beach Club, 3200, Gulf Boulevard, Belleair Beach, Pinellas County, Florida, 33786, United States"
27.9720077514648,-82.8275604248046,"Parker Manor Resort, 115, Brightwater Drive, Clearwater Beach, Clearwater, Pinellas County, Florida, 33767, United States"
27.9597415924072,-82.7734146118164,"552, Skyview Avenue, Clearwater, Pinellas County, Florida, 33756, United States"
27.9686393737792,-82.8297119140625,"South Gulfview Boulevard, Clearwater, Pinellas County, Florida, 33767, United States"
27.9863243103027,-82.8254165649414,"Porpoise Inn & Suites, 609, Cyprus Avenue, Clearwater, Pinellas County, Florida, 33767, United States"
27.9362525939941,-82.8403778076171,"1698, Gulf Boulevard, Clearwater, Pinellas County, Florida, 33767, United States"
27.9333763122558,-82.8413009643554,"Belleair Beach Club, 3200, Gulf Boulevard, Belleair Beach, Pinellas County, Florida, 33786, United States"
27.9434261322021,-82.7996520996093,"509, Wildwood Way, Clearwater, Pinellas County, Florida, 33756, United States"
27.9205894470214,-82.2760009765625,"1206, Blisswood Drive, Brandon, Hillsborough County, Florida, 33511, United States"
27.9108123779296,-82.3064804077148,"1508, Compton Street, Brandon, Hillsborough County, Florida, 33511, United States"
27.9719696044921,-82.3010711669921,"1232, Vinetree Drive, Brandon, Hillsborough County, Florida, 33510, United States"
27.9196224212646,-82.3082427978515,"1113, Axlewood Circle, Brandon, Hillsborough County, Florida, 33511, United States"
27.9620132446289,-82.3154754638671,"1312, Brandonwood Drive, Brandon, Hillsborough County, Florida, 33510, United States"
27.9450626373291,-82.3203201293945,"469, Gornto Lake Road, Brandon, Hillsborough County, Florida, 33510, United States"
27.9561367034912,-82.284797668457,"209, Cranberry Lane, Brandon, Hillsborough County, Florida, 33510, United States"
27.9562053680419,-82.2870941162109,"110, Rosier Road, Brandon, Hillsborough County, Florida, 33510, United States"
27.9678001403808,-82.3213806152343,"Brandon, Hillsborough County, Florida, 33550, United States"
27.910940170288,-82.3106994628906,"1512, Portsmouth Lake Drive, Brandon, Hillsborough County, Florida, 33511, United States"
27.9654197692871,-82.3180389404296,"1908, Hunter Lane, Brandon, Hillsborough County, Florida, 33510, United States"
27.9611282348632,-82.2811813354492,"1305, Willow Valley Drive, Brandon, Hillsborough County, Florida, 33510, United States"
27.9739208221435,-82.3008575439453,"1126, Vinetree Drive, Brandon, Hillsborough County, Florida, 33510, United States"
27.9172115325927,-82.315444946289,"1239, Coolmont Drive, Brandon, Hillsborough County, Florida, 33511, United States"
27.9534797668457,-82.2880706787109,"201, Clemons Road, Brandon, Hillsborough County, Florida, 33510, United States"
27.9578094482421,-82.2977142333984,"718, June Lake Lane, Brandon, Hillsborough County, Florida, 33510, United States"
27.9551620483398,-82.2688751220703,"1207, Ashwell Court, Brandon, Hillsborough County, Florida, 33594, United States"
27.8798542022705,-82.2696762084961,"734, Fortuna Drive, Hillsborough County, Florida, 33511, United States"
27.7762489318847,-82.4066848754882,"6515, King Palm Way, Apollo Beach, Hillsborough County, Florida, 33572, United States"
27.7711753845214,-82.4029388427734,"481, Flamingo Drive, Apollo Beach, Hillsborough County, Florida, 33572, United States"
27.7765502929687,-82.4180603027343,"1008, Apollo Beach Boulevard, Apollo Beach, Hillsborough County, Florida, 33572, United States"
27.7712993621826,-82.4117965698242,"712, Jamaica Circle West, Apollo Beach, Hillsborough County, Florida, 33572, United States"
27.7748832702636,-82.4053726196289,"6503, Manila Palm Way, Apollo Beach, Hillsborough County, Florida, 33572, United States"
27.773359298706,-82.4115905761718,"729, Spanish Main Drive, Apollo Beach, Hillsborough County, Florida, 33572, United States"
27.7720603942871,-82.4097671508789,"6340, Spanish Main Drive, Apollo Beach, Hillsborough County, Florida, 33572, United States"
27.7740821838378,-82.4092941284179,"638,640,642,644,646,648,650,652,654, Yardarm Drive, Apollo Beach, Hillsborough County, Florida, 33572, United States"
27.7736930847167,-82.4075927734375,"699, Yardarm Drive, Apollo Beach, Hillsborough County, Florida, 33572, United States"
27.7751808166503,-82.4066390991211,"6506, King Palm Way, Apollo Beach, Hillsborough County, Florida, 33572, United States"
27.7787055969238,-82.4190292358398,"1053, Apollo Beach Boulevard, Apollo Beach, Hillsborough County, Florida, 33572, United States"
27.7697505950927,-82.4055252075195,"513, Fairfax Lane, Apollo Beach, Hillsborough County, Florida, 33572, United States"
27.7766494750976,-82.4177322387695,"Apollo Beach Boulevard, Apollo Beach, Hillsborough County, Florida, 33572, United States"
27.778709411621,-82.4190292358398,"1053, Apollo Beach Boulevard, Apollo Beach, Hillsborough County, Florida, 33572, United States"
27.7708854675292,-82.4161224365234,"748, Flamingo Drive, Apollo Beach, Hillsborough County, Florida, 33572, United States"
27.7773990631103,-82.4081726074218,"6524, Solitare Palm Way, Apollo Beach, Hillsborough County, Florida, 33572, United States"
27.7768802642822,-82.4164352416992,"6506, Abaco Drive, Hillsborough County, Florida, 33572, United States"
27.7747573852539,-82.4138412475586,"906, Shagos Drive, Apollo Beach, Hillsborough County, Florida, 33572, United States"
27.7295455932617,-82.47412109375,"The Inn at Little Harbor, 611, Destiny Drive, Hillsborough County, Florida, 33570, United States"
27.7310009002685,-82.4753036499023,"The Inn at Little Harbor, 611, Destiny Drive, Hillsborough County, Florida, 33570, United States"
27.7282981872558,-82.4759902954101,"600, Bahia del Sol Drive, Hillsborough County, Florida, 33570, United States"
27.7310009002685,-82.4754028320312,"The Inn at Little Harbor, 611, Destiny Drive, Hillsborough County, Florida, 33570, United States"
27.7248096466064,-82.4745635986328,"3256, Mangrove Point Drive, Hillsborough County, Florida, 33570, United States"
27.7259540557861,-82.4738235473632,"448, Bahia Beach Boulevard, Hillsborough County, Florida, 33570, United States"
27.7248058319091,-82.4749069213867,"3256, Mangrove Point Drive, Hillsborough County, Florida, 33570, United States"
27.730899810791,-82.4754028320312,"The Inn at Little Harbor, 611, Destiny Drive, Hillsborough County, Florida, 33570, United States"
27.725845336914,-82.4731979370117,"437, Bahia Beach Boulevard, Hillsborough County, Florida, 33570, United States"
27.7310161590576,-82.4753494262695,"The Inn at Little Harbor, 611, Destiny Drive, Hillsborough County, Florida, 33570, United States"
27.7011642456054,-82.4529113769531,"1422, Bayshore Road, Gulf City, Hillsborough County, Florida, 33570, United States"
27.7309494018554,-82.4753875732421,"The Inn at Little Harbor, 611, Destiny Drive, Hillsborough County, Florida, 33570, United States"
27.7248001098632,-82.4732971191406,"3216, Mangrove Point Drive, Hillsborough County, Florida, 33570, United States"
27.730821609497,-82.4751892089843,"The Inn at Little Harbor, 611, Destiny Drive, Hillsborough County, Florida, 33570, United States"
27.7309913635253,-82.4753494262695,"The Inn at Little Harbor, 611, Destiny Drive, Hillsborough County, Florida, 33570, United States"
27.7261581420898,-82.4733810424804,"449, Bahia Beach Boulevard, Hillsborough County, Florida, 33570, United States"
27.7310409545898,-82.4753875732421,"The Inn at Little Harbor, 611, Destiny Drive, Hillsborough County, Florida, 33570, United States"
27.7299194335937,-82.4749221801757,"The Inn at Little Harbor, 611, Destiny Drive, Hillsborough County, Florida, 33570, United States"
27.863410949707,-82.3209228515625,"11002, McMullen Loop, Alafia Cove, Riverview, Hillsborough County, Florida, 33569, United States"
27.8571414947509,-82.3082580566406,"9817, Wydella Street, Alafia Cove, Riverview, Hillsborough County, Florida, 33569, United States"
27.8585548400878,-82.3296356201171,"9605, Oakridge Avenue, Riverview, Hillsborough County, Florida, 33569, United States"
27.8604545593261,-82.3080291748046,"11505, Grove Arcade Drive, Aberdeen Creek, Riverview, Hillsborough County, Florida, 33569, United States"
27.8604507446289,-82.3080215454101,"11505, Grove Arcade Drive, Aberdeen Creek, Riverview, Hillsborough County, Florida, 33569, United States"
27.8486213684082,-82.2856750488281,"10407, Harvestime Place, Riverview, Hillsborough County, Florida, 33569, United States"
27.8480205535888,-82.3505477905273,"Zaxby's, 10580, New East Bay Road, Alafia River Estates, Riverview, Hillsborough County, Florida, 33534, United States"
27.8588809967041,-82.3611755371093,"8908, Alafia Way, Alafia Shores, Hillsborough County, Florida, 33569, United States"
27.9027576446533,-82.3427276611328,"US 301, Brandon, Hillsborough County, Florida, 33568, United States"
27.8819198608398,-82.306884765625,"6815, Potts Road, Riverview, Hillsborough County, Florida, 33569, United States"
27.8944110870361,-82.3566436767578,"South Falkenburg Road, Hillsborough County, Florida, 33568, United States"
27.8882408142089,-82.3441314697265,"9771, Carlsdale Drive, Riverview, Hillsborough County, Florida, 33568, United States"
27.8560905456542,-82.3038177490234,"9820, White Barn Way, Riverview, Hillsborough County, Florida, 33569, United States"
27.86741065979,-82.3225021362304,"8402, Cleveland Street, Alafia Oaks, Riverview, Hillsborough County, Florida, 33568, United States"
27.8772544860839,-82.2932662963867,"7244, Alafia Ridge Loop, Alafia Estates, Riverview, Hillsborough County, Florida, 33569, United States"
27.8575706481933,-82.328140258789,"9616, Pineridge Avenue, Riverview, Hillsborough County, Florida, 33569, United States"
27.8654994964599,-82.3491287231445,"9431, Star Gazer Lane, Riverview, Hillsborough County, Florida, 33569, United States"
27.8655090332031,-82.349136352539,"9431, Star Gazer Lane, Riverview, Hillsborough County, Florida, 33569, United States"
28.0243396759033,-82.0607376098632,"229, South Webb Road, Youmans, Hillsborough County, Florida, 33566, United States"
28.0074996948242,-82.1430969238281,"2000, Sammonds Road, Plant City, Hillsborough County, Florida, 33563, United States"
28.0147304534912,-82.1094436645507,"1507, East Dr Martin Luther King Jr Boulevard, Alabama, Plant City, Hillsborough County, Florida, 33563, United States"
27.970739364624,-82.1256790161132,"3000, Daniels Road, Hillsborough County, Florida, 33566, United States"
28.0134963989257,-82.1409301757812,"104, North Magnolia Street, Plant City, Hillsborough County, Florida, 33563, United States"
28.0223693847656,-82.1243667602539,"919, North Roux Street, Dixie Gardens, Plant City, Hillsborough County, Florida, 33563, United States"
28.0025901794433,-82.127326965332,"1400, Strawberry Place, Plant City, Hillsborough County, Florida, 33563, United States"
27.9959926605224,-82.0169906616211,"Staybridge Suites Lakeland West, Drane Field Road, Lakeland, Polk County, Florida, 33811, United States"
28.0078353881835,-82.1746520996093,"4728, Bloom Drive, Plant City, Hillsborough County, Florida, 33566, United States"
27.9405212402343,-82.1523056030273,"Cable Road, Hillsborough County, Florida, 33567, United States"
28.0163669586181,-82.1425247192382,"1903, West Oak Avenue, Plant City, Hillsborough County, Florida, 33563, United States"
27.9707412719726,-82.1256790161132,"3000, Daniels Road, Hillsborough County, Florida, 33566, United States"
28.0009593963623,-82.1421203613281,"Plant City, Hillsborough County, Florida, 33566, United States"
28.0301437377929,-82.0454483032226,"6817, New Tampa Highway, Lakeland, Polk County, Florida, 33815, United States"
28.070119857788,-82.0864715576171,"3271, Williams Road, Midway, Hillsborough County, Florida, 33565, United States"
27.9774913787841,-82.1645889282226,"4201, Kipling Avenue, Walden Lake, Plant City, Hillsborough County, Florida, 33566, United States"
28.0372924804687,-82.1322555541992,"1059, Monroe Street, Carolyn Gardens, Plant City, Hillsborough County, Florida, 33563, United States"
28.0540561676025,-82.2330093383789,"7867, Pierce Harwell Road, Hillsborough County, Florida, 33565, United States"
28.0709953308105,-82.7697296142578,"439, Dempsey Road, Palm Harbor, Pinellas County, Florida, 34683, United States"
28.0698795318603,-82.7695388793945,"Caladesi RV Park, 205, Dempsey Road, Palm Harbor, Pinellas County, Florida, 34683, United States"
28.090087890625,-82.7704010009765,"766, Crsytal Drive, Palm Harbor, Pinellas County, Florida, 34683, United States"
28.0897254943847,-82.7720184326171,"Palm Harbor, Pinellas County, Florida, 34681, United States"
28.0866470336914,-82.747200012207,"2124, Citrus Hill Lane, Beacon Groves, Palm Harbor, Pinellas County, Florida, 34683, United States"
28.1193599700927,-82.7671813964843,"4738, Innisfil Street, Cove Springs, Pinellas County, Florida, 34683, United States"
28.0476016998291,-82.7346267700195,"30083, 69th Street North, Riviera Estates, Pinellas County, Florida, 33761, United States"
28.09077835083,-82.7736282348632,"163, Crystal Beach Avenue, Crystal Beach, Palm Harbor, Pinellas County, Florida, 34683, United States"
28.0776653289794,-82.76806640625,"Pinellas Trail, Sutherland Trail, Wall Springs, Palm Harbor, Pinellas County, Florida, 34681, United States"
28.1030750274658,-82.7425308227539,"3521, Glossy Ibis Court, Palm Harbor, Pinellas County, Florida, 34683, United States"
28.074234008789,-82.7617034912109,"680, 14th Street, Palm Harbor, Pinellas County, Florida, 34683, United States"
28.0747051239013,-82.7637252807617,"716, Omaha Street, Palm Harbor, Pinellas County, Florida, 34683, United States"
28.0730457305908,-82.7746200561523,"675, Betmor Lane, Ozona, Pinellas County, Florida, 34683, United States"
28.0487403869628,-82.6763610839843,"398, Lake Placid Court, Oldsmar, Pinellas County, Florida, 34677, United States"
28.0910892486572,-82.6828994750976,"Windmoor Drive North, East Lake, Pinellas County, Florida, 34685, United States"
28.0361099243164,-82.6875762939453,"3619, Meriden Avenue, Pinellas County, Florida, 34677, United States"
28.0354804992675,-82.6843948364257,"3693, Arch Avenue, Pinellas County, Florida, 34677, United States"
28.0217723846435,-82.6635971069336,"430, Country Club Drive, Oldsmar, Pinellas County, Florida, 34677, United States"
28.0376300811767,-82.6881408691406,"Mapleleaf Boulevard, Harbor Palms, Oldsmar, Pinellas County, Florida, 34677, United States"
28.0219669342041,-82.663589477539,"426, Country Club Drive, Oldsmar, Pinellas County, Florida, 34677, United States"
28.0609683990478,-82.6989669799804,"234, Woodlake Wynde, Pinellas County, Florida, 34677, United States"
28.0364303588867,-82.6664581298828,"352, Jefferson Avenue, Oldsmar, Pinellas County, Florida, 34677, United States"
28.0355720520019,-82.6634826660156,"326, Fairfield Street, Oldsmar, Pinellas County, Florida, 34677, United States"
28.022605895996,-82.7155151367187,"2778, Landmark Drive, The Estates at Countryside, Clearwater, Pinellas County, Florida, 33761, United States"
28.0414695739746,-82.6361389160156,"12506, Palomino Court, River Chase, Hillsborough County, Florida, 33626, United States"
28.0190715789794,-82.6964874267578,"2, Crane Drive, Safety Harbor, Pinellas County, Florida, 34695, United States"
28.0581703186035,-82.7029724121093,"Woodlands Drive, Pinellas County, Florida, 34677, United States"
28.0411872863769,-82.6948776245117,"1911, Castlebay Court, Harbor Palms, Oldsmar, Pinellas County, Florida, 34677, United States"
28.0438385009765,-82.7184219360351,"2866, Fair Green Drive, Clearwater, Pinellas County, Florida, 33761, United States"
28.058271408081,-82.7041320800781,"194, Meadow Lane, Pinellas County, Florida, 34677, United States"
28.0219707489013,-82.663589477539,"426, Country Club Drive, Oldsmar, Pinellas County, Florida, 34677, United States"
28.2698535919189,-82.7211303710937,"5623, Queener Avenue, Port Richey, Pasco County, Florida, 34668, United States"
28.2483158111572,-82.7085189819336,"6126, Polk Street, New Port Richey, Pasco County, Florida, 34653, United States"
28.2560958862304,-82.7206954956054,"6793, Grand Boulevard, New Port Richey, Pasco County, Florida, 34652, United States"
28.2352790832519,-82.7091293334961,"6341, Conniewood Square, Conniewood, New Port Richey, Pasco County, Florida, 34653, United States"
28.255760192871,-82.7210464477539,"6757, Grand Boulevard, New Port Richey, Pasco County, Florida, 34652, United States"
28.2716808319091,-82.7341690063476,"4832, Sunset Boulevard, Port Richey, Pasco County, Florida, 34668, United States"
28.2347908020019,-82.7412719726562,"Floramar Terrace, Gulf Harbors, Elfers, Pasco County, Florida, 34652, United States"
28.2347927093505,-82.7412643432617,"Floramar Terrace, Gulf Harbors, Elfers, Pasco County, Florida, 34652, United States"
28.2531089782714,-82.7228927612304,"5525, Indiana Avenue, New Port Richey, Pasco County, Florida, 34652, United States"
28.2150325775146,-82.6986465454101,"7008, Creek Drive, Pasco County, Florida, 34655, United States"
28.2483806610107,-82.7208862304687,"5633, Montana Avenue, New Port Richey, Pasco County, Florida, 34652, United States"
28.2469692230224,-82.7169570922851,"6090, Jefferson Street, New Port Richey, Pasco County, Florida, 34652, United States"
28.2499332427978,-82.7236862182617,"Steele Court, New Port Richey, Pasco County, Florida, 34652, United States"
28.2306804656982,-82.7400512695312,"4850, Pelican Drive, Gulf Harbors, Elfers, Pasco County, Florida, 34652, United States"
28.2663993835449,-82.7251510620117,"5400, Bellview Avenue, New Port Richey, Pasco County, Florida, 34652, United States"
28.2347507476806,-82.7303009033203,"Publix, 5127, US Highway 19, New Port Richey, Pasco County, Florida, 34652, United States"
28.2326297760009,-82.7303466796875,"Chase, Marine Parkway, New Port Richey, Pasco County, Florida, 34652, United States"
28.2598896026611,-82.6972961425781,"7061, Cognac Drive, Brandywine Condominiums, Pasco County, Florida, 34653, United States"
27.7854251861572,-82.7846298217773,"Surf Song Resort Condominiums, 130th Avenue, Mitchell Beach, Madeira Beach, Pinellas County, Florida, 33708, United States"
27.7890281677246,-82.7862854003906,"Madeira Bay Resort, 13235, Gulf Boulevard, Mitchell Beach, Madeira Beach, Pinellas County, Florida, 33708, United States"
27.7970905303955,-82.7958297729492,"51, 143rd Avenue, Madeira Beach, Pinellas County, Florida, 33708, United States"
27.7858963012695,-82.7850952148437,"130th Avenue, Mitchell Beach, Madeira Beach, Pinellas County, Florida, 33708, United States"
27.7889995574951,-82.786262512207,"Madeira Bay Resort, 13235, Gulf Boulevard, Mitchell Beach, Madeira Beach, Pinellas County, Florida, 33708, United States"
27.7858600616455,-82.7831268310546,"Village Boulevard, John's Pass Village, Mitchell Beach, Madeira Beach, Pinellas County, Florida, 33708, United States"
27.7977352142334,-82.7967681884765,"Gulf Boulevard & 144th Avenue, Gulf Boulevard, Mitchell Beach, Madeira Beach, Pinellas County, Florida, 33785, United States"
27.7859630584716,-82.7850189208984,"130th Avenue, Mitchell Beach, Madeira Beach, Pinellas County, Florida, 33708, United States"
27.7892475128173,-82.7877578735351,"13336, Gulf Lane, Mitchell Beach, Madeira Beach, Pinellas County, Florida, 33708, United States"
27.7897644042968,-82.7849960327148,"228, 132nd Avenue East, Mitchell Beach, Madeira Beach, Pinellas County, Florida, 33708, United States"
27.804702758789,-82.7995529174804,"226, Medallion Boulevard, Madeira Beach, Pinellas County, Florida, 33708, United States"
27.7855319976806,-82.7846374511718,"Surf Song Resort Condominiums, 130th Avenue, Mitchell Beach, Madeira Beach, Pinellas County, Florida, 33708, United States"
27.7846336364746,-82.7837524414062,"12901, Gulf Lane, Mitchell Beach, Madeira Beach, Pinellas County, Florida, 33708, United States"
27.7760334014892,-82.7792053222656,"Sunset Vistas Beachfront Suites, 12000, Gulf Boulevard, Sunshine Beach, Treasure Island, Pinellas County, Florida, 33706, United States"
27.7772617340087,-82.7786712646484,"190, 121st Avenue, Sunshine Beach, Treasure Island, Pinellas County, Florida, 33706, United States"
27.7763233184814,-82.7787475585937,"Sunset Vistas Beachfront Suites, 12000, Gulf Boulevard, Sunshine Beach, Treasure Island, Pinellas County, Florida, 33706, United States"
27.7760601043701,-82.7790908813476,"Sunset Vistas Beachfront Suites, 12000, Gulf Boulevard, Sunshine Beach, Treasure Island, Pinellas County, Florida, 33706, United States"
27.7892627716064,-82.7877197265625,"13336, Gulf Lane, Mitchell Beach, Madeira Beach, Pinellas County, Florida, 33708, United States"
27.8506698608398,-82.173957824707,"Hillsborough County Fire Rescue Station 2, 6726, Lithia Pinecrest Road, Hillsborough County, Florida, 33547, United States"
27.8508605957031,-82.1735916137695,"10433, Lithia Pinecrest Road, Hillsborough County, Florida, 33567, United States"
27.8704471588134,-82.1751022338867,"1700, Streetman Acre Lane, Hillsborough County, Florida, 33547, United States"
27.8725814819335,-82.2169113159179,"Tennessee Road, Hillsborough County, Florida, 33547, United States"
27.8674621582031,-82.2379760742187,"2727, Brookville Drive, Hillsborough County, Florida, 33594, United States"
27.8674602508544,-82.2379837036132,"2727, Brookville Drive, Hillsborough County, Florida, 33594, United States"
27.8701457977294,-82.1784362792968,"1831, Streetman Drive, Hillsborough County, Florida, 33547, United States"
27.8954982757568,-82.2632064819336,"Pleasant Willow Court, The District, Brandon, Hillsborough County, Florida, 33596, United States"
27.8698196411132,-82.2203979492187,"River Drive, Marvina, Hillsborough County, Florida, 33596, United States"
27.9293556213378,-82.2822265625,"399, Lake Parsons Green, Allendale, Brandon, Hillsborough County, Florida, 33511, United States"
27.8820610046386,-82.2735595703125,"3940, Canoga Park Drive, Hillsborough County, Florida, 33511, United States"
27.8868751525878,-82.2571640014648,"3707, Kentfield Place, Hillsborough County, Florida, 33594, United States"
27.9070491790771,-82.2602386474609,"2605, Brucken Road, Brandon, Hillsborough County, Florida, 33594, United States"
27.895580291748,-82.2861175537109,"102, El Greco Drive, Amaya Estates, Brandon, Hillsborough County, Florida, 33511, United States"
27.9276657104492,-82.2492294311523,"702, Falkirk Avenue, Anselmi Acres, Brandon, Hillsborough County, Florida, 33594, United States"
27.9603843688964,-82.2337799072265,"1414, Emerald Hill Way, Arista, Hillsborough County, Florida, 33594, United States"
27.9348354339599,-82.2579498291015,"215, Morningside Drive, Brandon, Hillsborough County, Florida, 33594, United States"
27.9200038909912,-82.240478515625,"1234, Carriage Park Drive, Abbey Grove, Hillsborough County, Florida, 33594, United States"
27.9663105010986,-82.2638626098632,"1512, Sydney Road, Abbey Trace, Brandon, Hillsborough County, Florida, 33567, United States"
27.9310092926025,-82.243896484375,"515, South Miller Road, Brandon, Hillsborough County, Florida, 33594, United States"
27.9114151000976,-82.2802429199218,"409, Ashford Drive, Brandon, Hillsborough County, Florida, 33511, United States"
27.9187297821044,-82.2606887817382,"1501, Fox Hill Place, Anselmi Acres, Brandon, Hillsborough County, Florida, 33594, United States"
27.9585704803466,-82.2717895507812,"904, Greenbelt Circle, Brandon, Hillsborough County, Florida, 33509, United States"
27.9453887939453,-82.2212982177734,"3610, Washington Road, Hillsborough County, Florida, 33594, United States"
27.9114799499511,-82.2156295776367,"2104, Whitlock Place, Hillsborough County, Florida, 33527, United States"
28.2200088500976,-82.7172622680664,"4117, Norcrest Lane, Elfers, Pasco County, Florida, 34652, United States"
28.1784191131591,-82.7177581787109,"5858, Melaleuca Drive, Holiday, Pasco County, Florida, 34690, United States"
28.2080287933349,-82.6546249389648,"Seven Springs Golf and Country Club Home Page, 3535, Trophy Boulevard, Trinity, Pasco County, Florida, 34655, United States"
28.207160949707,-82.6926803588867,"7312, Como Drive, Seven Springs Homes, Pasco County, Florida, 34655, United States"
28.138370513916,-82.5815963745117,"8701, Lake Calm Lane, Lake Calm, Hillsborough County, Florida, 33556, United States"
28.2153644561767,-82.6898880004882,"7599, Riverbank Drive, River Park, Pasco County, Florida, 34655, United States"
28.2274894714355,-82.6824569702148,"7900, Sugar Maple Court, Mill Run, Pasco County, Florida, 34653, United States"
28.1767292022705,-82.7188720703125,"1216, Chancellor Drive, Holiday, Pasco County, Florida, 34690, United States"
28.1607189178466,-82.7305450439453,"Pinellas County, Florida, 34690, United States"
28.1737918853759,-82.7204818725586,"1039, Rushmore Drive, Holiday, Pasco County, Florida, 34690, United States"
28.2171382904052,-82.6659545898437,"4000, Little Road, Seven Springs, Pasco County, Florida, 34655, United States"
28.1074905395507,-82.7294158935546,"133, Lake Shore Drive North, The Village of Lake Tarpon, Lake Shore Estates, Pinellas County, Florida, 34684, United States"
28.2070140838623,-82.6555023193359,"3247, Scorecard Drive, Seven Springs, Pasco County, Florida, 34655, United States"
28.2093811035156,-82.72998046875,"5137, Polar Drive, Colonial Manor, Elfers, Pasco County, Florida, 34690, United States"
28.207010269165,-82.6555023193359,"3247, Scorecard Drive, Seven Springs, Pasco County, Florida, 34655, United States"
28.2022953033447,-82.7237854003906,"Car Tune Automotive & Sound Inc., 2940, Grand Boulevard, Holiday, Pasco County, Florida, 34690, United States"
28.0334682464599,-82.3675460815429,"9204, Knights Branch Street, Temple Terrace, Hillsborough County, Florida, 33637, United States"
28.0313892364501,-82.3844604492187,"Florida College, South Lockmoor Avenue, Temple Terrace, Hillsborough County, Florida, 33617, United States"
28.024169921875,-82.3670501708984,"7896, Harney Road, Temple Terrace, Hillsborough County, Florida, 33637, United States"
28.0306167602539,-82.3919372558593,"Heritage Lane, Temple Terrace, Hillsborough County, Florida, 33617, United States"
28.0233097076416,-82.3827819824218,"465, Pinehurst Avenue, Arabian Acres, Temple Terrace, Hillsborough County, Florida, 33617, United States"
28.0310955047607,-82.3920059204101,"Heritage Lane, Temple Terrace, Hillsborough County, Florida, 33617, United States"
28.0251235961914,-82.3877944946289,"333, Brentwood Drive, Arabian Acres, Temple Terrace, Hillsborough County, Florida, 33617, United States"
28.0238208770751,-82.3657150268554,"8391, Iberia Place, Hillsborough County, Florida, 33637, United States"
28.0430603027343,-82.4033279418945,"10236, Takomah Trail, Tampa, Hillsborough County, Florida, 33617, United States"
28.0162296295166,-82.393928527832,"7533, Needle Leaf Place, Hillsborough County, Florida, 33617, United States"
28.0485649108886,-82.4011001586914,"5025, East 110th Avenue, Tampa, Hillsborough County, Florida, 33617, United States"
28.0670013427734,-82.3716964721679,"6814, Woodstork Drive, Temple Terrace, Hillsborough County, Florida, 33637, United States"
28.0424766540527,-82.3881759643554,"359, Deer Park Avenue, Temple Terrace, Hillsborough County, Florida, 33617, United States"
28.0237998962402,-82.3857879638671,"418, Belleview Avenue, Arabian Acres, Temple Terrace, Hillsborough County, Florida, 33617, United States"
28.0269508361816,-82.3867492675781,"325, South Burlingame Avenue, Temple Terrace, Hillsborough County, Florida, 33617, United States"
28.0263347625732,-82.3969497680664,"Ridgeway Road, Temple Terrace, Hillsborough County, Florida, 33617, United States"
28.0439624786376,-82.396125793457,"5267, Holland Street, Temple Terrace, Hillsborough County, Florida, 33617, United States"
28.0273208618164,-82.3899917602539,"356, Bahamas Avenue, Temple Terrace, Hillsborough County, Florida, 33617, United States"
28.0017795562744,-82.465950012207,"6002, North Dexter Avenue, Kenilworth Grove, Tampa, Hillsborough County, Florida, 33604, United States"
27.857400894165,-82.5344543457031,"7583, South Morton Street, Tampa, Hillsborough County, Florida, 33616, United States"
28.0095653533935,-82.4414596557617,"6864, North 17th Street, Altamonte Heights, Tampa, Hillsborough County, Florida, 33610, United States"
27.9431209564209,-82.4791030883789,"1914, West Cleveland Street, Hyde Park, Tampa, Hillsborough County, Florida, 33606, United States"
27.9511680603027,-82.4823608398437,"2244, State Street, West Tampa, Tampa, Hillsborough County, Florida, 33606, United States"
27.892650604248,-82.5221862792968,"4575, Mc Elroy Avenue, Rattlesnake, Tampa, Hillsborough County, Florida, 33611, United States"
27.9961929321289,-82.5852508544921,"8820, Rocky Creek Drive, Rocky Creek Estates, Hillsborough County, Florida, 33615, United States"
27.9587593078613,-82.4747924804687,"1920, North Oregon Avenue, Ridgewood Park, Michigan Park, Tampa, Hillsborough County, Florida, 33607, United States"
27.9634799957275,-82.5721969604492,"Sailport Waterfront Suites, 2506, North Rocky Point Drive, Tampa, Hillsborough County, Florida, 33607, United States"
27.9804897308349,-82.4725723266601,"907, West Orient Street, Roslyn Homes, Tampa, Hillsborough County, Florida, 33603, United States"
27.9961757659912,-82.5850753784179,"8820, Rocky Creek Drive, Rocky Creek Estates, Hillsborough County, Florida, 33615, United States"
28.0366039276123,-82.41015625,"9648, North 46th Street, Tampa, Hillsborough County, Florida, 33617, United States"
28.1355857849121,-82.3711853027343,"18549, Antietam Court, Richmond Place, Tampa, Hillsborough County, Florida, 33647, United States"
27.9378700256347,-82.4922866821289,"635, Swann Drive, Palma Ceia Pines, Arrawana Park, Tampa, Hillsborough County, Florida, 33609, United States"
27.9528179168701,-82.4466857910156,"North 12th Street, Estuary, Tampa, Hillsborough County, Florida, 33602, United States"
27.9634990692138,-82.5721969604492,"Sailport Waterfront Suites, 2506, North Rocky Point Drive, Tampa, Hillsborough County, Florida, 33607, United States"
28.063133239746,-82.4795684814453,"2041, South Village Avenue, Hillsborough County, Florida, 33612, United States"
28.0422706604003,-82.4067687988281,"10153, North Oklawaha Avenue, Tampa, Hillsborough County, Florida, 33617, United States"
27.7838115692138,-82.6727523803711,"2871, 12th Avenue North, North Kenwood, Saint Petersburg, Pinellas County, Florida, 33713, United States"
27.8538055419921,-82.6406173706054,"8937, 5th Street North, Riviera Bay, Rio Vista, Saint Petersburg, Pinellas County, Florida, 33702, United States"
27.7800426483154,-82.6309738159179,"769, Oak Street Northeast, Historic Old Northeast, Saint Petersburg, Pinellas County, Florida, 33701, United States"
27.7654228210449,-82.767219543457,"104th Avenue, Boca Ciega, Treasure Island, Pinellas County, Florida, 33706, United States"
27.7414665222167,-82.7562255859375,"7553, Bayshore Drive, Sunset Beach, Treasure Island, Pinellas County, Florida, 33706, United States"
27.7846336364746,-82.7837524414062,"12901, Gulf Lane, Mitchell Beach, Madeira Beach, Pinellas County, Florida, 33708, United States"
27.8121471405029,-82.7618942260742,"8862, Bay Pines Boulevard, Seminole, Pinellas County, Florida, 33709, United States"
27.7579307556152,-82.6547393798828,"1599, 13th Avenue South, Pine Acres, Saint Petersburg, Pinellas County, Florida, 33705, United States"
27.7061939239501,-82.7157440185546,"Isla Del Sol, Saint Petersburg, Pinellas County, Florida, 33715, United States"
27.7406902313232,-82.7554168701171,"Public Scenic Boardwalk, Treasure Island, Pinellas County, Florida, 33706, United States"
27.7237129211425,-82.7291717529296,"860, Boca Ciega Isle Drive, Saint Pete Beach, Pinellas County, Florida, 33706, United States"
27.7805023193359,-82.6495285034179,"831, 11th Street North, Historic Uptown, Saint Petersburg, Pinellas County, Florida, 33705, United States"
27.7503585815429,-82.7619934082031,"West Gulf Boulevard, Sunset Beach, Treasure Island, Pinellas County, Florida, 33706, United States"
27.7769870758056,-82.6906204223632,"4216, 5th Avenue North, Central Oak Park, Saint Petersburg, Pinellas County, Florida, 33713, United States"
27.7328395843505,-82.7447891235351,"Boulevard Burgers and Tap House, 5905, Gulf Boulevard, Bahia Shores, Saint Pete Beach, Pinellas County, Florida, 33706, United States"
27.7092494964599,-82.7127990722656,"6231, Palma del Mar Boulevard South, Isla Del Sol, Saint Petersburg, Pinellas County, Florida, 33715, United States"
27.7854251861572,-82.7846298217773,"Surf Song Resort Condominiums, 130th Avenue, Mitchell Beach, Madeira Beach, Pinellas County, Florida, 33708, United States"
27.7414608001709,-82.7562179565429,"7553, Bayshore Drive, Sunset Beach, Treasure Island, Pinellas County, Florida, 33706, United States"
28.5023803710937,-82.5511932373046,"10071, Gifford Drive, Spring Hill, Hernando County, Florida, 34608, United States"
28.4478702545166,-82.5853729248046,"8155, Apple Orchard Road, Spring Hill, Hernando County, Florida, 34606, United States"
28.502384185791,-82.5931701660156,"5068, Plumosa Street, Berkeley, Spring Hill, Hernando County, Florida, 34607, United States"
28.438570022583,-82.6028366088867,"245, Plumtree Avenue, Spring Hill, Hernando County, Florida, 34606, United States"
28.4491806030273,-82.5778121948242,"8412, Omega Lane, Spring Hill, Hernando County, Florida, 34608, United States"
28.4993305206298,-82.5599136352539,"Oak Hills Golf Club, Oak Grove Street, Spring Hill, Hernando County, Florida, 34606, United States"
28.5032997131347,-82.5626831054687,"5058, Kirkwood Avenue, Spring Hill, Hernando County, Florida, 34608, United States"
28.501838684082,-82.5636596679687,"4989, Kirkwood Avenue, Spring Hill, Hernando County, Florida, 34608, United States"
28.4580612182617,-82.533447265625,"1445, Finland Drive, Spring Hill, Hernando County, Florida, 34609, United States"
28.5162200927734,-82.5076675415039,"13213, Lawrence Street, Spring Hill, Hernando County, Florida, 34609, United States"
28.5016002655029,-82.5406951904296,"11138, Mayflower Road, Spring Hill, Hernando County, Florida, 34608, United States"
28.4988479614257,-82.5885848999023,"4455, Berkeley Heights Avenue, Berkeley, Spring Hill, Hernando County, Florida, 34606, United States"
28.4497413635253,-82.4940643310546,"1118, Godfrey Avenue, Spring Hill, Hernando County, Florida, 34609, United States"
28.5021095275878,-82.5544738769531,"5034, Florentine Court, Spring Hill, Hernando County, Florida, 34608, United States"
28.5098991394042,-82.5623016357421,"5298, Kirkwood Avenue, Spring Hill, Hernando County, Florida, 34608, United States"
28.4429206848144,-82.6103515625,"6988, Pinehurst Drive, Spring Hill, Hernando County, Florida, 34606, United States"
28.4539356231689,-82.551513671875,"1302, Gatewood Avenue, Spring Hill, Hernando County, Florida, 34608, United States"
28.4671173095703,-82.5484924316406,"10344, Clarion Street, Spring Hill, Hernando County, Florida, 34608, United States"
27.8754291534423,-82.7859649658203,"10647, 114th Avenue North, Pinellas County, Florida, 33773, United States"
27.8121490478515,-82.7618942260742,"8862, Bay Pines Boulevard, Seminole, Pinellas County, Florida, 33709, United States"
27.821678161621,-82.785041809082,"10539, 54th Avenue North, Seminole, Pinellas County, Florida, 33708, United States"
27.8159103393554,-82.7854843139648,"4671, Woodland Drive, Pinellas County, Florida, 33708, United States"
27.8233184814453,-82.7786407470703,"5636, 100th Way North, Seminole, Pinellas County, Florida, 33708, United States"
27.8121490478515,-82.7619018554687,"8866, Bay Pines Boulevard, Seminole, Pinellas County, Florida, 33709, United States"
27.8788814544677,-82.8259582519531,"Oval Drive West, Largo, Pinellas County, Florida, 33774, United States"
27.8138599395751,-82.7467422485351,"Frances Boulevard, Pinellas County, Florida, 33709, United States"
27.8233203887939,-82.7786407470703,"5636, 100th Way North, Seminole, Pinellas County, Florida, 33708, United States"
27.8666896820068,-82.7921142578125,"111th Street, Pinellas County, Florida, 33778, United States"
27.8707103729248,-82.8254470825195,"13477, Del Prado Drive South, Pinellas County, Florida, 33774, United States"
27.8707065582275,-82.825454711914,"13477, Del Prado Drive South, Pinellas County, Florida, 33774, United States"
27.8472270965576,-82.7979965209961,"11540, 82nd Avenue, Buena Vista, Pinellas County, Florida, 33772, United States"
27.8580856323242,-82.8226776123046,"9350, 133rd Street, Oakhurst Terrace, Pinellas County, Florida, 33776, United States"
27.8685092926025,-82.7928619384765,"11134, 105th Avenue, Pinellas County, Florida, 33778, United States"
27.8617687225341,-82.785285949707,"10694, 98th Terrace, Pinellas County, Florida, 33772, United States"
27.8568305969238,-82.8231735229492,"13322, 92nd Avenue North, Oakhurst Terrace, Pinellas County, Florida, 33776, United States"
27.9962539672851,-82.2757797241211,"294, East Old Hillsborough Avenue, Seffner, Hillsborough County, Florida, 33584, United States"
27.9771366119384,-82.2752914428711,"Darlington Drive, Seffner, Hillsborough County, Florida, 33584, United States"
27.9670295715332,-82.3024978637695,"825, Bayou View Drive, Brandon, Hillsborough County, Florida, 33510, United States"
27.9730396270751,-82.2816314697265,"2411, Devonwoode Place, Amys Acres, Brandon, Hillsborough County, Florida, 33584, United States"
27.9710807800292,-82.2770233154296,"2614, Fairview Avenue, Amys Acres, Brandon, Hillsborough County, Florida, 33584, United States"
27.9854888916015,-82.2802047729492,"114, Euclid Loop, Seffner, Hillsborough County, Florida, 33584, United States"
27.9898948669433,-82.2946548461914,"5228, Cherry Avenue, Mango Hills, Hillsborough County, Florida, 33584, United States"
27.9672412872314,-82.3075180053711,"1723, Southwind Drive, Brandon, Hillsborough County, Florida, 33510, United States"
27.9999599456787,-82.2979278564453,"5598, Peach Avenue, Mango Hills, Hillsborough County, Florida, 33584, United States"
