latitude,longitude,Address
38.6288566589355,-90.1943206787109,"Frisco Building, 906, Olive Street, Downtown, Saint Louis, Missouri, 63101, United States"
38.5660324096679,-90.0294570922851,"95, Pyramid Drive, Belleville, Saint Clair County, Illinois, 62223, United States"
38.6121368408203,-90.2056579589843,"South 12th Street, LaSalle Park, Saint Louis, Missouri, 63104, United States"
38.5667495727539,-90.0496215820312,"56, North 82nd Street, Belleville, Saint Clair County, Illinois, 62223, United States"
38.6088066101074,-90.20458984375,"1849, South 9th Street, Soulard, Saint Louis, Missouri, 63104, United States"
38.6461372375488,-90.197280883789,"1453, Clinton Street, Old North Saint Louis, Saint Louis, Missouri, 63106, United States"
38.6399612426757,-90.181900024414,"Lewis Street, Near North Riverfront, Saint Louis, Missouri, 63102, United States"
38.5805015563964,-90.0416870117187,"15, Highview Court, Belleville, Saint Clair County, Illinois, 62223, United States"
38.6399612426757,-90.1819076538086,"Lewis Street, Near North Riverfront, Saint Louis, Missouri, 63102, United States"
38.6214981079101,-90.1902999877929,"Pointe 400, 400, South 4th Street, Downtown, Saint Louis, Missouri, 63101, United States"
38.6390762329101,-90.1948471069336,"O'Fallon Street, Carr Square, Saint Louis, Missouri, 63106, United States"
38.609031677246,-90.2018280029296,"716, Soulard Street, Soulard, Saint Louis, Missouri, 63104, United States"
38.629825592041,-90.1920166015625,"Tower at OPOP, 411, North 8th Street, Downtown, Saint Louis, Missouri, 63101, United States"
38.5480499267578,-90.0758819580078,"Richard Place, Crest Hill, Saint Clair County, Illinois, 62223, United States"
38.6086845397949,-90.200439453125,"Bar 101 St. Louis, 1724, South Broadway, Kosciusko, Saint Louis, Missouri, 63104, United States"
38.6074905395507,-90.2033157348632,"South 7th Street, Soulard, Saint Louis, Missouri, 63104, United States"
38.6100006103515,-90.2035903930664,"Trinity Lutheran Church, 812, Soulard Street, Soulard, Saint Louis, Missouri, 63104, United States"
38.6076507568359,-90.2005996704101,"Bar 101 St. Louis, 1724, South Broadway, Kosciusko, Saint Louis, Missouri, 63104, United States"
38.6288566589355,-90.1943206787109,"Frisco Building, 906, Olive Street, Downtown, Saint Louis, Missouri, 63101, United States"
38.5650405883789,-90.0246505737304,"2275, Llewellyn Road, Swansea, Saint Clair County, Illinois, 62223, United States"
38.607078552246,-90.1090927124023,"598, 44th Street, East St. Louis, Saint Clair County, Illinois, 62205, United States"
38.6157684326171,-90.0362091064453,"43, Woodland Court, Fairview Heights, Saint Clair County, Illinois, 62208, United States"
38.6051940917968,-90.1043014526367,"4885, Lake Drive, Centreville, Saint Clair County, Illinois, 62205, United States"
38.6214599609375,-90.1903228759765,"Pointe 400, 400, South 4th Street, Downtown, Saint Louis, Missouri, 63101, United States"
38.5682182312011,-90.0932388305664,"New Missouri Avenue, Centreville, Saint Clair County, Illinois, 62203, United States"
38.6238403320312,-90.197998046875,"11th & Spruce, 1014, Spruce Street, Downtown, Saint Louis, Missouri, 63102, United States"
38.606460571289,-90.2044219970703,"811, Russell Boulevard, Soulard, Saint Louis, Missouri, 63104, United States"
38.629825592041,-90.1920166015625,"Tower at OPOP, 411, North 8th Street, Downtown, Saint Louis, Missouri, 63101, United States"
38.6327819824218,-90.1946487426757,"North 11th Street, Downtown, Saint Louis, Missouri, 63106, United States"
38.4821510314941,-89.9191818237304,"1601, Turkey Hill Lane, Freeburg, Saint Clair County, Illinois, 62221, United States"
38.545181274414,-90.027603149414,"92, North 50th Street, Gartside, Belleville, Saint Clair County, Illinois, 62226, United States"
38.4836196899414,-89.9166793823242,"Golden Bear Court, Belleville, Saint Clair County, Illinois, 62221, United States"
38.538402557373,-90.0078048706054,"Laurette Lane, Royal Heights, Belleville, Saint Clair County, Illinois, 62226, United States"
38.4659881591796,-89.8901443481445,"8051, Jefferson Road, Freeburg, Saint Clair County, Illinois, 62243, United States"
38.5234909057617,-89.9738082885742,"955, Lasalle Street, Belleville, Saint Clair County, Illinois, 62221, United States"
38.5460472106933,-90.0356369018554,"2236, Frank Scott Parkway, Gartside, Belleville, Saint Clair County, Illinois, 62226, United States"
38.5264015197753,-90.0257034301757,"42, Hil Char Drive, Saint Clair County, Illinois, 62226, United States"
38.5115013122558,-89.9662017822265,"303, South Pennsylvania Avenue, McKinzie Place, Belleville, Saint Clair County, Illinois, 62220, United States"
38.5458374023437,-89.918342590332,"3698, Vintage Forest, Shiloh, Saint Clair County, Illinois, 62221, United States"
38.5419197082519,-90.0299835205078,"West Belleville Bikeway, Gartside, Belleville, Saint Clair County, Illinois, 62223, United States"
38.5469551086425,-90.0250701904296,"West Park Drive, Belleville, Saint Clair County, Illinois, 62226, United States"
38.5549964904785,-89.8996658325195,"261, East Street, Shiloh, Saint Clair County, Illinois, 62269, United States"
38.5664520263671,-90.0475540161132,"113, North 81st Street, Belleville, Saint Clair County, Illinois, 62223, United States"
38.638916015625,-90.2386322021484,"3805, Lindell Boulevard, Covenant Blu Grand Center, Saint Louis, Missouri, 63108, United States"
38.6528511047363,-90.2349319458007,"4046, Aldine Avenue, Greater Ville, Saint Louis, Missouri, 63113, United States"
38.6389350891113,-90.2386474609375,"3805, Lindell Boulevard, Covenant Blu Grand Center, Saint Louis, Missouri, 63108, United States"
38.6528511047363,-90.2349243164062,"4046, Aldine Avenue, Greater Ville, Saint Louis, Missouri, 63113, United States"
38.652732849121,-90.2652587890625,"5048, Enright Avenue, Academy, Cabanne Place, Saint Louis, Missouri, 63108, United States"
38.701789855957,-90.1393814086914,"2249, Lee Avenue, Granite City, Madison County, Illinois, 62040, United States"
38.7396736145019,-90.2057113647461,"603, Adrian Drive, Riverview, Prospect Hill, Saint Louis, Saint Louis County, Missouri, 63137, United States"
38.6474685668945,-90.2593765258789,"4632, McPherson Avenue, Central West End, Saint Louis, Missouri, 63108, United States"
38.7413177490234,-90.2061996459961,"317, Lookout Drive, Riverview, Saint Louis County, Missouri, 63137, United States"
38.6470413208007,-90.2584457397461,"4600, McPherson Avenue, Central West End, Saint Louis, Missouri, 63108, United States"
38.6492004394531,-90.2619018554687,"Kenmore Court Condominiums, 4929-4933, McPherson Avenue, Central West End, Saint Louis, Missouri, 63108, United States"
38.8188438415527,-90.2563171386718,"5617, Madlar Lane, Lake James Manor, Old Jamestown, Saint Louis County, Missouri, 63034, United States"
38.6389999389648,-90.2606201171875,"Metrolofts, 4535, Forest Park Avenue, Central West End, Saint Louis, Missouri, 63108, United States"
38.6424293518066,-90.2480087280273,"4204, McPherson Avenue, Central West End, Saint Louis, Missouri, 63108, United States"
38.7146682739257,-90.1385879516601,"2652, Adams Street, Nameoki, Granite City, Madison County, Illinois, 62040, United States"
38.6389007568359,-90.2386016845703,"3805, Lindell Boulevard, Covenant Blu Grand Center, Saint Louis, Missouri, 63108, United States"
38.8621673583984,-90.0845260620117,"781, East Lorena Avenue, Wood River, Madison County, Illinois, 62095, United States"
38.8958168029785,-90.1933441162109,"1022, Angle Street, Alton, Madison County, Illinois, 62002, United States"
38.8058357238769,-90.2580184936523,"13325, De Marillac Drive, Black Jack, Saint Louis County, Missouri, 63033, United States"
38.9226264953613,-90.2004013061523,"1059, West Delmar Avenue, North Alton, Godfrey, Madison County, Illinois, 62035, United States"
38.7396697998046,-90.2057113647461,"603, Adrian Drive, Riverview, Prospect Hill, Saint Louis, Saint Louis County, Missouri, 63137, United States"
38.8122940063476,-90.2376480102539,"6625, Foot Hills Court, Fox Woods, Saint Louis County, Missouri, 63033, United States"
38.8959846496582,-90.1676940917968,"1179, Greene Street, Alton, Madison County, Illinois, 62002, United States"
38.894416809082,-90.1488189697265,"938, Main Street, Upper Alton, Alton, Madison County, Illinois, 62002, United States"
38.8018417358398,-90.2543029785156,"12572, Spring Trail Drive, Trailwoods, Black Jack, Saint Louis County, Missouri, 63033, United States"
38.8120155334472,-89.9502258300781,"440, East Vandalia Street, Edwardsville, Madison County, Illinois, 62025, United States"
38.7413101196289,-90.2061996459961,"317, Lookout Drive, Riverview, Saint Louis County, Missouri, 63137, United States"
38.9124603271484,-90.1781234741211,"Eunice Smith Elementary School, Henry Street, Alton, Madison County, Illinois, 62002, United States"
38.8120193481445,-89.9502334594726,"440, East Vandalia Street, Edwardsville, Madison County, Illinois, 62025, United States"
38.8025703430175,-90.26123046875,"13009, Mourville Court, Jamestowne, Black Jack, Saint Louis County, Missouri, 63033, United States"
38.7838897705078,-90.2596054077148,"5185, Edgemere Drive, Ridgepark, Black Jack, Saint Louis County, Missouri, 63033, United States"
38.7461509704589,-89.9791412353515,"195, Perry, Glen Carbon, Madison County, Illinois, 62034, United States"
38.8943519592285,-90.1943817138671,"690, Summit Street, Alton, Madison County, Illinois, 62002, United States"
38.5467987060546,-89.9667129516601,"3248, Joel Drive, Swansea, Saint Clair County, Illinois, 62226, United States"
38.5447349548339,-89.9234924316406,"Mona Drive, Shiloh, Saint Clair County, Illinois, 62221, United States"
38.511489868164,-89.9812927246093,"206, East Lincoln Street, Belleville, Saint Clair County, Illinois, 62220, United States"
38.5689010620117,-89.9909973144531,"107, Big Bend Boulevard, Swansea, Saint Clair County, Illinois, 62226, United States"
38.6476860046386,-89.964859008789,"Saint Clair County, Illinois, 62234, United States"
38.6427993774414,-89.9797210693359,"98, Marilyn Circle, Oak Hills, Saint Clair County, Illinois, 62232, United States"
38.6428031921386,-89.9797210693359,"98, Marilyn Circle, Oak Hills, Saint Clair County, Illinois, 62232, United States"
38.6483688354492,-89.9649963378906,"Saint Clair County, Illinois, 62234, United States"
38.7454109191894,-89.9911651611328,"144, Edwards Street, Glen Carbon, Madison County, Illinois, 62034, United States"
38.8146324157714,-89.9554748535156,"223, North Kansas Street, Edwardsville, Madison County, Illinois, 62025, United States"
38.8108711242675,-89.9547119140625,"Library Parking Lot, East Park Street, Edwardsville, Madison County, Illinois, 62025, United States"
38.8148612976074,-89.9520797729492,"226,228,230, Leverett Lane, Edwardsville, Madison County, Illinois, 62025, United States"
38.6469688415527,-89.9642181396484,"Saint Clair County, Illinois, 62234, United States"
38.799819946289,-89.9673461914062,"965, Berkshire Drive, Edwardsville, Madison County, Illinois, 62025, United States"
38.8107986450195,-89.9471740722656,"MCT Quercus Grove Trail, Edwardsville, Madison County, Illinois, 62025, United States"
38.8178367614746,-89.9488525390625,"681, Chapman Street, Edwardsville, Madison County, Illinois, 62025, United States"
38.6461143493652,-90.1972885131836,"1453, Clinton Street, Old North Saint Louis, Saint Louis, Missouri, 63106, United States"
38.6324996948242,-90.1970977783203,"701, Lucas Avenue, Downtown West, Saint Louis, Missouri, 63103, United States"
38.816665649414,-89.9504776000976,"321, Lindley Avenue, Edwardsville, Madison County, Illinois, 62025, United States"
38.6352005004882,-90.2091979980468,"715, North 21st Street, Downtown West, Saint Louis, Missouri, 63103, United States"
38.6318855285644,-90.1988372802734,"Knickerbocker Lofts, 1300, Washington Avenue, Downtown West, Saint Louis, Missouri, 63103, United States"
38.6063156127929,-90.2148513793945,"2326, Lemp Avenue, Benton Park, Saint Louis, Missouri, 63104, United States"
38.6080207824707,-90.2116470336914,"1228-1230, Russell Boulevard, Soulard, Saint Louis, Missouri, 63104, United States"
38.6092224121093,-90.2068176269531,"Great Grizzly Bear, Menard Street, Soulard, Saint Louis, Missouri, 63104, United States"
38.6022987365722,-90.2073974609375,"2417, South 9th Street, Soulard, Saint Louis, Missouri, 63104, United States"
38.6080093383789,-90.2116088867187,"1228-1230, Russell Boulevard, Soulard, Saint Louis, Missouri, 63104, United States"
38.5954551696777,-90.2294921875,"2745, Utah Street, Benton Park West, Saint Louis, Missouri, 63118, United States"
38.6033897399902,-90.2157287597656,"1911, Sidney Street, Benton Park, Saint Louis, Missouri, 63104, United States"
38.6004905700683,-90.2306747436523,"DC Auto Sales, 2901, Arsenal Street, Benton Park West, Saint Louis, Missouri, 63118, United States"
38.592975616455,-90.2240447998046,"2225, Cherokee Street, Marine Villa, Saint Louis, Missouri, 63118, United States"
38.5982131958007,-90.2150268554687,"2932, 13th Street, Soulard, Saint Louis, Missouri, 63118, United States"
38.6036872863769,-90.2186050415039,"2043, Sidney Street, Benton Park, Saint Louis, Missouri, 63104, United States"
38.5935974121093,-90.2148742675781,"936, Utah Street, Soulard, Saint Louis, Missouri, 63118, United States"
38.6056404113769,-90.2177963256836,"2420, McNair Avenue, Benton Park, Saint Louis, Missouri, 63104, United States"
38.5974960327148,-90.2184600830078,"1918, Arsenal Street, Benton Park, Saint Louis, Missouri, 63118, United States"
38.6040229797363,-90.2156829833984,"1900, Victor Street, Benton Park, Saint Louis, Missouri, 63104, United States"
38.6024284362793,-90.2360076904296,"3217, Arsenal Street, Tower Grove East, Saint Louis, Missouri, 63118, United States"
38.6021995544433,-90.2065963745117,"South 7th Street, Soulard, Saint Louis, Missouri, 63104, United States"
38.6078414916992,-90.2063903808593,"1010, Allen Avenue, Soulard, Saint Louis, Missouri, 63104, United States"
38.9374313354492,-90.2780456542968,"75, Chestnut Lane, Godfrey, Jersey County, Illinois, 62028, United States"
38.8058357238769,-90.2580184936523,"13325, De Marillac Drive, Black Jack, Saint Louis County, Missouri, 63033, United States"
38.9237899780273,-90.201919555664,"2877, Wannamaker Lane, North Alton, Godfrey, Madison County, Illinois, 62035, United States"
38.7541885375976,-90.28759765625,"1218, Kroeger Drive, Dellwood, Saint Louis County, Missouri, 63135, United States"
38.9445304870605,-90.3055572509765,"Lakeview Terrace, Jersey County, Illinois, 62035, United States"
38.954849243164,-90.355598449707,"Beltrees Road, Elsah, Jersey County, Illinois, 62035, United States"
38.8462181091308,-90.2572937011718,"16845, Old Jamestown Road, Old Jamestown, Saint Louis County, Missouri, 63034, United States"
38.7428321838378,-90.2896194458007,"971, Edgehill Drive, Forestwood, Ferguson, Saint Louis County, Missouri, 63135, United States"
38.8122940063476,-90.2376480102539,"6625, Foot Hills Court, Fox Woods, Saint Louis County, Missouri, 63033, United States"
38.759910583496,-90.2793884277343,"1502, Dargail Court, Northland Hills, Dellwood, Saint Louis County, Missouri, 63136, United States"
38.635025024414,-90.0216522216796,"153, Brookside Drive, Caseyville, Saint Clair County, Illinois, 62232, United States"
38.6184196472168,-90.0437545776367,"Hatten Street, Bunkum, Caseyville, Saint Clair County, Illinois, 62212, United States"
38.5480575561523,-90.0758819580078,"Richard Place, Crest Hill, Saint Clair County, Illinois, 62223, United States"
38.526798248291,-90.0252990722656,"23, Hil Char Drive, Saint Clair County, Illinois, 62226, United States"
38.601276397705,-89.9842834472656,"North Illinois Street, Fairview Heights, Saint Clair County, Illinois, 62202, United States"
38.6107711791992,-89.9645233154296,"900, Allenbrook Avenue, O'Fallon, Saint Clair County, Illinois, 62269, United States"
38.5450935363769,-89.9633712768554,"83, Lashley Estates Drive, Saint Clair County, Illinois, 62226, United States"
38.5115051269531,-89.9662094116211,"303, South Pennsylvania Avenue, McKinzie Place, Belleville, Saint Clair County, Illinois, 62220, United States"
38.635025024414,-90.0216522216796,"153, Brookside Drive, Caseyville, Saint Clair County, Illinois, 62232, United States"
38.6076354980468,-90.043586730957,"Richfield Road, French Village, Fairview Heights, Saint Clair County, Illinois, 62208, United States"
38.6469688415527,-89.9642181396484,"Saint Clair County, Illinois, 62234, United States"
38.5790939331054,-90.2802658081054,"Kingshighway at Goethe, South Kingshighway Boulevard, Princeton Heights, Saint Louis, Missouri, 63109, United States"
38.5696868896484,-90.2521820068359,"5453, Tennessee Avenue, Carondelet, Saint Louis, Missouri, 63111, United States"
38.5873413085937,-90.2778549194336,"5025, Devonshire Avenue, Southampton, Southhampton, Saint Louis, Missouri, 63109, United States"
38.5873947143554,-90.2778930664062,"5029, Devonshire Avenue, Southampton, Southhampton, Saint Louis, Missouri, 63109, United States"
38.5708236694335,-90.2970733642578,"7164, Jamieson Avenue, Saint Louis Hills, Saint Louis, Missouri, 63109, United States"
38.4901504516601,-90.2140121459961,"South Main Street, Sugarloaf Heights, Dupo, Saint Clair County, Illinois, 62236, United States"
38.4047393798828,-90.2492218017578,"Monroe County, Illinois, United States"
38.540542602539,-90.2904205322265,"856, Avenue H, Lemay, Saint Louis County, Missouri, 63125, United States"
38.5390510559082,-90.361946105957,"10832, Baywood Terrace, Sappington, Saint Louis County, Missouri, 63126, United States"
38.5418090820312,-90.3209533691406,"9751, Jarris Drive, Reavsdale, Affton, Saint Louis County, Missouri, 63123, United States"
38.5106697082519,-90.2903442382812,"162, Betty Jean Lane, East Monticello, Lemay, Saint Louis County, Missouri, 63125, United States"
38.5750389099121,-90.2387466430664,"4485, Minnesota Avenue, Mount Pleasant, Saint Louis, Missouri, 63111, United States"
38.3426971435546,-90.1510238647461,"155, Columbia Avenue, Waterloo, Monroe County, Illinois, 62298, United States"
38.5421981811523,-90.3630599975586,"Eddie & Park Road, Grantwood Village, Saint Louis County, Missouri, 63127, United States"
38.5791816711425,-90.2638549804687,"4190, Newport Avenue, Bevo Mill, Saint Louis, Missouri, 63116, United States"
38.3824424743652,-90.3730926513671,"46, Stewart Lane, Imperial, Windsor Township, Jefferson County, Missouri, 63052, United States"
38.5656814575195,-90.2610702514648,"6114, Arendes Drive, Holly Hills, Saint Louis, Missouri, 63116, United States"
38.5398521423339,-90.2926712036132,"4031, Paule Avenue, Lemay, Saint Louis County, Missouri, 63125, United States"
37.6287078857421,-88.9302597045898,"Market Road, Williamson County, Illinois, 62959, United States"
40.4819641113281,-88.98486328125,"Shelter Insurance, North Clinton Street, Old East Side, Bloomington, McLean County, Illinois, 61701, United States"
39.0122413635253,-87.7419204711914,"Firebaugh Street, Robinson, Crawford County, Illinois, 62454, United States"
40.7329216003418,-89.5753402709961,"3762, North Vincent Avenue, Peoria Heights, Peoria County, Illinois, 61616, United States"
38.6022720336914,-90.2607040405273,"4298, Juniata Street, Tower Grove South, Saint Louis, Missouri, 63116, United States"
41.4856491088867,-90.558967590332,"29½th Street, Dengers Bungalow, Rock Island, Rock Island County, Illinois, 61201, United States"
40.7329444885253,-89.6356811523437,"The Atrium, 2719, West Reservoir Boulevard, El Vista, Peoria, Peoria County, Illinois, 61615, United States"
42.2565994262695,-89.0537109375,"1063, 23rd Street, Rockford, Rockford Township, Winnebago County, Illinois, 61108, United States"
40.7399253845214,-89.5806732177734,"848, East Sciota Avenue, Peoria Heights, Peoria County, Illinois, 61616, United States"
37.4237365722656,-88.4176940917968,"San Damiano Road, Pope County, Illinois, United States"
40.6573257446289,-89.5795211791992,"354, Park Avenue, East Peoria, Tazewell County, Illinois, 61611, United States"
40.4870452880859,-88.9894332885742,"Franklin Square, North Park Street, Cultural District, Bloomington, McLean County, Illinois, 61701, United States"
42.2401466369628,-88.2887496948242,"4656, Amy Drive, McHenry County, Illinois, 60014, United States"
39.7867622375488,-89.6579208374023,"310, South Grand Avenue West, Hawthorne Place, Springfield, Sangamon County, Illinois, 62704, United States"
41.5392913818359,-90.5585479736328,"1982, Bridge Avenue, Homesite, Davenport, Scott County, Iowa, 52803, United States"
40.0481605529785,-90.0662155151367,"Gabby's Road, Cass County, Illinois, 62627, United States"
42.295066833496,-90.4657287597656,"37133, 308th Street, Deerfield Estates, North Bellevue, Jackson County, Iowa, 52031, United States"
37.6759529113769,-89.2317504882812,"98, Dunn Lane, Jackson County, Illinois, 62903, United States"
38.5610618591308,-89.8971939086914,"54, South Main Street, Shiloh, Saint Clair County, Illinois, 62269, United States"
38.5646018981933,-89.8996810913086,"Cross Street, Shiloh, Saint Clair County, Illinois, 62269, United States"
38.5646018981933,-89.899673461914,"Cross Street, Shiloh, Saint Clair County, Illinois, 62269, United States"
38.60249710083,-89.8184127807617,"998, Locust Lane, Lebanon, Saint Clair County, Illinois, 62254, United States"
38.5600776672363,-89.8998718261718,"Shiloh Valley Cemetery, Oak Street, Shiloh, Saint Clair County, Illinois, 62269, United States"
38.629825592041,-90.1920166015625,"Tower at OPOP, 411, North 8th Street, Downtown, Saint Louis, Missouri, 63101, United States"
38.6077919006347,-90.2087020874023,"2025, South 11th Street, Soulard, Saint Louis, Missouri, 63104, United States"
38.5939102172851,-90.2181015014648,"Lemp Cottage, 3316, Lemp Avenue, Benton Park, Saint Louis, Missouri, 63118, United States"
38.3380126953125,-90.1630859375,"272, Mueller Lane, Waterloo, Monroe County, Illinois, 62298, United States"
38.3380699157714,-90.1630706787109,"998, Illinois Avenue, Waterloo, Monroe County, Illinois, 62298, United States"
38.3376502990722,-90.1509399414062,"108, Magnolia Avenue, Waterloo, Monroe County, Illinois, 62298, United States"
38.3428153991699,-90.151138305664,"Waterloo, Monroe County, Illinois, 62298, United States"
38.3420181274414,-90.1549606323242,"475, North Library Street, Waterloo, Monroe County, Illinois, 62298, United States"
38.334300994873,-90.1503448486328,"South Main Street, Waterloo, Monroe County, Illinois, 62298, United States"
38.3676834106445,-90.3636398315429,"202, Vine Street, Kimmswick, Imperial, Windsor Township, Jefferson County, Missouri, 63052, United States"
38.2070884704589,-90.2258834838867,"Monroe County, Illinois, 62256, United States"
38.3677406311035,-90.3634185791015,"5900, 2nd Street, Kimmswick, Imperial, Windsor Township, Jefferson County, Missouri, 63052, United States"
38.227741241455,-90.2318267822265,"4036, Maeystown Road, Maeystown, Monroe County, Illinois, 62256, United States"
38.3681144714355,-90.3665313720703,"801, Vine Street, Kimmswick, Imperial, Windsor Township, Jefferson County, Missouri, 63052, United States"
38.3675689697265,-90.3637619018554,"230, Vine Street, Kimmswick, Imperial, Windsor Township, Jefferson County, Missouri, 63052, United States"
38.4390220642089,-90.0421600341796,"Roachtown Road, Roachtown, Saint Clair County, Illinois, 62260, United States"
38.526798248291,-90.0252990722656,"23, Hil Char Drive, Saint Clair County, Illinois, 62226, United States"
39.0411987304687,-89.9502944946289,"301, East Park Street, Bunker Hill, Macoupin County, Illinois, 62014, United States"
38.8957748413085,-90.1772232055664,"900, Burns Court, Alton, Madison County, Illinois, 62002, United States"
38.9019393920898,-90.1373672485351,"Lucille Avenue, Milton, Alton, Madison County, Illinois, 62002, United States"
38.8902320861816,-90.1353683471679,"3375, Leo Street, Alton, Madison County, Illinois, 62002, United States"
38.88911819458,-90.1774597167968,"130, Henry Street, Alton, Madison County, Illinois, 62002, United States"
38.8880348205566,-90.1500854492187,"Casey's General Store, 2530, East Broadway, Alton, Madison County, Illinois, 62002, United States"
38.8922882080078,-90.1366882324218,"3294, Duco Street, Milton, Alton, Madison County, Illinois, 62002, United States"
38.8957710266113,-90.1772232055664,"900, Burns Court, Alton, Madison County, Illinois, 62002, United States"
38.8957748413085,-90.1772232055664,"900, Burns Court, Alton, Madison County, Illinois, 62002, United States"
38.6132698059082,-89.8206100463867,"955, Silver Valley Road, Lebanon, Saint Clair County, Illinois, 62254, United States"
38.5622024536132,-89.8975982666015,"168, High Street, Shiloh, Saint Clair County, Illinois, 62269, United States"
38.4659881591796,-89.8901443481445,"8051, Jefferson Road, Freeburg, Saint Clair County, Illinois, 62243, United States"
