latitude,longitude,Address
39.4844818115234,-86.0502471923828,"398, Yandes Street, Franklin, Johnson County, Indiana, 46131, United States"
39.4814796447753,-86.0587692260742,"262, West Madison Street, Franklin, Johnson County, Indiana, 46131, United States"
39.4866371154785,-86.0558090209961,"653, North Main Street, Franklin, Johnson County, Indiana, 46131, United States"
39.4807014465332,-86.0578994750976,"West Jefferson Street, Franklin, Johnson County, Indiana, 46131, United States"
39.4674415588378,-86.0584411621093,"US 31, Franklin, Johnson County, Indiana, 46131, United States"
39.4689903259277,-86.2400817871093,"7308, West 50 South, Johnson County, Indiana, 46160, United States"
39.4795989990234,-86.0594177246093,"West Jefferson Street, Franklin, Johnson County, Indiana, 46131, United States"
39.6346092224121,-85.9665451049804,"7299, East 1075 N, Johnson County, Indiana, 46259, United States"
39.62837600708,-86.1657409667968,"3198, Brixton Drive, Greenwood, Johnson County, Indiana, 46142, United States"
39.4866294860839,-86.0558090209961,"653, North Main Street, Franklin, Johnson County, Indiana, 46131, United States"
39.4814872741699,-86.0587692260742,"262, West Madison Street, Franklin, Johnson County, Indiana, 46131, United States"
39.6371994018554,-86.0906600952148,"4532, Costco Drive, Indianapolis, Marion County, Indiana, 46237, United States"
39.48140335083,-86.0584564208984,"228, West Madison Street, Franklin, Johnson County, Indiana, 46131, United States"
39.6342124938964,-85.9639739990234,"7387, East 1075 N, Johnson County, Indiana, 46259, United States"
39.489891052246,-86.0607833862304,"345, Clark Street, Franklin, Johnson County, Indiana, 46131, United States"
39.6288986206054,-86.0766525268554,"Verge, 764, Greenwood Springs Drive, Greenwood, Johnson County, Indiana, 46143, United States"
39.4847564697265,-86.0505065917968,"350, Kentucky Street, Franklin, Johnson County, Indiana, 46131, United States"
39.6077156066894,-86.1439514160156,"425, Poplar Drive, Hendricks, Greenwood, Johnson County, Indiana, 46142, United States"
39.957275390625,-86.3570709228515,"Elevated Way, Boone County, Indiana, 46075, United States"
39.9472541809082,-86.3333358764648,"7178, Purcell Drive, Alinium at Zionsville, Boone County, Indiana, 46077, United States"
39.9472885131835,-86.3331985473632,"7186, Purcell Drive, Alinium at Zionsville, Boone County, Indiana, 46077, United States"
39.9460182189941,-86.3596572875976,"5788, Whitestown Parkway, Boone County, Indiana, 46052, United States"
39.9735260009765,-86.3517150878906,"Pebblebrooke Road, Boone County, Indiana, 46075, United States"
39.9564666748046,-86.3589782714843,"Boone County, Indiana, 46075, United States"
39.9466209411621,-86.3337936401367,"7151, Purcell Drive, Alinium at Zionsville, Boone County, Indiana, 46077, United States"
39.9477043151855,-86.3338317871093,"7134, Anderson Drive, Alinium at Zionsville, Boone County, Indiana, 46077, United States"
40.0093231201171,-86.2914276123046,"946, Saddlebrook Drive, Zionsville, Boone County, Indiana, 46077, United States"
39.9637489318847,-86.3398056030273,"6871, East County Road 525 South, Boone County, Indiana, 46075, United States"
39.9472618103027,-86.3337936401367,"7150, Purcell Drive, Alinium at Zionsville, Boone County, Indiana, 46077, United States"
39.9480781555175,-86.3556213378906,"TA, I 65;US 52, Boone County, Indiana, 46075, United States"
39.9839286804199,-86.3448867797851,"Daffodil Lane, Boone County, Indiana, 46075, United States"
39.95601272583,-86.359619140625,"Boone County, Indiana, 46075, United States"
39.9972991943359,-86.3466110229492,"98, West Pierce Street, Whitestown, Boone County, Indiana, 46075, United States"
39.964500427246,-86.3426055908203,"6685, East County Road 525 South, Boone County, Indiana, 46075, United States"
39.9473838806152,-86.3332824707031,"6342, Luria Lane, Alinium at Zionsville, Boone County, Indiana, 46077, United States"
39.9905586242675,-86.3609924316406,"3436, 575 East, Boone County, Indiana, 46075, United States"
39.7936515808105,-86.2512741088867,"2020, North Lynhurst Drive, Speedway, Marion County, Indiana, 46224, United States"
39.792911529541,-86.2446517944336,"2002, North Auburn Street, Old Speedway, Speedway, Marion County, Indiana, 46224, United States"
39.7888641357421,-86.2106323242187,"1631, Kessler Boulevard North Drive, Indianapolis, Marion County, Indiana, 46222, United States"
39.7699890136718,-86.2068557739257,"273, North Warman Avenue, Mount Jackson, Indianapolis, Marion County, Indiana, 46222, United States"
39.7891159057617,-86.2036819458007,"2522, West 17th Street, Indianapolis, Marion County, Indiana, 46222, United States"
39.7904014587402,-86.2825317382812,"6949, Thousand Oaks Lane, Indianapolis, Marion County, Indiana, 46214, United States"
39.7811889648437,-86.2418975830078,"Speedway Historic District, West 16th Street, Old Speedway, Indianapolis, Marion County, Indiana, 36224, United States"
39.8111343383789,-86.2487258911132,"5128, Patricia Street, Indianapolis, Marion County, Indiana, 46224, United States"
39.7864189147949,-86.245735168457,"Speedway Historic District, West 16th Street, Old Speedway, Indianapolis, Marion County, Indiana, 36224, United States"
39.787109375,-86.243896484375,"4971, West 16th Street, Old Speedway, Indianapolis, Marion County, Indiana, 46224, United States"
39.795352935791,-86.2352981567382,"Indianapolis Motor Speedway, Cagle Lane, Indianapolis, Marion County, Indiana, 46222, United States"
39.8072471618652,-86.2650375366211,"5939, Hollister Drive, Speedway, Marion County, Indiana, 46224, United States"
39.7863311767578,-86.2494277954101,"5220, West 15th Street, Old Speedway, Indianapolis, Marion County, Indiana, 46224, United States"
39.7949295043945,-86.2144775390625,"3326, West 21st Street, Indianapolis, Marion County, Indiana, 46222, United States"
39.7907524108886,-86.2504425048828,"1801, North Lynhurst Drive, Old Speedway, Speedway, Marion County, Indiana, 46224, United States"
39.7907485961914,-86.2504425048828,"1801, North Lynhurst Drive, Old Speedway, Speedway, Marion County, Indiana, 46224, United States"
39.7820281982421,-86.2503280639648,"1129, North Lynhurst Drive, Old Speedway, Indianapolis, Marion County, Indiana, 46224, United States"
39.7843360900878,-86.2540817260742,"1329, Norfolk Circle, Indianapolis, Marion County, Indiana, 46224, United States"
39.7184143066406,-86.0871276855468,"151, South 5th Avenue, Ingallston, Beech Grove, Marion County, Indiana, 46107, United States"
39.7305679321289,-86.1377410888671,"1210, East Southern Avenue, Garfield Park, Indianapolis, Marion County, Indiana, 46203, United States"
39.7315559387207,-86.1518325805664,"272, Hoefgen Street, Garfield Park, Indianapolis, Marion County, Indiana, 46225, United States"
39.670238494873,-86.1327819824218,"1432, Maynard Drive, Indianapolis, Marion County, Indiana, 46227, United States"
39.7066383361816,-86.1326217651367,"1514, Castle Avenue, University Heights, Indianapolis, Marion County, Indiana, 46227, United States"
39.6707496643066,-86.1284866333007,"6641, Madison Avenue, Twin Brooks, Southport, Indianapolis, Marion County, Indiana, 46227, United States"
39.6375541687011,-86.1727218627929,"8813, Country Lane Court, Indianapolis, Marion County, Indiana, 46217, United States"
39.6077156066894,-86.1439514160156,"425, Poplar Drive, Hendricks, Greenwood, Johnson County, Indiana, 46142, United States"
39.6372756958007,-86.1548156738281,"155, Dixie Drive, Indianapolis, Marion County, Indiana, 46227, United States"
39.6475791931152,-86.0853271484375,"8209, Parsley Lane, Indianapolis, Marion County, Indiana, 46237, United States"
39.6938972473144,-86.1477813720703,"East Thompson Road, Indianapolis, Marion County, Indiana, 46237, United States"
39.6707496643066,-86.1284790039062,"6641, Madison Avenue, Twin Brooks, Southport, Indianapolis, Marion County, Indiana, 46227, United States"
39.7197265625,-86.0900497436523,"102, South 7th Avenue, Ingallston, Beech Grove, Marion County, Indiana, 46107, United States"
39.6953315734863,-86.1733703613281,"4710, Bluff Road, Indianapolis, Marion County, Indiana, 46217, United States"
39.7038688659668,-86.0680770874023,"5741, Tansy Court, Arlington Meadows, Indianapolis, Marion County, Indiana, 46203, United States"
39.6193199157714,-86.1065292358398,"Greenwood, Johnson County, Indiana, 46143, United States"
39.9412040710449,-85.9199523925781,"10663, Geist View Drive, Cambridge, Brooks, Fishers, Hamilton County, Indiana, 46055, United States"
39.9645042419433,-86.0223617553711,"Ellipse Parkway, Sunblest, Fishers, Hamilton County, Indiana, 46038, United States"
39.9571495056152,-86.0180587768554,"The Depot Parking Garage, Fishers Center Drive, Downtown Fishers, Fishers, Hamilton County, Indiana, 46038, United States"
39.9540939331054,-86.0165786743164,"8567, Morgan Drive, Hertiage Meadows, Fishers, Hamilton County, Indiana, 46038, United States"
39.9343147277832,-86.0599365234375,"273, Maple Brook Drive, Fishers, Hamilton County, Indiana, 46038, United States"
39.9505310058593,-86.0154647827148,"Meadows Drive, Fishers, Hamilton County, Indiana, 46038, United States"
39.9525527954101,-86.0137405395507,"11306, Lantern Road, Downtown Fishers, Fishers, Hamilton County, Indiana, 46038, United States"
39.9617118835449,-85.9836654663086,"10359, Sand Creek Boulevard, Sand Creek Woods, Fishers, Hamilton County, Indiana, 46037, United States"
39.9589042663574,-85.9934616088867,"Steamboat Drive, Reveal on Cumberland, Fishers, Hamilton County, Indiana, 46037, United States"
39.9616241455078,-86.0250091552734,"7816, Ashton Place, Sunblest, Fishers, Hamilton County, Indiana, 46038, United States"
39.9345626831054,-86.0585479736328,"958, Maple Brook Drive, Fishers, Hamilton County, Indiana, 46038, United States"
39.9621887207031,-86.0187835693359,"Springfield Lane, Sunblest Apartment Homes, Fishers, Hamilton County, Indiana, 46038, United States"
39.946979522705,-86.024185180664,"7798, Heather Lane, Berkley Grove, Fishers, Hamilton County, Indiana, 46038, United States"
39.9587631225585,-86.0137481689453,"North Street, Downtown Fishers, Fishers, Hamilton County, Indiana, 46038, United States"
39.9812393188476,-85.8991622924804,"13168, Prairie Baptist Road, Fishers, Hamilton County, Indiana, 46037, United States"
39.9661827087402,-85.9779205322265,"12305, Chateau Court, Hamilton County, Indiana, 46037, United States"
39.9445114135742,-86.0298995971679,"7608, Winding Way, Berkley Grove, Fishers, Hamilton County, Indiana, 46038, United States"
39.9815101623535,-86.0105209350586,"117, Chippenham Lane, Fishers, Hamilton County, Indiana, 46038, United States"
39.9131660461425,-86.1246643066406,"2110, East 86th Street, Nora, Indianapolis, Marion County, Indiana, 46240, United States"
39.913158416748,-86.1246719360351,"2110, East 86th Street, Nora, Indianapolis, Marion County, Indiana, 46240, United States"
39.978588104248,-86.1304931640625,"Nordyke Avenue, Carmel, Hamilton County, Indiana, 46032, United States"
39.9827003479003,-86.1284027099609,"501, 1st Avenue Northwest, Carmel, Hamilton County, Indiana, 46032, United States"
39.9735488891601,-86.1933059692382,"12815, Chapel Square Street, Carmel, Hamilton County, Indiana, 46032, United States"
39.9155082702636,-86.1694107055664,"650, Braeside Drive South, Spring Mill Woods, Spring Hollow, Indianapolis, Marion County, Indiana, 46260, United States"
39.9827194213867,-86.1283798217773,"503, 1st Avenue Northwest, Carmel, Hamilton County, Indiana, 46032, United States"
39.914379119873,-86.2009201049804,"2310, Rippling Way South, Indianapolis, Marion County, Indiana, 46260, United States"
40.0235710144043,-86.0912628173828,"Gray Road, Westfield, Hamilton County, Indiana, 46062, United States"
39.9786415100097,-86.1293563842773,"Rita's Italian Ice, 110, West Main Street, Carmel, Hamilton County, Indiana, 46033, United States"
39.9458389282226,-86.1545486450195,"Staybridge Suites Indianapolis-Carmel, 10675, Pennsylvania Street, Home Place, Indianapolis, Hamilton County, Indiana, 46280, United States"
39.9863128662109,-86.1117553710937,"2911, East Smoky Row Road, Carmel, Hamilton County, Indiana, 46033, United States"
39.9702568054199,-86.1987838745117,"1969, Stanhope Street, Carmel, Hamilton County, Indiana, 46032, United States"
39.9949989318847,-86.2154998779296,"3260, Winings Lane, Carmel, Hamilton County, Indiana, 46074, United States"
39.9328460693359,-86.0905456542968,"4900, West Haven Circle, Carmel, Hamilton County, Indiana, 46280, United States"
39.9741096496582,-86.1958999633789,"2031, Broughton Street, Carmel, Hamilton County, Indiana, 46032, United States"
39.9842224121093,-86.1288223266601,"135, Old Grayce Lane, Carmel, Hamilton County, Indiana, 46032, United States"
39.6259384155273,-86.3109893798828,"6403, East Pembroke Court, Morgan County, Indiana, 46113, United States"
39.635398864746,-86.3171691894531,"8813, Browns Valley Lane, Indianapolis, Marion, Indiana, 46113, United States"
39.6426696777343,-86.3078994750976,"8301, Wheatfield Drive, Indianapolis, Marion County, Indiana, 46113, United States"
39.7317733764648,-86.3539352416992,"East County Road 200 South, Plainfield, Hendricks County, Indiana, 46213, United States"
39.7245025634765,-86.3963241577148,"7194, Martock Drive, Plainfield, Hendricks County, Indiana, 46168, United States"
39.7244987487793,-86.3963165283203,"7196, Martock Drive, Plainfield, Hendricks County, Indiana, 46168, United States"
39.6328392028808,-86.3182983398437,"8869, West County Line Road, Indianapolis, Marion County, Indiana, 46113, United States"
39.6511268615722,-86.3117980957031,"7725, Firecrest Lane, Indianapolis, Marion County, Indiana, 46113, United States"
39.6803855895996,-86.2499465942382,"5220, Sweet River Way, Indianapolis, Marion County, Indiana, 46221, United States"
39.6288986206054,-86.3066711425781,"6503, East Daisy Hill Court, Morgan County, Indiana, 46113, United States"
39.6668510437011,-86.2475662231445,"6715, Mann Road, Indianapolis, Marion County, Indiana, 46221, United States"
39.6676712036132,-86.2469253540039,"6627, Mann Road, Indianapolis, Marion County, Indiana, 46221, United States"
39.6377449035644,-86.3145523071289,"8724, Liberty Mills Drive, Indianapolis, Marion County, Indiana, 46113, United States"
39.7227706909179,-86.3790512084961,"Blazing Star Drive, Avon, Hendricks County, Indiana, 46168, United States"
39.7271003723144,-86.3841476440429,"Hendricks County, Indiana, 46168, United States"
39.6857147216796,-86.2556610107421,"5344, Tincher Road, Indianapolis, Marion County, Indiana, 46221, United States"
39.6716613769531,-86.3668823242187,"Staybridge Suites Indianapolis-Airport, 6295, Cambridge Way, Plainfield, Hendricks County, Indiana, 46168, United States"
39.6680068969726,-86.24609375,"6627, Mann Road, Indianapolis, Marion County, Indiana, 46221, United States"
39.78662109375,-86.3186416625976,"8859, Woodpointe Circle, Westwood, Indianapolis, Marion County, Indiana, 46234, United States"
39.7782707214355,-86.3320236206054,"801, Jacks Way, Avon, Hendricks County, Indiana, 46234, United States"
39.7904014587402,-86.2825317382812,"6949, Thousand Oaks Lane, Indianapolis, Marion County, Indiana, 46214, United States"
39.8478927612304,-86.3957901000976,"313, North Green Street, Danville, Hendricks County, Indiana, 46112, United States"
39.8439216613769,-86.3990936279296,"34, West Main Street, Danville, Hendricks County, Indiana, 46112, United States"
39.8133544921875,-86.2998809814453,"7838, Island Club Drive, Indianapolis, Marion County, Indiana, 46214, United States"
39.8292694091796,-86.4027862548828,"980, Briarwood Drive, Brownsburg, Hendricks County, Indiana, 46112, United States"
39.8130493164062,-86.2992172241211,"7818, Island Club Drive, Indianapolis, Marion County, Indiana, 46214, United States"
39.808120727539,-86.3221817016601,"9039, West 30th Street, Indianapolis, Marion County, Indiana, 46234, United States"
39.8179664611816,-86.3549728393554,"3770, North County Road 950 East, Brownsburg, Hendricks County, Indiana, 46112, United States"
39.8396492004394,-86.3872985839843,"Flap Jacks, East Main Street, Brownsburg, Hendricks County, Indiana, 46167, United States"
39.8477897644043,-86.4018020629882,"200, Lucas Drive, Danville, Hendricks County, Indiana, 46112, United States"
39.8347206115722,-86.2883911132812,"7230, Village Parkway Drive South, Indianapolis, Marion County, Indiana, 46254, United States"
39.8496856689453,-86.4144439697265,"6335, West Main Street, Danville, Hendricks County, Indiana, 46112, United States"
39.84321975708,-86.3279495239257,"North Raceway Road, Indianapolis, Marion County, Indiana, 46253, United States"
39.7734184265136,-86.4527282714843,"Barkston Lane, Hendricks County, Indiana, 46122, United States"
39.8458137512207,-86.3284835815429,"10952, Jamestown Road, Hendricks County, Indiana, 46234, United States"
39.8334312438964,-86.3858795166015,"Maple Lane, Brownsburg, Hendricks County, Indiana, 46112, United States"
39.767463684082,-86.1482620239257,"North East Street, Indianapolis, Marion County, Indiana, 46204, United States"
39.7678260803222,-86.1376876831054,"27, North Highland Avenue, Holy Cross, Near Eastside, Indianapolis, Marion County, Indiana, 46202, United States"
39.7596130371093,-86.0845565795898,"515, Clyde Avenue, Christian Park, Indianapolis, Marion County, Indiana, 46203, United States"
39.7678489685058,-86.1377029418945,"27, North Highland Avenue, Holy Cross, Near Eastside, Indianapolis, Marion County, Indiana, 46202, United States"
39.7537193298339,-86.1256713867187,"1019, Harlan Street, Indianapolis, Marion County, Indiana, 46203, United States"
39.7523612976074,-86.1270294189453,"1929, Prospect Street, Fountain Square, Indianapolis, Marion County, Indiana, 46203, United States"
39.7453498840332,-86.145637512207,"811, Lincoln Street, Bates-Hendricks, Indianapolis, Marion County, Indiana, 46203, United States"
39.7618103027343,-86.1319580078125,"Bates Street, Irish Hill, Indianapolis, Marion County, Indiana, 46204, United States"
39.6963195800781,-86.0868377685546,"5, Whitewood Court, Beech Grove, Marion County, Indiana, 46107, United States"
39.7550010681152,-86.1256027221679,"2109, Pleasant Street, Indianapolis, Marion County, Indiana, 46203, United States"
39.746826171875,-86.1492614746093,"1451, South East Street, Bates-Hendricks, Indianapolis, Marion County, Indiana, 46225, United States"
39.7418174743652,-86.1474227905273,"622, East Beecher Street, Bates-Hendricks, Indianapolis, Marion County, Indiana, 46203, United States"
39.7554702758789,-86.1292037963867,"823, Dawson Street, Fountain Square, Indianapolis, Marion County, Indiana, 46203, United States"
39.7162971496582,-86.0995483398437,"Franciscan Trail, Indianapolis, Marion County, Indiana, 46107, United States"
39.7469978332519,-86.1435165405273,"1533, Leonard Street, Bates-Hendricks, Indianapolis, Marion County, Indiana, 46203, United States"
39.7935104370117,-86.348648071289,"9748, East County Road 200 North, Avon, Hendricks County, Indiana, 46123, United States"
39.802619934082,-86.3487243652343,"Ronald Reagan Bike Path, Avon, Hendricks County, Indiana, 46234, United States"
39.7271461486816,-86.4191665649414,"2498, River Birch Drive, Hendricks County, Indiana, 46123, United States"
39.762035369873,-86.2817306518554,"150, South Eleanor Street, Keystone Manor, Indianapolis, Marion County, Indiana, 46241, United States"
39.7271690368652,-86.3393096923828,"Medallion Drive, Six Points, Plainfield, Hendricks County, Indiana, 46231, United States"
39.7275314331054,-86.3843231201171,"Hendricks County, Indiana, 46168, United States"
39.7011375427246,-86.3796081542968,"651, Brentwood Drive West, Plainfield, Hendricks County, Indiana, 46168, United States"
39.7396392822265,-86.3279113769531,"10971, Zimmerman Lane, Plainfield, Hendricks County, Indiana, 46231, United States"
39.7044792175293,-86.3554000854492,"Perry Road, Plainfield, Hendricks County, Indiana, 46168, United States"
39.7225914001464,-86.3764114379882,"Anchusa Drive, Avon, Hendricks County, Indiana, 46168, United States"
39.7258605957031,-86.38037109375,"2516, South Dan Jones Road, Hendricks County, Indiana, 46168, United States"
39.7443199157714,-86.4115524291992,"6353, Crystal Springs Drive, Hendricks County, Indiana, 46123, United States"
39.6413536071777,-86.374755859375,"8343, South County Road 825 East, Hendricks County, Indiana, 46168, United States"
40.0397605895996,-86.0196685791015,"303, Walnut Street, Downtown Noblesville, Noblesville, Hamilton County, Indiana, 46060, United States"
40.0387458801269,-86.0107650756836,"836, South 11th Street, Downtown Noblesville, Noblesville, Hamilton County, Indiana, 46060, United States"
40.1217308044433,-86.0279922485351,"1301, Lighthouse Point, Cicero, Hamilton County, Indiana, 46034, United States"
40.0339202880859,-86.0032882690429,"1700, Woodland Drive, Noblesville, Hamilton County, Indiana, 46060, United States"
40.009407043457,-85.942642211914,"15163, Tiki Trail, Noblesville, Hamilton County, Indiana, 46060, United States"
40.0380210876464,-86.0105514526367,"1133, Washington Street, Noblesville, Hamilton County, Indiana, 46060, United States"
40.0391235351562,-86.0071105957031,"1399, Pleasant Street, Noblesville, Hamilton County, Indiana, 46060, United States"
40.0428733825683,-86.0226821899414,"Riverview Health, 395, Westfield Road, Federal Hill, Noblesville, Hamilton County, Indiana, 46060, United States"
40.0424766540527,-86.0137863159179,"868, Division Street, Downtown Noblesville, Noblesville, Hamilton County, Indiana, 46060, United States"
40.0392112731933,-86.0169830322265,"520, Pleasant Street, Noblesville, Hamilton County, Indiana, 46060, United States"
40.0414772033691,-86.0124588012695,"989, Mulberry Street, Downtown Noblesville, Noblesville, Hamilton County, Indiana, 46060, United States"
40.0550575256347,-86.008430480957,"1300, North Street, Noblesville, Hamilton County, Indiana, 46060, United States"
40.0448532104492,-86.006591796875,"1432, Maple Avenue, Downtown Noblesville, Noblesville, Hamilton County, Indiana, 46060, United States"
40.048225402832,-86.0131607055664,"915, Wayne Street, Downtown Noblesville, Noblesville, Hamilton County, Indiana, 46060, United States"
40.0889205932617,-86.0708618164062,"20600, Little Chicago Road, Noblesville, Hamilton County, Indiana, 46062, United States"
40.0394706726074,-86.0198516845703,"749, South 3rd Street, Federal Hill, Noblesville, Hamilton County, Indiana, 46060, United States"
40.0392189025878,-86.0153045654296,"609, Pleasant Street, Noblesville, Hamilton County, Indiana, 46060, United States"
39.5920791625976,-86.1629562377929,"3023, County Road 800 North, Greenwood, Johnson County, Indiana, 46143, United States"
39.6060104370117,-86.0906829833984,"Smith Valley Road, Greenwood, Johnson County, Indiana, 46143, United States"
39.6375503540039,-86.1727218627929,"8813, Country Lane Court, Indianapolis, Marion County, Indiana, 46217, United States"
39.6150093078613,-86.0579376220703,"1, Balmoral Drive, Trotter's Point Apartments, Greenwood, Johnson County, Indiana, 46143, United States"
39.5885009765625,-86.0919189453125,"1781, Feather Reed Lane, Greenwood, Johnson County, Indiana, 46143, United States"
39.6131935119628,-86.0978164672851,"245, Polk Street, Greenwood, Johnson County, Indiana, 46143, United States"
39.7616386413574,-86.0234146118164,"8115, Rawles Avenue, Indianapolis, Marion County, Indiana, 46239, United States"
39.8236579895019,-85.9963073730468,"3650, Newgate Lane, Indianapolis, Marion County, Indiana, 46235, United States"
39.7845268249511,-85.9477996826171,"376, North Buck Creek Road, Cumberland, Hancock County, Indiana, 46229, United States"
39.7756233215332,-85.8554382324218,"2880, West Grove Drive, Spring Lake, Hancock County, Indiana, 46140, United States"
39.76900100708,-85.9563522338867,"11750, Adair Place, Indianapolis, Marion County, Indiana, 46229, United States"
39.7222099304199,-85.890754699707,"North Central Street, New Palestine, Hancock County, Indiana, 46163, United States"
39.8139533996582,-85.9627456665039,"3105, Eric Circle, Indianapolis, Marion County, Indiana, 46235, United States"
39.7351188659668,-86.0727844238281,"2435, South Ritter Avenue, Indianapolis, Marion County, Indiana, 46203, United States"
39.790355682373,-86.04931640625,"Industry Place, Indianapolis, Marion County, Indiana, 46219, United States"
39.6748695373535,-86.0180282592773,"6447, South Franklin Road, Franklin Park, Galader Station, Indianapolis, Marion County, Indiana, 46259, United States"
39.674877166748,-86.0180358886718,"6447, South Franklin Road, Franklin Park, Galader Station, Indianapolis, Marion County, Indiana, 46259, United States"
39.7643165588378,-86.0686721801757,"5737, East Oak Avenue, Irvington, Indianapolis, Marion County, Indiana, 46219, United States"
39.6119956970214,-85.8580017089843,"North 400 West Access, Clover Village, Shelby County, Indiana, 46126, United States"
39.7860527038574,-86.021255493164,"1241, Trillium Court, Indianapolis, Marion County, Indiana, 46219, United States"
39.8336791992187,-85.9218597412109,"6277, 350 North, Mount Comfort, Hancock County, Indiana, 46140, United States"
39.8335838317871,-85.991226196289,"4198, North Mitthoeffer Road, Indianapolis, Marion County, Indiana, 46235, United States"
39.9388122558593,-85.8454284667968,"432, Illinois Street, Helmcrest, Fortville, Hancock County, Indiana, 46040, United States"
39.8938598632812,-85.9158706665039,"McCordsville, Hancock County, Indiana, 46055, United States"
39.9243087768554,-85.9383926391601,"9312, Treasure Point, Germantown, Indianapolis, Marion County, Indiana, 46236, United States"
39.8804283142089,-85.9366836547851,"Hancock County, Indiana, 46055, United States"
39.919448852539,-85.9449234008789,"9034, Admirals Bay Drive, Admiral's Point, Germantown, Indianapolis, Marion County, Indiana, 46236, United States"
39.9247283935546,-85.9005889892578,"Chambers Drive, Hancock County, Indiana, 46055, United States"
39.8878669738769,-85.9519500732421,"7311, Nathaniel Circle, Pebblebrooke at Geise, Lawrence, Marion County, Indiana, 46236, United States"
39.9399299621582,-85.9179763793945,"13801, Ash Stone Court, Weatherstone, Brooks, Fishers, Hamilton County, Indiana, 46040, United States"
39.8759689331054,-86.0342788696289,"7493, Fall Creek Road, Indianapolis, Marion County, Indiana, 46256, United States"
39.8714485168457,-85.9053192138671,"Wood Glen Court, McCordsville, Hancock County, Indiana, 46055, United States"
39.9355506896972,-85.8521499633789,"247, North Merrill Street, Fortville, Hancock County, Indiana, 46040, United States"
39.9587631225585,-86.0137481689453,"North Street, Downtown Fishers, Fishers, Hamilton County, Indiana, 46038, United States"
39.9392776489257,-85.8726043701171,"Edgerton Lane, The Woods at Vermillion, Hamilton County, Indiana, 46040, United States"
39.8430404663085,-86.0680999755859,"5850, Devington Circle, Indianapolis, Marion County, Indiana, 46226, United States"
39.8496589660644,-86.0287322998046,"7955, Benjamin Drive, Lawrence, Marion County, Indiana, 46226, United States"
39.8409614562988,-86.0132141113281,"8814, East 46th Street, Lawrence, Marion County, Indiana, 46226, United States"
39.8694038391113,-86.0861511230468,"4901, Whitton Place, Indianapolis, Marion County, Indiana, 46220, United States"
39.9046592712402,-86.0842056274414,"East 82nd Street, Allisonville, Indianapolis, Marion County, Indiana, 46250, United States"
39.8742980957031,-85.9563827514648,"11822, Center Street, Oaklandon, Lawrence, Marion County, Indiana, 46236, United States"
39.847427368164,-86.0626983642578,"6062, Laurel Hall Drive, Indianapolis, Marion County, Indiana, 46226, United States"
39.8905792236328,-85.9750823974609,"10895, East 75th Street, Rainbow Highlands, Lawrence, Marion County, Indiana, 46236, United States"
39.91064453125,-86.0355758666992,"8447, Clearvista Parkway, Vertland, Indianapolis, Marion County, Indiana, 46256, United States"
39.8887252807617,-86.0272598266601,"7363, Cotherstone Court, Scarborough Village, Fairwood Hills, Indianapolis, Marion County, Indiana, 46256, United States"
39.8446311950683,-86.0579833984375,"4923, North Kenmore Road, Brendon Park, Indianapolis, Marion County, Indiana, 46226, United States"
39.8408317565918,-85.9598846435546,"Indianapolis, Marion County, Indiana, 46235, United States"
39.7702598571777,-86.1173477172851,"209, North Eastern Avenue, Westminster/St. Philip Neri, Near Eastside, Indianapolis, Marion County, Indiana, 46201, United States"
39.7830696105957,-86.1303405761718,"1128, Windsor Street, Windsor Park, Near Eastside, Indianapolis, Marion County, Indiana, 46201, United States"
39.7887001037597,-86.1217193603515,"2335, Coyner Avenue, Spades Park, Near Eastside, Indianapolis, Marion County, Indiana, 46218, United States"
39.7772789001464,-86.1448898315429,"705, East Saint Clair Street, Massachusetts Avenue Commercial District, Chatham-Arch, Indianapolis, Marion County, Indiana, 46202, United States"
39.8643264770507,-86.1455993652343,"6013, North College Avenue, Broad Ripple, Indianapolis, Marion County, Indiana, 46220, United States"
39.7558975219726,-86.1830520629882,"902, Division Street, Indianapolis, Marion County, Indiana, 46221, United States"
39.7682495117187,-86.1609420776367,"125 West Market Street, 125, West Market Street, Indianapolis, Marion, Indiana, 46204, United States"
39.7514610290527,-86.1521453857421,"349, East Morris Street, Bates-Hendricks, Indianapolis, Marion County, Indiana, 46225, United States"
39.7876281738281,-86.0944290161132,"1501, North Euclid Avenue, Little Flower, Near Eastside, Indianapolis, Marion County, Indiana, 46201, United States"
39.7738952636718,-86.1487579345703,"501, North East Street, Massachusetts Avenue Commercial District, Lockerbie Square, Indianapolis, Marion County, Indiana, 46204, United States"
39.7482528686523,-86.1940689086914,"1333, Kappes Street, Belmont, Indianapolis, Marion County, Indiana, 46221, United States"
39.7514610290527,-86.1521530151367,"341, East Morris Street, Bates-Hendricks, Indianapolis, Marion County, Indiana, 46225, United States"
39.615493774414,-86.0580215454101,"1, Balmoral Drive, Trotter's Point Apartments, Greenwood, Johnson County, Indiana, 46143, United States"
39.6371994018554,-86.0906600952148,"4532, Costco Drive, Indianapolis, Marion County, Indiana, 46237, United States"
39.6427612304687,-86.0601272583007,"6151, Royal Gate Place, Abby Road, Indianapolis, Marion County, Indiana, 46237, United States"
39.6124458312988,-86.106704711914,"South Meridian Street, Greenwood, Johnson County, Indiana, 46143, United States"
39.6070671081543,-86.0494155883789,"2883, Treehouse Pass, University Park, Greenwood, Johnson County, Indiana, 46143, United States"
39.612190246582,-86.0978469848632,"385, Polk Street, Greenwood, Johnson County, Indiana, 46143, United States"
39.5977516174316,-86.1987533569336,"5135, Max Avenue, Johnson County, Indiana, 46143, United States"
39.6070709228515,-86.0494232177734,"2881, Treehouse Pass, University Park, Greenwood, Johnson County, Indiana, 46143, United States"
39.6799430847168,-86.0940704345703,"4415, East Edgewood Avenue, Grey Fox Woods, Indianapolis, Marion County, Indiana, 46237, United States"
39.617073059082,-86.1088638305664,"210, Wiley Street West, Spring Hill, Greenwood, Johnson County, Indiana, 46142, United States"
39.7809906005859,-85.7796783447265,"First Baptist Church, South West Street, Greenfield, Hancock County, Indiana, 46140, United States"
39.7859916687011,-85.7694015502929,"Oak Boulevard, Greenfield, Hancock County, Indiana, 46140, United States"
39.8580245971679,-85.7622985839843,"2448, East 500 N, Maxwell, Hancock County, Indiana, 46140, United States"
39.9118423461914,-85.8416519165039,"Hancock County, Indiana, 46040, United States"
39.7801666259765,-85.7698516845703,"529, Mount Street, Greenfield Courthouse Square Historic District, Greenfield, Hancock County, Indiana, 46140, United States"
39.8029632568359,-85.762466430664,"1399, Sherwood Drive, Greenfield, Hancock County, Indiana, 46140, United States"
39.9351387023925,-85.8470611572265,"179, South Leland Street, Helmcrest, Fortville, Hancock County, Indiana, 46040, United States"
39.8117065429687,-85.9640960693359,"11355, East 30th Street, Indianapolis, Marion County, Indiana, 46229, United States"
