latitude,longitude,Address
38.5284614562988,-90.4827880859375,"2403, Alcarol Drive, Saint Louis County, Missouri, 63026, United States"
38.5402603149414,-90.4461135864257,"Extended Stay America Suites, 1662, Fenton Business Park Court, Fenton, Saint Louis County, Missouri, 63026, United States"
38.6024742126464,-90.3423156738281,"650, Clark Avenue, Tuxedo Park, Shrewsbury, Webster Groves, Saint Louis County, Missouri, 63119, United States"
38.4742736816406,-90.5009460449218,"4199, Harbor, Rock Township, Jefferson County, Missouri, 63049, United States"
38.5723304748535,-90.4788436889648,"Dogwood Creek Drive, Valley Park, Saint Louis County, Missouri, 63021, United States"
38.5617523193359,-90.3999710083007,"350, Chicago Street, Meacham Park, Kirkwood, Saint Louis County, Missouri, 63122, United States"
38.5421981811523,-90.3630599975586,"Eddie & Park Road, Grantwood Village, Saint Louis County, Missouri, 63127, United States"
38.5878677368164,-90.4144515991211,"426, Central Place, Corona Park, Kirkwood, Saint Louis County, Missouri, 63122, United States"
38.5390510559082,-90.361946105957,"10832, Baywood Terrace, Sappington, Saint Louis County, Missouri, 63126, United States"
38.5495834350585,-90.5536117553711,"646, Castlecliff Road, Saint Louis County, Missouri, 63021, United States"
38.5978736877441,-90.5043182373046,"1106, Wrought Iron Lane, Saxony Estates, Manchester, Saint Louis County, Missouri, 63011, United States"
38.5740623474121,-90.4172897338867,"534, West Woodbine Avenue, Kirkwood, Saint Louis County, Missouri, 63122, United States"
38.5933036804199,-90.4841537475586,"13923, Reflection Court, Reflection Cove Apartments, Saint Louis County, Missouri, 63021, United States"
38.5704002380371,-90.3771820068359,"1009, Sanders Drive, Westbrook Park, Crestwood, Saint Louis County, Missouri, 63126, United States"
38.5566825866699,-90.5453414916992,"Grotpeter Trail, Saint Louis County, Missouri, 63021, United States"
38.5418891906738,-90.4521865844726,"Super 8, 650, South Highway Drive, Fenton, Saint Louis County, Missouri, 63026, United States"
38.5668258666992,-90.5405654907226,"Oak Brook Elementary School, Arbor Crest Drive, Arbor Crest, Saint Louis County, Missouri, 63021, United States"
38.568073272705,-90.4264907836914,"925, Harvey Street, Woodbine Height, Kirkwood, Saint Louis County, Missouri, 63122, United States"
38.7190818786621,-90.2939300537109,"7639, Belwood Drive, Berdell Hills, Normandy, Saint Louis County, Missouri, 63121, United States"
38.8304328918457,-90.4082489013671,"5016, Wiedey Road, Cul de Sac, Saint Charles County, Missouri, 63301, United States"
38.7819061279296,-90.3968276977539,"1591, Ville Maura Lane, Hazelwood, Saint Louis County, Missouri, 63042, United States"
38.7967491149902,-90.478271484375,"450, Tower Grove Place, Saint Charles, Saint Charles County, Missouri, 63301, United States"
38.7931213378906,-90.4770584106445,"299, French Street, Saint Charles, Saint Charles County, Missouri, 63301, United States"
38.7728691101074,-90.4858932495117,"1105, South Main Street, Saint Charles, Saint Charles County, Missouri, 63301, United States"
38.7428321838378,-90.2896194458007,"971, Edgehill Drive, Forestwood, Ferguson, Saint Louis County, Missouri, 63135, United States"
38.7835388183593,-90.4798202514648,"Main Street Gym, 334, North Main Street, Saint Charles, Saint Charles County, Missouri, 63301, United States"
38.7705993652343,-90.3324279785156,"7231, Berkridge Drive, Monterey Gardens, Hazelwood, Saint Louis County, Missouri, 63042, United States"
38.7260398864746,-90.4271163940429,"11440, De Runtz Avenue, Maryland Heights, Saint Louis County, Missouri, 63043, United States"
38.7931175231933,-90.4772033691406,"299, French Street, Saint Charles, Saint Charles County, Missouri, 63301, United States"
38.7862091064453,-90.3072280883789,"410, Allan Drive, Robinwood, Florissant, Saint Louis County, Missouri, 63033, United States"
38.7774314880371,-90.4861068725586,"653, South Third Street, Saint Charles, Saint Charles County, Missouri, 63301, United States"
38.7279510498046,-90.3962707519531,"3609, Dixie Drive, Rock Road Terrace, St. Ann, Saint Louis County, Missouri, 63074, United States"
38.7370223999023,-90.3743057250976,"Isabelle Street, St. Ann, Saint Louis County, Missouri, 63074, United States"
38.7897911071777,-90.4808197021484,"962, North Fourth Street, Saint Charles, Saint Charles County, Missouri, 63301, United States"
38.7617568969726,-90.32275390625,"6848, Georgeland Avenue, Sharon Meadows, Berkeley, Saint Louis County, Missouri, 63134, United States"
38.778335571289,-90.4830322265625,"413, South Main Street, Saint Charles, Saint Charles County, Missouri, 63301, United States"
38.7411994934082,-90.3987121582031,"Sleep Inn St Louis - Airport, 11225, Lone Eagle Drive, Pattonville, Bridgeton, Saint Louis County, Missouri, 63044, United States"
38.7329597473144,-90.4057312011718,"3721, Fee Fee Road, Pattonville, Bridgeton, Saint Louis County, Missouri, 63044, United States"
38.7803115844726,-90.4816589355468,"Madison Street, Saint Charles, Saint Charles County, Missouri, 63301, United States"
38.7931213378906,-90.4770584106445,"299, French Street, Saint Charles, Saint Charles County, Missouri, 63301, United States"
38.7825508117675,-90.4808578491211,"211, North Main Street, Saint Charles, Saint Charles County, Missouri, 63301, United States"
38.776741027832,-90.4836502075195,"614, South Main Street, Saint Charles, Saint Charles County, Missouri, 63301, United States"
38.7943267822265,-90.4905166625976,"843, Boschert Drive, Saint Charles, Saint Charles County, Missouri, 63301, United States"
38.7728691101074,-90.4860000610351,"1109, South Main Street, Saint Charles, Saint Charles County, Missouri, 63301, United States"
38.7726783752441,-90.4848480224609,"Katy Trail, Saint Charles, Saint Charles County, Missouri, 63045, United States"
38.7203063964843,-90.4247741699218,"20, Shumate Avenue, Maryland Heights, Saint Louis County, Missouri, 63043, United States"
38.7728614807128,-90.4859008789062,"1105, South Main Street, Saint Charles, Saint Charles County, Missouri, 63301, United States"
38.663703918457,-90.3597412109375,"8610, Kingsbridge Lane, University City, Saint Louis County, Missouri, 63132, United States"
38.6549987792968,-90.4756393432617,"102, Ladue Aire Drive, Ladue Aire Estate, Saint Louis, Saint Louis County, Missouri, 63141, United States"
38.6030197143554,-90.4169998168945,"1323, Laven del Lane, Geyer Meadows, Kirkwood, Saint Louis County, Missouri, 63122, United States"
38.5936126708984,-90.4099349975586,"217, Peeke Avenue, Avondale, Kirkwood, Saint Louis County, Missouri, 63122, United States"
38.5886917114257,-90.3099594116211,"Subway, 6918, Chippewa Street, Saint Louis Hills, Saint Louis, Missouri, 63109, United States"
38.6600112915039,-90.3505096435546,"8306, Delcrest Drive, University City, Saint Louis County, Missouri, 63124, United States"
38.5878715515136,-90.3804092407226,"4, Willow Oak Lane, Glendale, Saint Louis County, Missouri, 63122, United States"
38.6715774536132,-90.3400192260742,"All Nations Church, 7860, Olive Boulevard, University City, Saint Louis County, Missouri, 63130, United States"
38.5926704406738,-90.3219375610351,"7319, Lansdowne Avenue, Shrewsbury Park, Shrewsbury, Saint Louis County, Missouri, 63119, United States"
38.6068801879882,-90.3712387084961,"9791, Mueck Terrace, Rock Hill, Saint Louis County, Missouri, 63119, United States"
38.5992584228515,-90.3439407348632,"639, Newport Avenue, Shrewsbury, Webster Groves, Saint Louis County, Missouri, 63119, United States"
38.5992889404296,-90.4286193847656,"1021, Anduin Court, Rivendel, Des Peres, Saint Louis County, Missouri, 63131, United States"
38.6309967041015,-90.2997360229492,"Oak Park Care Center, 6637, Berthold Avenue, Hi-Pointe, Saint Louis, Missouri, 63139, United States"
38.633731842041,-90.3436508178711,"1113, Galleria Parkway, Richmond Heights, Saint Louis County, Missouri, 63117, United States"
38.6017036437988,-90.3017044067382,"6597, Maurice Avenue, Lindenwood Park, Saint Louis, Missouri, 63139, United States"
38.5976867675781,-90.2916412353515,"5895, Oleatha Avenue, Westhampton, Southhampton, Saint Louis, Missouri, 63139, United States"
38.6288414001464,-90.3032684326171,"1232, Central Avenue, Forest Park Home Place, Saint Louis, Missouri, 63139, United States"
38.6279602050781,-90.2918395996093,"6329, Victoria Avenue, Clayton-Tamm, Gratiot, Saint Louis, Missouri, 63139, United States"
38.6227645874023,-90.2961349487304,"6498, Brockschmidt Place, Clayton-Tamm, Benton, Saint Louis, Missouri, 63139, United States"
38.6068878173828,-90.3712387084961,"9791, Mueck Terrace, Rock Hill, Saint Louis County, Missouri, 63119, United States"
38.6309776306152,-90.2997589111328,"Oak Park Care Center, 6637, Berthold Avenue, Hi-Pointe, Saint Louis, Missouri, 63139, United States"
38.630516052246,-90.326904296875,"7778, Gissler Avenue, Westmoor Park, Richmond Heights, Saint Louis County, Missouri, 63117, United States"
38.6549682617187,-90.2974166870117,"Albert Hall, 6136, Delmar Boulevard, Skinker DeBaliviere, Saint Louis, Missouri, 63112, United States"
38.6219673156738,-90.300552368164,"6644, Mitchell Avenue, Franz Park, Saint Louis, Saint Louis County, Missouri, 63139, United States"
38.6617584228515,-90.3503112792968,"8233, Gannon Avenue, Oakbrook Forest, University City, Saint Louis County, Missouri, 63132, United States"
38.6305084228515,-90.326919555664,"7778, Gissler Avenue, Westmoor Park, Richmond Heights, Saint Louis County, Missouri, 63117, United States"
38.6305084228515,-90.3269119262695,"7778, Gissler Avenue, Westmoor Park, Richmond Heights, Saint Louis County, Missouri, 63117, United States"
38.6280364990234,-90.3078308105468,"7021, Nashville Avenue, Hi-Pointe, Saint Louis, Saint Louis County, Missouri, 63117, United States"
38.7467727661132,-90.5198211669921,"289, Blanche Drive, Saint Charles, Saint Charles County, Missouri, 63303, United States"
38.770336151123,-90.5044174194336,"1207, Clearview Drive, Saint Charles County, Missouri, 63303, United States"
38.772159576416,-90.5054016113281,"1309, Veterans Memorial Parkway, Saint Charles, Saint Charles County, Missouri, 63303, United States"
38.7717742919921,-90.5082778930664,"62, Fordyce Manor, Saint Charles County, Missouri, 63303, United States"
38.7876892089843,-90.4821472167968,"697, North Fourth Street, Saint Charles, Saint Charles County, Missouri, 63301, United States"
38.7799224853515,-90.484260559082,"Saint Peter's Catholic Church, 221, First Capitol Drive, Saint Charles, Saint Charles County, Missouri, 63301, United States"
38.7713165283203,-90.4859924316406,"Katy Trail, Saint Charles, Saint Charles County, Missouri, 63045, United States"
38.7728080749511,-90.4832611083984,"South Riverside Drive, Saint Charles, Saint Charles County, Missouri, 63301, United States"
38.7220382690429,-90.4261093139648,"2, Lennox Terrace, Maryland Heights, Saint Louis County, Missouri, 63043, United States"
38.6718368530273,-90.4753112792968,"12822, Bellerive Estates Drive, Creve Coeur, Saint Louis County, Missouri, 63141, United States"
38.6128273010253,-90.5247650146484,"509, Kingridge Drive, Oak Tree Farm, Ballwin, Saint Louis County, Missouri, 63011, United States"
38.6146812438964,-90.5247955322265,"407, Brooktree Drive, Oak Tree Farm, Ballwin, Saint Louis County, Missouri, 63011, United States"
38.5617485046386,-90.3999710083007,"350, Chicago Street, Meacham Park, Kirkwood, Saint Louis County, Missouri, 63122, United States"
38.6496849060058,-90.5702056884765,"16346, Lydia Hill Drive, Chesterfield, Saint Louis County, Missouri, 63017, United States"
38.5933036804199,-90.4841537475586,"13923, Reflection Court, Reflection Cove Apartments, Saint Louis County, Missouri, 63021, United States"
38.5972709655761,-90.5521087646484,"166, Steamboat Lane, Ballwin, Saint Louis County, Missouri, 63011, United States"
38.5972785949707,-90.5521163940429,"166, Steamboat Lane, Ballwin, Saint Louis County, Missouri, 63011, United States"
38.6542892456054,-90.5599365234375,"Hampton Inn St. Louis/Chesterfield, 16201, Swingley Ridge Road, Chesterfield, Saint Louis County, Missouri, 63017, United States"
38.5370368957519,-90.4881210327148,"2204, Valley Park Road, Peerless Park, Valley Park, Saint Louis County, Missouri, 63026, United States"
38.6279106140136,-90.5201721191406,"2023, County Cork Drive, Chesterfield, Saint Louis County, Missouri, 63017, United States"
38.6528511047363,-90.2349319458007,"4046, Aldine Avenue, Greater Ville, Saint Louis, Missouri, 63113, United States"
38.6528511047363,-90.2349243164062,"4046, Aldine Avenue, Greater Ville, Saint Louis, Missouri, 63113, United States"
38.652732849121,-90.2652587890625,"5048, Enright Avenue, Academy, Cabanne Place, Saint Louis, Missouri, 63108, United States"
38.6477012634277,-90.2791976928711,"Tribeca Apartments, 5510, Pershing Avenue, DeBaliviere Place, Saint Louis, Missouri, 63112, United States"
38.6474685668945,-90.2593765258789,"4632, McPherson Avenue, Central West End, Saint Louis, Missouri, 63108, United States"
38.6470413208007,-90.2584457397461,"4600, McPherson Avenue, Central West End, Saint Louis, Missouri, 63108, United States"
38.6747360229492,-90.3031921386718,"1392, Gregan Place, Pageview, Pagedale, Saint Louis County, Missouri, 63133, United States"
38.6987190246582,-90.2891540527343,"3683, Colonial Avenue, Beverly Hills, Saint Louis County, Missouri, 63121, United States"
38.6448745727539,-90.2543182373046,"4433, Pershing Avenue, Central West End, Saint Louis, Missouri, 63108, United States"
38.7415504455566,-90.3066711425781,"181, South Clark Avenue, Ferguson, Saint Louis County, Missouri, 63135, United States"
38.6492004394531,-90.2619018554687,"Kenmore Court Condominiums, 4929-4933, McPherson Avenue, Central West End, Saint Louis, Missouri, 63108, United States"
38.6867980957031,-90.2925720214843,"6667, Jesse Jackson Avenue, Glen Echo Heights, Hillsdale, Saint Louis County, Missouri, 63121, United States"
38.7088203430175,-90.3030700683593,"3828, Waco Avenue, Normandy Heights, Normandy, Saint Louis County, Missouri, 63121, United States"
38.7382507324218,-90.3050842285156,"430, South Clark Avenue, Ferguson, Saint Louis County, Missouri, 63135, United States"
38.8058357238769,-90.2580184936523,"13325, De Marillac Drive, Black Jack, Saint Louis County, Missouri, 63033, United States"
38.7144813537597,-90.3467407226562,"8774, Mavis Place, Saint John, Saint Louis County, Missouri, 63114, United States"
38.8188438415527,-90.2563171386718,"5617, Madlar Lane, Lake James Manor, Old Jamestown, Saint Louis County, Missouri, 63034, United States"
38.7151107788085,-90.3793106079101,"3263, Buder Court, Buder Park Terrace, St. Ann, Saint Louis County, Missouri, 63074, United States"
38.7541885375976,-90.28759765625,"1218, Kroeger Drive, Dellwood, Saint Louis County, Missouri, 63135, United States"
38.8089790344238,-90.2774429321289,"13712, Old Halls Ferry Road, Black Jack, Saint Louis County, Missouri, 63033, United States"
38.7373847961425,-90.3742752075195,"Isabelle Street, St. Ann, Saint Louis County, Missouri, 63074, United States"
38.7977218627929,-90.2178192138671,"12258, Fontaine Lane, Fontaine Gardens, Spanish Lake, Saint Louis County, Missouri, 63138, United States"
38.8462181091308,-90.2572937011718,"16845, Old Jamestown Road, Old Jamestown, Saint Louis County, Missouri, 63034, United States"
38.8122940063476,-90.2376480102539,"6625, Foot Hills Court, Fox Woods, Saint Louis County, Missouri, 63033, United States"
38.8058357238769,-90.2580184936523,"13325, De Marillac Drive, Black Jack, Saint Louis County, Missouri, 63033, United States"
38.7838897705078,-90.2596054077148,"5185, Edgemere Drive, Ridgepark, Black Jack, Saint Louis County, Missouri, 63033, United States"
38.8031883239746,-90.2589569091796,"4950, Parkton Place, Black Jack, Saint Louis County, Missouri, 63033, United States"
38.7964782714843,-90.2334365844726,"12115, Partridge Run Drive, Paddock Forest, Saint Louis County, Missouri, 63033, United States"
38.7301025390625,-90.3483428955078,"4445, Picajune Avenue, Eleanor Park, Berkeley, Saint Louis County, Missouri, 63134, United States"
38.7581176757812,-90.2470550537109,"10321, Earl Drive, Castle Point, Saint Louis County, Missouri, 63136, United States"
38.759910583496,-90.2793884277343,"1502, Dargail Court, Northland Hills, Dellwood, Saint Louis County, Missouri, 63136, United States"
38.7396697998046,-90.2057113647461,"603, Adrian Drive, Riverview, Prospect Hill, Saint Louis, Saint Louis County, Missouri, 63137, United States"
38.7399101257324,-90.2940368652343,"647, Ferguson Avenue, Ferguson, Saint Louis County, Missouri, 63135, United States"
38.8018417358398,-90.2543029785156,"12572, Spring Trail Drive, Trailwoods, Black Jack, Saint Louis County, Missouri, 63033, United States"
38.751365661621,-90.3237152099609,"6355, Everett Drive, Nordell Hills, Berkeley, Saint Louis County, Missouri, 63134, United States"
38.7549324035644,-90.3199386596679,"6617, Gardner Lane, Ferguson Fields, Berkeley, Saint Louis County, Missouri, 63134, United States"
38.7502899169921,-90.2982101440429,"309, Millman Drive, Ferguson Park, Ferguson, Saint Louis County, Missouri, 63135, United States"
38.7573089599609,-90.3156433105468,"819, Wooster Drive, Pauline Park, Ferguson, Saint Louis County, Missouri, 63135, United States"
38.7413177490234,-90.2061996459961,"317, Lookout Drive, Riverview, Saint Louis County, Missouri, 63137, United States"
38.7450485229492,-90.2807998657226,"1343, Kappel Drive, Dellwood Park, Dellwood, Saint Louis County, Missouri, 63135, United States"
38.7931213378906,-90.4770584106445,"299, French Street, Saint Charles, Saint Charles County, Missouri, 63301, United States"
38.7887115478515,-90.4975128173828,"113, Anderson Street, Saint Charles, Saint Charles County, Missouri, 63301, United States"
38.7882690429687,-90.4937133789062,"1601, Elm Street, Saint Charles, Saint Charles County, Missouri, 63301, United States"
38.790843963623,-90.4779968261718,"227, Bayard Street, Saint Charles, Saint Charles County, Missouri, 63301, United States"
38.776798248291,-90.489501953125,"821, South Fifth Street, Saint Charles, Saint Charles County, Missouri, 63301, United States"
38.7609062194824,-90.4546966552734,"3250, Rider Trail South, Bridgeton, Saint Louis County, Missouri, 63045, United States"
38.5992889404296,-90.4286193847656,"1021, Anduin Court, Rivendel, Des Peres, Saint Louis County, Missouri, 63131, United States"
38.5905952453613,-90.42626953125,"639, Beethoven Drive, Corona Park, Kirkwood, Saint Louis County, Missouri, 63122, United States"
38.5890388488769,-90.3775634765625,"1, Kings Pond Road, Glendale, Saint Louis County, Missouri, 63122, United States"
38.6733589172363,-90.3542251586914,"8445, Crixdale Avenue, University City, Saint Louis County, Missouri, 63132, United States"
38.6496849060058,-90.5702056884765,"16346, Lydia Hill Drive, Chesterfield, Saint Louis County, Missouri, 63017, United States"
38.6468353271484,-90.6589660644531,"169, Fick Farm Road, Chesterfield, Saint Louis County, Missouri, 63005, United States"
38.6630783081054,-90.5680389404296,"DoubleTree by Hilton Hotel St. Louis - Chesterfield, 16625, Swingley Ridge Road, Chesterfield, Saint Louis County, Missouri, 63017, United States"
38.6507110595703,-90.5596160888671,"South Outer 40, Chesterfield, Saint Louis County, Missouri, 63017, United States"
38.6463890075683,-90.5577316284179,"1530, Bedford Forge Court, Brandywine Condominiums, Chesterfield, Saint Louis County, Missouri, 63017, United States"
38.6576042175293,-90.5826034545898,"16745, Benton Taylor Drive, Chesterfield, Saint Louis County, Missouri, 63005, United States"
38.7379570007324,-90.5951843261718,"1415, De Porres Lane, Charles Village, Harvester, Saint Charles County, Missouri, 63304, United States"
38.652229309082,-90.5519866943359,"Conway Road, Chesterfield, Saint Louis County, Missouri, 63017, United States"
38.7293014526367,-90.6638946533203,"5536, Ashboro Drive, Columbus Pointe, Cottleville, Saint Charles County, Missouri, 63304, United States"
38.7353401184082,-90.5689086914062,"3481, Indiana Avenue, Harvester, Saint Charles County, Missouri, 63303, United States"
38.5960807800293,-90.5363388061523,"103, Lorchris Circle, Gateway Estates, Ballwin, Saint Louis County, Missouri, 63011, United States"
38.6064453125,-90.5264816284179,"425, Brass Lamp Drive, Oak Tree Farm, Ballwin, Saint Louis County, Missouri, 63011, United States"
38.5887870788574,-90.5439682006836,"437, Essen Lane, Hillview, Ballwin, Saint Louis County, Missouri, 63021, United States"
38.5828781127929,-90.5443267822265,"273, Ramsey Lane, Ries Heights, Ballwin, Saint Louis County, Missouri, 63021, United States"
38.5879402160644,-90.6201782226562,"16437, Hollister Crossing Drive, Wildwood, Saint Louis County, Missouri, 63011, United States"
38.5834121704101,-90.5416564941406,"300, Ries Bend Road, Ballwin, Saint Louis County, Missouri, 63021, United States"
38.5492515563964,-90.5530395507812,"624, Northeast Drive, Saint Louis County, Missouri, 63021, United States"
38.4422874450683,-90.3937301635742,"22, Anthony Court, Maxville, Arnold, Arnold Township, Jefferson County, Missouri, 63010, United States"
38.3812942504882,-90.3659744262695,"873, Lincoln Drive, Imperial, Windsor Township, Jefferson County, Missouri, 63052, United States"
38.4317207336425,-90.403091430664,"20, Briarwood Court, Arnold, Arnold Township, Jefferson County, Missouri, 63010, United States"
38.3824424743652,-90.3730926513671,"46, Stewart Lane, Imperial, Windsor Township, Jefferson County, Missouri, 63052, United States"
38.4237213134765,-90.3760223388671,"348, Bramtonn Place, Arnold, Arnold Township, Jefferson County, Missouri, 63010, United States"
38.3820991516113,-90.3673019409179,"5583, Oak Pointe Drive, Imperial, Windsor Township, Jefferson County, Missouri, 63052, United States"
38.3380546569824,-90.4348526000976,"Sutton Road, Barnhart, Imperial Township, Jefferson County, Missouri, 63012, United States"
38.3677406311035,-90.3634185791015,"5900, 2nd Street, Kimmswick, Imperial, Windsor Township, Jefferson County, Missouri, 63052, United States"
38.3380508422851,-90.4348526000976,"Sutton Road, Barnhart, Imperial Township, Jefferson County, Missouri, 63012, United States"
38.3675689697265,-90.3637619018554,"230, Vine Street, Kimmswick, Imperial, Windsor Township, Jefferson County, Missouri, 63052, United States"
38.4261894226074,-90.4222717285156,"McClure Court, Windsor Township, Jefferson County, Missouri, 63010, United States"
38.3676834106445,-90.3636398315429,"202, Vine Street, Kimmswick, Imperial, Windsor Township, Jefferson County, Missouri, 63052, United States"
38.397590637207,-90.3969497680664,"1926, Miller Road, Imperial Township, Jefferson County, Missouri, 63052, United States"
38.3397979736328,-90.4021606445312,"7034, Albermarle Court, Barnhart, Imperial Township, Jefferson County, Missouri, 63012, United States"
38.3681144714355,-90.3665313720703,"801, Vine Street, Kimmswick, Imperial, Windsor Township, Jefferson County, Missouri, 63052, United States"
38.4116706848144,-90.456314086914,"Imperial Township, Jefferson County, Missouri, 63052, United States"
38.4947776794433,-90.3379211425781,"4611, Esther Avenue, Mehlville, Saint Louis County, Missouri, 63129, United States"
38.4874610900878,-90.4542388916015,"805, Ron Drive, Rock Township, Jefferson County, Missouri, 63026, United States"
38.1875991821289,-92.7018203735351,"28, Tree Wood Drive, Village of Four Seasons, Camden County, Missouri, 65049, United States"
38.1891975402832,-92.7142944335937,"54, Southwood Shores Place, Village of Four Seasons, Camden County, Missouri, 65049, United States"
37.6325607299804,-93.8000183105468,"18200, South 1511 Road, Cedar County, Missouri, 65785, United States"
36.6584930419921,-94.4602508544921,"183, Indian Hills Drive, Anderson, McDonald County, Missouri, 64831, United States"
38.188133239746,-92.7129669189453,"157, Southwood Shores Place, Village of Four Seasons, Camden County, Missouri, 65049, United States"
38.1879348754882,-92.6982421875,"225, Tree Top Drive, Village of Four Seasons, Camden County, Missouri, 65049, United States"
38.2614707946777,-93.2342681884765,"25501, Southeast 91 Bc, Benton County, Missouri, 65355, United States"
37.3642311096191,-90.6979446411132,"Annapolis, Iron County, Missouri, United States"
38.1224555969238,-92.788345336914,"1141, Timber Ridge Rd (5-47G), Hurricane Deck, Camden County, Missouri, 65079, United States"
38.1480140686035,-92.7059020996093,"6055, Sioux Trails, Camden County, Missouri, 65065, United States"
38.0660705566406,-92.8320999145507,"Camden County, Missouri, 65787, United States"
36.3072395324707,-91.506103515625,"Stone Creek Road, Cherokee Village, Sharp County, Arkansas, 72542, United States"
36.3045921325683,-91.5073013305664,"36, Kiwanie Drive, Sharp County, Arkansas, 72542, United States"
36.3827667236328,-92.2266464233398,"10585, US 62;US 412, Henderson, Baxter County, Arkansas, 72544, United States"
38.1321716308593,-92.7240371704101,"465, Staniel Cay Dr, Camden County, Missouri, 65065, United States"
38.7603378295898,-91.026252746582,"846, East Aspen Circle Drive, Innsbrook, Warren County, Missouri, 63390, United States"
38.1878509521484,-92.7118988037109,"227, Southwood Shores Place, Village of Four Seasons, Camden County, Missouri, 65049, United States"
36.6608238220214,-93.3512878417968,"41, Lantern Bay Lane, Indian Point, Stone County, Missouri, 65616, United States"
38.5790939331054,-90.2802658081054,"Kingshighway at Goethe, South Kingshighway Boulevard, Princeton Heights, Saint Louis, Missouri, 63109, United States"
38.5828170776367,-90.2592010498046,"4500, Ray Avenue, Bevo Mill, Saint Louis, Missouri, 63116, United States"
38.5873413085937,-90.2778549194336,"5025, Devonshire Avenue, Southampton, Southhampton, Saint Louis, Missouri, 63109, United States"
38.5828208923339,-90.2592010498046,"4500, Ray Avenue, Bevo Mill, Saint Louis, Missouri, 63116, United States"
38.5873947143554,-90.2778930664062,"5029, Devonshire Avenue, Southampton, Southhampton, Saint Louis, Missouri, 63109, United States"
38.5696868896484,-90.2521820068359,"5453, Tennessee Avenue, Carondelet, Saint Louis, Missouri, 63111, United States"
38.540542602539,-90.2904205322265,"856, Avenue H, Lemay, Saint Louis County, Missouri, 63125, United States"
38.5401496887207,-90.2895278930664,"871, Virgo Lane, Cormar Terrace, Lemay, Saint Louis County, Missouri, 63125, United States"
38.5708236694335,-90.2970733642578,"7164, Jamieson Avenue, Saint Louis Hills, Saint Louis, Missouri, 63109, United States"
38.5834007263183,-90.2786026000976,"4942, Itaska Street, Southampton, Saint Louis, Missouri, 63109, United States"
38.5703506469726,-90.2757034301757,"4330, Holly Hills Boulevard, Boulevard Heights, Saint Louis, Missouri, 63116, United States"
38.5446052551269,-90.2673034667968,"Hurck Street, Patch, Saint Louis, Missouri, 63111, United States"
38.5806274414062,-90.3096466064453,"29, Willmore Road, Saint Louis Hills, Saint Louis, Missouri, 63109, United States"
38.5398521423339,-90.2926712036132,"4031, Paule Avenue, Lemay, Saint Louis County, Missouri, 63125, United States"
38.5890312194824,-90.2808609008789,"5280, Sutherland Avenue, Southampton, Saint Louis, Missouri, 63109, United States"
38.6288566589355,-90.1943206787109,"Frisco Building, 906, Olive Street, Downtown, Saint Louis, Missouri, 63101, United States"
38.635269165039,-90.2270965576171,"Saint Louis University, 1, North Grand Boulevard, Midtown, Saint Louis, Missouri, 63103, United States"
38.6327819824218,-90.1946487426757,"North 11th Street, Downtown, Saint Louis, Missouri, 63106, United States"
38.6211013793945,-90.2336502075195,"3377, Vista Avenue, Gate District, Saint Louis, Missouri, 63104, United States"
38.6238403320312,-90.197998046875,"11th & Spruce, 1014, Spruce Street, Downtown, Saint Louis, Missouri, 63102, United States"
38.633861541748,-90.2109069824218,"Halsey-Packard Building, 2201-2211, Locust Street, Downtown West, Saint Louis, Missouri, 63103, United States"
38.6319999694824,-90.2337036132812,"South Grand Boulevard, Midtown, Saint Louis, Missouri, 63111, United States"
38.6352767944335,-90.2271041870117,"Saint Louis University, 1, North Grand Boulevard, Midtown, Saint Louis, Missouri, 63103, United States"
38.6352005004882,-90.2091903686523,"715, North 21st Street, Downtown West, Saint Louis, Missouri, 63103, United States"
38.616844177246,-90.2095947265625,"1315, Dolman Street, Lafayette Square, Saint Louis, Missouri, 63104, United States"
38.6334686279296,-90.2036819458007,"King Bee Lofts, 1701-1709, Washington Avenue, Downtown West, Saint Louis, Missouri, 63103, United States"
38.6212310791015,-90.2333526611328,"Saint Louis University South Campus, Park Avenue, Gate District, Saint Louis, Missouri, 63104, United States"
38.6197662353515,-90.2141342163086,"Lofts at Lafayette Square, 1119, Mississippi Avenue, Lafayette Square, Saint Louis, Missouri, 63103, United States"
38.616901397705,-90.209602355957,"1315, Dolman Street, Lafayette Square, Saint Louis, Missouri, 63104, United States"
38.6206245422363,-90.2222900390625,"2723, Rutger Street, Gate District, Saint Louis, Missouri, 63104, United States"
38.6297416687011,-90.1981430053711,"1220 Olive St Garage, Tucker Boulevard Cycle Track, Downtown West, Saint Louis, Missouri, 63101, United States"
38.6318855285644,-90.1988372802734,"Knickerbocker Lofts, 1300, Washington Avenue, Downtown West, Saint Louis, Missouri, 63103, United States"
38.6324996948242,-90.1970977783203,"701, Lucas Avenue, Downtown West, Saint Louis, Missouri, 63103, United States"
38.6054878234863,-90.271484375,"4959, Arsenal Street, Southwest Garden, Saint Louis, Missouri, 63139, United States"
38.6022720336914,-90.2607040405273,"4298, Juniata Street, Tower Grove South, Saint Louis, Missouri, 63116, United States"
38.594913482666,-90.2399291992187,"3416, Cherokee Street, Benton Park West, Saint Louis, Missouri, 63118, United States"
38.5933723449707,-90.2678146362304,"4482, Tholozan Avenue, Tower Grove South, Saint Louis, Missouri, 63116, United States"
38.6104927062988,-90.2400436401367,"Grand Flats Apartment Entrance, Compton Heights, Saint Louis, Missouri, 63118, United States"
38.5937690734863,-90.2635726928711,"4326, Miami Street, Tower Grove South, Saint Louis, Missouri, 63116, United States"
38.596321105957,-90.2642974853515,"4374, Fairview Avenue, Tower Grove South, Saint Louis, Missouri, 63116, United States"
38.597599029541,-90.2400970458984,"3466, Humphrey Street, Tower Grove East, Saint Louis, Missouri, 63118, United States"
38.5940589904785,-90.2679977416992,"4493, Tholozan Avenue, Tower Grove South, Saint Louis, Missouri, 63116, United States"
38.5750389099121,-90.2387466430664,"4485, Minnesota Avenue, Mount Pleasant, Saint Louis, Missouri, 63111, United States"
38.5942916870117,-90.227798461914,"Ohio Avenue, Benton Park West, Saint Louis, Missouri, 63118, United States"
38.5549812316894,-90.2531204223632,"6801, Minnesota Avenue, Carondelet, Saint Louis, Missouri, 63111, United States"
38.5910110473632,-90.2578201293945,"4104, Beck Avenue, Tower Grove South, Saint Louis, Missouri, 63116, United States"
38.5914878845214,-90.27880859375,"Jaff's Auto Service, Brannon Avenue, Southampton, Saint Louis, Missouri, 63109, United States"
38.5742874145507,-90.2392349243164,"4561, East Michigan Avenue, Mount Pleasant, Saint Louis, Missouri, 63111, United States"
38.592113494873,-90.2371292114257,"3504, South Compton Avenue, Gravois Park, Saint Louis, Missouri, 63118, United States"
38.6933288574218,-90.3825531005859,"Iveland Elementary School, Eastbrook Drive, Overland, Saint Louis County, Missouri, 63114, United States"
38.6921081542968,-90.4474029541015,"Park 270 Drive, Maryland Heights, Saint Louis County, Missouri, 63146, United States"
38.6724891662597,-90.4438018798828,"American Legion Hall, 934, East Rue de la Banque, Creve Coeur, Saint Louis County, Missouri, 63141, United States"
38.7022056579589,-90.3923568725586,"2447, Fowler Avenue, Overland, Saint Louis County, Missouri, 63114, United States"
38.6724700927734,-90.4122772216796,"Bayer Drive, Bayer Crop Science Division, Creve Coeur, Saint Louis County, Missouri, 63132, United States"
38.6824684143066,-90.3289794921875,"1601, North Hanley Road, Vinita Park, Saint Louis County, Missouri, 63130, United States"
38.6726303100585,-90.4441146850586,"American Legion Hall, 934, East Rue de la Banque, Creve Coeur, Saint Louis County, Missouri, 63141, United States"
38.6682014465332,-90.3264007568359,"7343, Ahern Avenue, University City, Saint Louis County, Missouri, 63130, United States"
38.6725387573242,-90.3526840209961,"Ruth Park Nature Trail, University City, Saint Louis County, Missouri, 63132, United States"
38.6751251220703,-90.4086151123046,"968, Guelbreth Lane, 39 North, Creve Coeur, Saint Louis County, Missouri, 63141, United States"
38.7044792175293,-90.4471130371093,"Staybridge Suites St Louis - Westport, 25, Progress Parkway, Maryland Heights, Saint Louis County, Missouri, 63043, United States"
38.7887115478515,-90.4975128173828,"113, Anderson Street, Saint Charles, Saint Charles County, Missouri, 63301, United States"
38.7881317138671,-90.5280838012695,"27, White Oaks Lane, Saint Charles, Saint Charles County, Missouri, 63301, United States"
38.7782287597656,-90.4864196777343,"iTechshark, 494, Pike Street, Saint Charles, Saint Charles County, Missouri, 63301, United States"
38.7931213378906,-90.4770584106445,"299, French Street, Saint Charles, Saint Charles County, Missouri, 63301, United States"
38.6261405944824,-90.2653274536132,"BP, Wise Avenue, Kings Oak, Tower Grove, Saint Louis, Missouri, 63110, United States"
38.6262168884277,-90.2662277221679,"St. Louis University High School, 4970, Oakland Avenue, Tower Grove, Saint Louis, Missouri, 63110, United States"
38.6389350891113,-90.2386474609375,"3805, Lindell Boulevard, Covenant Blu Grand Center, Saint Louis, Missouri, 63108, United States"
38.6121597290039,-90.234619140625,"Berea Temple International Church, 3224, Russell Boulevard, Compton Heights, Saint Louis, Missouri, 63104, United States"
38.638916015625,-90.2386322021484,"3805, Lindell Boulevard, Covenant Blu Grand Center, Saint Louis, Missouri, 63108, United States"
38.5954551696777,-90.2294921875,"2745, Utah Street, Benton Park West, Saint Louis, Missouri, 63118, United States"
38.592975616455,-90.2240447998046,"2225, Cherokee Street, Marine Villa, Saint Louis, Missouri, 63118, United States"
38.6033897399902,-90.2157287597656,"1911, Sidney Street, Benton Park, Saint Louis, Missouri, 63104, United States"
38.6063156127929,-90.2148513793945,"2326, Lemp Avenue, Benton Park, Saint Louis, Missouri, 63104, United States"
38.6004905700683,-90.2306747436523,"DC Auto Sales, 2901, Arsenal Street, Benton Park West, Saint Louis, Missouri, 63118, United States"
38.4874610900878,-90.4542388916015,"805, Ron Drive, Rock Township, Jefferson County, Missouri, 63026, United States"
