Name,Description,Coordinates,Hotel Class,Link,Ratings,Reviews,Reviews Breakdown
Sparks Home w/ Air Racing Decor + Hot Tub!,N/A,"{'latitude': 39.61911392211914, 'longitude': -119.69742584228516}",N/A,http://g.rentalsunited.com/gate.aspx?uid=554691&url=1&pid=3230831&lc=google,N/A,24,N/A
King Bed Water View New with W/D & Queen Sofa Bed,N/A,"{'latitude': 39.60536193847656, 'longitude': -119.71702575683594}",N/A,https://www.thatvacationvibe.com/listing/en/499603,N/A,2,N/A
Entire Home Extended Stay Master Suite,N/A,"{'latitude': 39.57678985595703, 'longitude': -119.69438934326172}",N/A,N/A,N/A,1,N/A
"Spacious and Modern 4 bed 2.5 bath home, 3000 sq feet home for Monthly Rental",N/A,"{'latitude': 39.61371994018555, 'longitude': -119.69792938232422}",N/A,https://www.bluepillow.com/search?p_id=589dfd977c00cb10c8dad046&dest=bpvr&cat=House&accomodationids=62177b86a7239796807cbceb,N/A,2,N/A
Mid-Term Getaway: Elegant 3-Bed Near Red Hawk Golf,N/A,"{'latitude': 39.6132698059082, 'longitude': -119.69049835205078}",N/A,https://www.dndstays.com/listings/303120?googleVR=1,N/A,1,N/A
Cul-De-Sac Home,N/A,"{'latitude': 39.58652114868164, 'longitude': -119.73430633544922}",N/A,N/A,N/A,23,N/A
WWII Aviation-Themed Apt in Sparks: Near Parks!,N/A,"{'latitude': 39.62071990966797, 'longitude': -119.69656372070312}",N/A,http://g.rentalsunited.com/gate.aspx?uid=554691&url=1&pid=3813027&lc=google,N/A,N/A,N/A
"Modern, Spacious & Relaxing Home in Sparks, NV",N/A,"{'latitude': 39.6075553894043, 'longitude': -119.7195816040039}",N/A,https://www.booking.com/hotel/us/modern-spacious-amp-relaxing-home-in-sparks-nv-near-tahoe.en.html?aid=2068758;label=seogooglelocal-link-imagesaow-hotel-10429602_grp-2_gendate-20240917;utm_source=seogooglelocal;utm_medium=description;utm_term=hotel-10429602;utm_campaign=en,N/A,N/A,N/A
Sparks Home with Air Racing Decor and Hot Tub!,N/A,"{'latitude': 39.61912155151367, 'longitude': -119.69741821289062}",N/A,N/A,N/A,N/A,N/A
Stylish 4BR Home Nr Golden Eagle Sports Complex,N/A,"{'latitude': 39.6132698059082, 'longitude': -119.70539855957031}",N/A,https://new.rentalsunited.com/Property/3340152?sc=554691,N/A,13,N/A
The Lakeside Villa at Red Hawk Golf Course,N/A,"{'latitude': 39.60580062866211, 'longitude': -119.69108581542969}",N/A,N/A,N/A,N/A,N/A
Sparks Home w/ Fenced Yard: 8 Mi to Dtwn Reno!,N/A,"{'latitude': 39.57594680786133, 'longitude': -119.71190643310547}",N/A,http://g.rentalsunited.com/gate.aspx?uid=554691&url=1&pid=3199029&lc=google,N/A,55,N/A
Orange Door,N/A,"{'latitude': 39.563026428222656, 'longitude': -119.74534606933594}",N/A,N/A,N/A,40,N/A
"A Spacious Townhome/Condo with Spectacular Golf View, 1,599 sf.",N/A,"{'latitude': 39.60622024536133, 'longitude': -119.694091796875}",N/A,https://www.bluepillow.com/search?p_id=589dfd977c00cb10c8dad046&dest=bpex&cat=House&accomodationids=62335cf74c4d8d9b9b71e2cd,N/A,N/A,N/A
"Modern, Spacious, Family friendly & Relaxing Home in Sparks, NV.",N/A,"{'latitude': 39.605464935302734, 'longitude': -119.72396850585938}",N/A,https://www.vrbo.com/3539884?MDPCID=VRBO-META.HPA.WEB-ORGANIC.VR,N/A,5,N/A
Stylish Sleek 4BR Nevada Home Near Downtown Reno,N/A,"{'latitude': 39.61301040649414, 'longitude': -119.70584106445312}",N/A,https://www.us.despegar.com/hotels/h-6018544,N/A,N/A,N/A
1 mile from Golden Eagle Sports Complex,N/A,"{'latitude': 39.61935043334961, 'longitude': -119.68194580078125}",N/A,N/A,N/A,N/A,N/A
Centrally Located Sparks Condo with Private Patio!,N/A,"{'latitude': 39.5576286315918, 'longitude': -119.73316955566406}",N/A,https://www.bluepillow.com/search?p_id=589dfd977c00cb10c8dad046&dest=bkng&cat=House&accomodationids=6582e3986c560103cb454b9d,N/A,N/A,N/A
