Name,Description,Coordinates,Hotel Class,Link,Ratings,Reviews,Reviews Breakdown
The Sparks Studios #8!,N/A,"{'latitude': 39.53556442260742, 'longitude': -119.77250671386719}",N/A,https://www.thesparksstudios.com/listings/252087?googleVR=1,N/A,2,N/A
"❤ of Victorian Square, Sparks Vacation Vibes",N/A,"{'latitude': 39.537757873535156, 'longitude': -119.75963592529297}",N/A,https://www.thatvacationvibe.com/listing/en/499602,N/A,6,N/A
Beach Staycation,N/A,"{'latitude': 39.53840255737305, 'longitude': -119.7500991821289}",N/A,https://greatnightstays.hostexbooking.site/detail?listing_id=104150,N/A,N/A,N/A
*Special~Marina Escape~Lake~Fishing~Dining~Casinos,N/A,"{'latitude': 39.53498077392578, 'longitude': -119.7260971069336}",N/A,https://www.myrentaladvisor.co/marina-escape-orp5b62a0bx,N/A,27,N/A
Landing at Marina Village Apartments - 1 Bedroom in Downtown Sparks,N/A,"{'latitude': 39.536441802978516, 'longitude': -119.72664642333984}",N/A,https://landing.holidayfuture.com/listings/225101?googleVR=1,N/A,N/A,N/A
Centrally Located Sparks Condo with Private Patio!,N/A,"{'latitude': 39.5576286315918, 'longitude': -119.73316955566406}",N/A,https://www.bluepillow.com/search?p_id=589dfd977c00cb10c8dad046&dest=bkng&cat=House&accomodationids=6582e3986c560103cb454b9d,N/A,N/A,N/A
The Sparks Studios #2!,N/A,"{'latitude': 39.53556442260742, 'longitude': -119.77249908447266}",N/A,https://deals.vio.com?sig=73aca13c7f952d2641c156f3e69125e1eb497c325f122828ee5aa8797168b9a12d32303331333438363233&turl=https%3A%2F%2Fwww.vio.com%2FHotel%2FSearch%3FhotelId%3D121569549%26utm_source%3Dgha-vr%26utm_campaign%3Dstatic%26openHotelDetails%3D1,N/A,N/A,N/A
"Thunderbird Resort Club - Standard Condo, 1 Bedroom, Balcony",N/A,"{'latitude': 39.53651809692383, 'longitude': -119.74188995361328}",N/A,N/A,N/A,N/A,N/A
Landing at Square One - 1 Bedroom in Downtown Sparks,N/A,"{'latitude': 39.53605270385742, 'longitude': -119.75642395019531}",N/A,https://landing.holidayfuture.com/listings/224636?googleVR=1,N/A,N/A,N/A
"Charming Condo w/ Patio, Near Downtown Reno!",N/A,"{'latitude': 39.54735565185547, 'longitude': -119.78244018554688}",N/A,http://g.rentalsunited.com/gate.aspx?uid=554691&url=1&pid=3826994&lc=google,N/A,N/A,N/A
Entire Home Extended Stay Master Suite,N/A,"{'latitude': 39.57678985595703, 'longitude': -119.69438934326172}",N/A,N/A,N/A,1,N/A
Mid-Term Getaway: Elegant 3-Bed Near Red Hawk Golf,N/A,"{'latitude': 39.6132698059082, 'longitude': -119.69049835205078}",N/A,https://www.dndstays.com/listings/303120?googleVR=1,N/A,1,N/A
Browny's house @ heart of Downtown Sparks NV,N/A,"{'latitude': 39.53788375854492, 'longitude': -119.75712585449219}",N/A,N/A,N/A,33,N/A
Thunderbird Resort Club - 1 Bedroom,N/A,"{'latitude': 39.534793853759766, 'longitude': -119.74095153808594}",N/A,https://whimstay.com/detail/Thunderbird-Resort-Club-1-Bedroom/293881?isgoogle=true,N/A,N/A,N/A
2 bed condo Thunderbird Resort Club - Sparks,N/A,"{'latitude': 39.536529541015625, 'longitude': -119.74629211425781}",N/A,N/A,N/A,N/A,N/A
Orange Door,N/A,"{'latitude': 39.563026428222656, 'longitude': -119.74534606933594}",N/A,N/A,N/A,40,N/A
"Lakefront Condo w/ Jacuzzi, Rooftop near Mall, Casino, Theater w/ City Views",N/A,"{'latitude': 39.53608322143555, 'longitude': -119.72489929199219}",N/A,https://www.us.despegar.com/hotels/h-5918515,N/A,N/A,N/A
Sun Valley,N/A,"{'latitude': 39.565608978271484, 'longitude': -119.77947998046875}",N/A,https://www.booking.com/hotel/us/sun-valley.en.html?aid=2068758;label=seogooglelocal-link-imagesaow-hotel-10911026_grp-2_gendate-20240917;utm_source=seogooglelocal;utm_medium=description;utm_term=hotel-10911026;utm_campaign=en,N/A,N/A,N/A
