Name,Description,Coordinates,Hotel Class,Link,Ratings,Reviews,Reviews Breakdown
Beautiful Sunsets at 3BR Villa in Reno,N/A,"{'latitude': 39.5349006652832, 'longitude': -119.86170196533203}",N/A,https://officialvacationhomes.guestybookings.com/properties/65f340eeb0f98d0013eed2cc,N/A,1,N/A
Old Verdi Hotel Ranch Hand House,N/A,"{'latitude': 39.51649856567383, 'longitude': -119.98851013183594}",N/A,N/A,N/A,N/A,N/A
QuarterMaster’s House private road next to greenbelt. Close to many restaurants,N/A,"{'latitude': 39.51579284667969, 'longitude': -119.98917388916016}",N/A,https://www.vrbo.com/3507585?MDPCID=VRBO-META.HPA.WEB-ORGANIC.VR,N/A,N/A,N/A
"Mtn. Views, Pool, & HotTub  Luxury Northwest",N/A,"{'latitude': 39.5171012878418, 'longitude': -119.9000015258789}",N/A,https://www.roomlyreno.com/listings/109113?googleVR=1,N/A,164,N/A
Bright And Comfortable Reno Home Close To Downtown,N/A,"{'latitude': 39.52190017700195, 'longitude': -119.9009017944336}",N/A,https://www.super.com/travel/hotels/Gv0dg7wl?utm_source=gha_vr&utm_campaign=static,N/A,N/A,N/A
Landing at Vida Luxury Apartments - 1 Bedroom in Northwest Reno,N/A,"{'latitude': 39.51708984375, 'longitude': -119.89959716796875}",N/A,https://landing.holidayfuture.com/listings/223148?googleVR=1,N/A,N/A,N/A
Adorable Reno Home w/ Wifi  Private Yard!,N/A,"{'latitude': 39.52178955078125, 'longitude': -119.88285064697266}",N/A,https://www.bluepillow.com/search?p_id=589dffc97c00cb10c8daef08&dest=bpvr&cat=Cottage&accomodationids=65cb3f4f245fbfcb1b859500,N/A,N/A,N/A
"Reno Gem 3 and a half Miles to DT, 40 Miles to Tahoe",N/A,"{'latitude': 39.5302848815918, 'longitude': -119.86880493164062}",N/A,https://www.booking.com/hotel/us/spacious-3br-home-close-to-dt-reno-lake-tahoe-reno.en.html?aid=2068758;label=seogooglelocal-link-imagesaow-hotel-9534459_grp-3_gendate-20240917;utm_source=seogooglelocal;utm_medium=description;utm_term=hotel-9534459;utm_campaign=en,N/A,N/A,N/A
Pet Friendly DT Reno - Elegant Home W Private Patio BBQ Grill,N/A,"{'latitude': 39.52191162109375, 'longitude': -119.90088653564453}",N/A,https://www.bringfido.com/lodging/1777160?aid=googlerentals-website,N/A,N/A,N/A
Pet-Friendly Reno Hideaway w/ Private Hot Tub!,N/A,"{'latitude': 39.525577545166016, 'longitude': -119.8897933959961}",N/A,http://g.rentalsunited.com/gate.aspx?uid=554691&url=1&pid=3633498&lc=google,N/A,11,N/A
Mountain View’s Home For Traveling Professionals,N/A,"{'latitude': 39.538631439208984, 'longitude': -119.87954711914062}",N/A,N/A,N/A,N/A,N/A
Fully Furnished Long-Term Rental. Resort living with views of The Sierra Nevada.,N/A,"{'latitude': 39.529876708984375, 'longitude': -119.91606140136719}",N/A,N/A,N/A,N/A,N/A
Quiet Bungalow in South West Reno.,N/A,"{'latitude': 39.50624084472656, 'longitude': -119.84697723388672}",N/A,N/A,N/A,26,N/A
Perfect Getaway-5BD-Spacious-1HR Lake Tahoe,N/A,"{'latitude': 39.51810073852539, 'longitude': -119.9239730834961}",N/A,https://www.booking.com/hotel/us/perfect-getaway-hottub-5bd-spacious-1hr-lake-tahoe.en.html?aid=2068758;label=seogooglelocal-link-imagesaow-hotel-8760999_grp-3_gendate-20240917;utm_source=seogooglelocal;utm_medium=description;utm_term=hotel-8760999;utm_campaign=en,N/A,8,N/A
Reno Home w/ Game Room: 5 Mi to Downtown!,N/A,"{'latitude': 39.50981140136719, 'longitude': -119.90950775146484}",N/A,http://g.rentalsunited.com/gate.aspx?uid=554691&url=1&pid=3863050&lc=google,N/A,3,N/A
DT Reno - Cozy Home w/Private Patio + BBQ Grill,N/A,"{'latitude': 39.5233039855957, 'longitude': -119.90209197998047}",N/A,https://new.rentalsunited.com/Property/3188880?sc=554691,N/A,21,N/A
Traveling for work? Look no further!,N/A,"{'latitude': 39.54263687133789, 'longitude': -119.85094451904297}",N/A,N/A,N/A,N/A,N/A
"Fully furnished apartment in Reno, NV! Great for travel nurses or business trips",N/A,"{'latitude': 39.519805908203125, 'longitude': -119.89593505859375}",N/A,N/A,N/A,N/A,N/A
