latitude,longitude,Address
40.0968971252441,-74.8514404296875,"512, Radcliffe Street, Bristol, Bucks County, Pennsylvania, 19007, United States"
40.1874504089355,-75.0355377197265,"604, Lynne Drive, Upper Southampton Township, Bucks County, Pennsylvania, 18966, United States"
40.249698638916,-74.8342971801757,"Country Lane, River Edge Apartments, Wilburtha, Ewing Township, Mercer County, New Jersey, 08628, United States"
40.1694793701171,-74.9202270507812,"Central Avenue, Langhorne Manor, Bucks County, Pennsylvania, 19047, United States"
40.1033782958984,-74.886489868164,"2903, Penn Valley Avenue, West Bristol, Bristol Township, Bucks County, Pennsylvania, 19007, United States"
40.1013526916503,-74.8670196533203,"Bristol Pike, Bristol, Bucks County, Pennsylvania, 19007, United States"
40.104881286621,-74.9165573120117,"1056, Alvin Avenue, Glen Ashton Farms, Bensalem Township, Bucks County, Pennsylvania, 19020, United States"
40.2438659667968,-74.8368682861328,"61, East Afton Avenue, Yardley, Bucks County, Pennsylvania, 19067, United States"
40.1391944885253,-74.9123840332031,"Bensalem Boulevard, Bensalem Township, Bucks County, Pennsylvania, 19056, United States"
40.1513595581054,-74.9135665893554,"602, Pfc John Delola Avenue, Penndel, Bucks County, Pennsylvania, 19047, United States"
40.1725959777832,-74.9180679321289,"Crestwood Manor, Langhorne, Bucks County, Pennsylvania, 19047, United States"
40.1899032592773,-74.9261016845703,"776, Langhorne Newtown Road, Middletown Township, Bucks County, Pennsylvania, 19047, United States"
40.2208557128906,-74.8757629394531,"689, Tomlinson Lane, Heacock Meadows, Woodside, Lower Makefield Township, Bucks County, Pennsylvania, 19067, United States"
40.22603225708,-74.9358901977539,"Newtown Friends Meeting, Court Street, Newtown, Bucks County, Pennsylvania, 18940, United States"
40.097068786621,-74.8676605224609,"545, Otter Street, Bristol, Bucks County, Pennsylvania, 19007, United States"
40.1391906738281,-74.9123764038086,"Bensalem Boulevard, Bensalem Township, Bucks County, Pennsylvania, 19056, United States"
40.2284698486328,-74.9412536621093,"German Avenue, Newtown Township, Bucks County, Pennsylvania, 19840, United States"
40.2520790100097,-74.8956222534179,"Newtown-Scudder Falls Trail, Lower Makefield Township, Bucks County, Pennsylvania, 18977, United States"
40.0988311767578,-74.8570404052734,"Bristol Spurline Trail, Bristol, Bucks County, Pennsylvania, 19007, United States"
40.0441246032714,-74.8816833496093,"62, Bolton Lane, Buckingham Park, Willingboro Township, Burlington County, New Jersey, 08046, United States"
40.0594329833984,-74.9654769897461,"Tennis Avenue, Torresdale Manor, Bensalem Township, Bucks County, Pennsylvania, 08075, United States"
40.0763854980468,-74.8492279052734,"Burlington, Burlington County, New Jersey, 08016, United States"
40.080940246582,-74.8517684936523,"188, Tatham Street, Burlington, Burlington County, New Jersey, 08016, United States"
40.0781784057617,-74.8589859008789,"Burlington Quaker Meeting House & Center for Conference, 340, High Street, Burlington, Burlington County, New Jersey, 08016, United States"
40.1270408630371,-74.967300415039,"3995, Old Street Road, Nottingham, Bensalem Township, Bucks County, Pennsylvania, 19020, United States"
40.117618560791,-74.7982635498046,"Pine Street, Florence Township, Burlington County, New Jersey, 08518, United States"
40.0262069702148,-74.8948898315429,"35, Marshal Lane, Millbrook Park, Willingboro Township, Burlington County, New Jersey, 08046, United States"
40.1618347167968,-74.8369064331054,"51, Huckleberry Lane, Holly Hill, Levittown, Bristol Township, Bucks County, Pennsylvania, 19055, United States"
40.0789489746093,-74.8583755493164,"Burlington Quaker Meeting House & Center for Conference, 340, High Street, Burlington, Burlington County, New Jersey, 08016, United States"
40.0708122253418,-75.1262664794921,"390, Harrison Avenue, Elkins Park, Elkins Park Gardens, Cheltenham, Cheltenham Township, Montgomery County, Pennsylvania, 19027, United States"
40.1058502197265,-75.1473083496093,"Keswick Tattoo, 284, North Keswick Avenue, Keswick Village, Baederwood, Weldon, Abington Township, Montgomery County, Pennsylvania, 19038, United States"
40.0708084106445,-75.1263046264648,"392, Harrison Avenue, Elkins Park, Elkins Park Gardens, Cheltenham, Cheltenham Township, Montgomery County, Pennsylvania, 19027, United States"
40.0707969665527,-75.1262969970703,"392, Harrison Avenue, Elkins Park, Elkins Park Gardens, Cheltenham, Cheltenham Township, Montgomery County, Pennsylvania, 19027, United States"
40.0708351135253,-75.1263198852539,"392, Harrison Avenue, Elkins Park, Elkins Park Gardens, Cheltenham, Cheltenham Township, Montgomery County, Pennsylvania, 19027, United States"
40.1856498718261,-75.1555023193359,"Virgina Lane, Victoria Glen, Horsham, Horsham Township, Montgomery County, Pennsylvania, 19044, United States"
40.1582489013671,-75.2415008544921,"241, Mathers Road, Mount Pleasant, Whitpain Township, Montgomery County, Pennsylvania, 19422, United States"
40.1582489013671,-75.2415084838867,"241, Mathers Road, Mount Pleasant, Whitpain Township, Montgomery County, Pennsylvania, 19422, United States"
40.2143325805664,-75.2784194946289,"430, Beaver Street, Merck Upper Gwynedd, North Wales, Montgomery County, Pennsylvania, 19454, United States"
40.0705184936523,-75.1551666259765,"2211, East Washington Lane, West Oak Lane, Philadelphia, Philadelphia County, Pennsylvania, 19138, United States"
40.2110481262207,-75.2734603881836,"333, Church Street, North Wales, Montgomery County, Pennsylvania, 19454, United States"
40.236587524414,-75.2761840820312,"448, East Main Street, Lansdale, Montgomery County, Pennsylvania, 19446, United States"
40.1348114013671,-75.1197128295898,"1724, Prospect Avenue, Rubicam, Abington Township, Montgomery County, Pennsylvania, 19090, United States"
40.1495819091796,-75.1285171508789,"87, Fitzwatertown Road, Westbury, Willow Grove, Upper Moreland Township, Montgomery County, Pennsylvania, 19090, United States"
40.0732612609863,-75.167007446289,"7998, Fayette Street, West Oak Lane, Philadelphia, Philadelphia County, Pennsylvania, 19150, United States"
40.1569786071777,-75.2295303344726,"282, West Maple Street, Mount Pleasant, Whitpain Township, Montgomery County, Pennsylvania, 19002, United States"
40.2354698181152,-75.2374725341796,"Staybridge Suites Montgomeryville, 119, Garden Golf Boulevard, Montgomeryville, North Wales, Montgomery County, Pennsylvania, 19454, United States"
40.1102066040039,-75.1467056274414,"2366, Jenkintown Road, Baederwood, Weldon, Abington Township, Montgomery County, Pennsylvania, 19038, United States"
40.2300491333007,-74.7464981079101,"The House of God, 32, Dickinson Street, Trenton, Mercer County, New Jersey, 08638, United States"
40.2211875915527,-74.7683563232421,"1, Capitol Street, Central West, Trenton, Mercer County, New Jersey, 08618, United States"
40.2304000854492,-74.7536392211914,"Trenton Freeway, North Trenton, Trenton, Mercer County, New Jersey, 08604, United States"
40.22119140625,-74.7683410644531,"1, Capitol Street, Central West, Trenton, Mercer County, New Jersey, 08618, United States"
40.2123756408691,-74.7220001220703,"77, Edwin Avenue, Hamilton Township, Mercer County, New Jersey, 08610, United States"
40.2200775146484,-74.7813415527343,"North Delmorr Avenue, Morrisville, Bucks County, Pennsylvania, 08618, United States"
40.2712745666503,-74.7338027954101,"187, Darrah Lane, Birchwood Estates, Sturwood Hamlet, Lawrence Township, Mercer County, New Jersey, 08648, United States"
40.2141761779785,-74.7651138305664,"US 206, Mill Hill, Trenton, Mercer County, New Jersey, 08608, United States"
40.2516975402832,-74.7652740478515,"Alfred Reed School, 12th Street, Prospect Heights, Ewing Township, Mercer County, New Jersey, 08638, United States"
40.246841430664,-74.7748870849609,"Pennington Road, Weber Park, Ewing Township, Mercer County, New Jersey, 08618, United States"
40.2144699096679,-74.7785720825195,"432, Crown Street, Morrisville, Bucks County, Pennsylvania, 19067, United States"
40.2055702209472,-74.7947540283203,"554, Doloro Drive, Morrisville, Bucks County, Pennsylvania, 19067, United States"
40.2283401489257,-74.7787017822265,"Delaware & Raritan Canal Towpath, Perdicaris Place, Trenton, Mercer County, New Jersey, 08618, United States"
40.2055587768554,-74.7947463989257,"554, Doloro Drive, Morrisville, Bucks County, Pennsylvania, 19067, United States"
40.2442359924316,-74.771987915039,"Greenville Avenue, Weber Park, Ewing Township, Mercer County, New Jersey, 08638, United States"
40.237018585205,-74.7648162841796,"Beakes Street, Hill Industrial Park, Prospect Park, Ewing Township, Mercer County, New Jersey, 08618, United States"
40.2461357116699,-74.7760162353515,"Pennington Rd at Parkside Ave, Pennington Road, Weber Park, Ewing Township, Mercer County, New Jersey, 08618, United States"
40.2885665893554,-74.8564376831054,"Hopewell Township, Mercer County, New Jersey, 18977, United States"
40.1455001831054,-75.6377182006836,"1745, Hilltop Road, West Vincent Township, Chester County, Pennsylvania, 19475, United States"
40.1892700195312,-75.5323028564453,"Tom's Bar & Grille, 772, Walnut Street, Royersford, Montgomery County, Pennsylvania, 19468, United States"
40.1381874084472,-75.5120010375976,"4, Railroad Street, Phoenixville, Chester County, Pennsylvania, 19460, United States"
40.1270217895507,-75.5127716064453,"177, 4th Avenue, Phoenixville, Chester County, Pennsylvania, 19460, United States"
40.1171417236328,-75.6041564941406,"1623, Old Kimberton Road, West Vincent Township, Chester County, Pennsylvania, 19425, United States"
40.1432304382324,-75.5494613647461,"French Creek Inn, 2, Ridge Road, East Pikeland Township, Chester County, Pennsylvania, 19442, United States"
40.1424598693847,-75.512710571289,"2, Oak Street, Phoenixville, Chester County, Pennsylvania, 19460, United States"
40.1171188354492,-75.6041412353515,"1623, Old Kimberton Road, West Vincent Township, Chester County, Pennsylvania, 19425, United States"
40.1395111083984,-75.5133590698242,"113, Dayton Street, Phoenixville, Chester County, Pennsylvania, 19460, United States"
40.1330986022949,-75.5061492919921,"Schuylkill River Trail, Port Providence, Mont Clare, Upper Providence Township, Montgomery County, Pennsylvania, 19460, United States"
40.1331062316894,-75.5061569213867,"Schuylkill River Trail, Port Providence, Mont Clare, Upper Providence Township, Montgomery County, Pennsylvania, 19460, United States"
40.1103172302246,-75.4793014526367,"1485, Valley Forge Road, Sunwood Farm, Perkiomen Junction, Valley Forge, Schuylkill Township, Chester County, Pennsylvania, 19460, United States"
40.1009979248046,-75.6247329711914,"1821, Art School Road, Pikeland, Chester Springs, West Pikeland Township, Chester County, Pennsylvania, 19425, United States"
40.1892318725585,-75.5323181152343,"755, Walnut Street, Royersford, Montgomery County, Pennsylvania, 19468, United States"
40.1298027038574,-75.5230712890625,"473, Breckenridge Street, Phoenixville, Chester County, Pennsylvania, 19460, United States"
40.0894012451171,-75.4843597412109,"10, Liberty Lane, Valley Forge, Phoenixville, Chester County, Pennsylvania, 19460, United States"
40.1316375732421,-75.5191497802734,"310, Hall Street, Phoenixville, Chester County, Pennsylvania, 19460, United States"
40.1011810302734,-75.6245880126953,"Chester Springs Library, 1709, Art School Road, Pikeland, Chester Springs, West Pikeland Township, Chester County, Pennsylvania, 19425, United States"
40.2123146057128,-75.8259506225586,"165, Kratz Road, Union Township, Berks County, Pennsylvania, 19508, United States"
40.2223091125488,-75.7033386230468,"1676, Unionville Road, North Coventry Township, Chester County, Pennsylvania, 19465, United States"
40.3249702453613,-75.6982498168945,"436, Fancy Hill Road, Worman, Earl Township, Berks County, Pennsylvania, 19512, United States"
40.1640014648437,-75.8241271972656,"116, Blue Rock Hill Road, Elverson, Chester County, Pennsylvania, 19520, United States"
40.3610382080078,-75.648193359375,"1691, Weisstown Road, Colebrookdale Township, Berks County, Pennsylvania, 19512, United States"
40.2466850280761,-75.6492919921875,"Dischell, Bartle, & Dooley, 224, King Street, Hanover Court, Pottstown, Montgomery County, Pennsylvania, 19464, United States"
40.2496337890625,-75.6480331420898,"200, North Penn Street, Hanover Court, Pottstown, Montgomery County, Pennsylvania, 19464, United States"
40.3983993530273,-75.8009033203125,"75, Main Street, Oley, Oley Township, Berks County, Pennsylvania, 19547, United States"
40.0951690673828,-75.5538711547851,"2346, Charlestown Road, Charlestown, Charlestown Township, Chester County, Pennsylvania, 19355, United States"
40.2241134643554,-75.703254699707,"1534, Shenkel Road, North Coventry Township, Chester County, Pennsylvania, 19465, United States"
40.1478118896484,-75.6398239135742,"Sawmill Road, West Vincent Township, Chester County, Pennsylvania, 19475, United States"
40.2791786193847,-75.6817092895507,"Pine Forge Road, Pine Forge, Douglass Township, Berks County, Pennsylvania, 19512, United States"
40.2109985351562,-75.8143005371093,"Fire Tower Road, Union Township, Berks County, Pennsylvania, 19603, United States"
40.2466888427734,-75.6492767333984,"Dischell, Bartle, & Dooley, 224, King Street, Hanover Court, Pottstown, Montgomery County, Pennsylvania, 19464, United States"
40.1564826965332,-75.6397171020507,"Cooks Glen, East Vincent Township, Chester County, Pennsylvania, 19475, United States"
40.0604362487793,-75.7454528808593,"Jim Croce's Apartment, Highspire Road, Lyndell, East Brandywine Township, Chester County, Pennsylvania, 19354, United States"
40.0067481994628,-75.7095718383789,"Williamson Masonic Lodge No. 309, 210, Manor Avenue, Downingtown, Chester County, Pennsylvania, 19335, United States"
40.0069999694824,-75.7086334228515,"Manor Avenue, Downingtown, Chester County, Pennsylvania, 19335, United States"
39.9998168945312,-75.7090911865234,"114, East Church Street, Downingtown, Chester County, Pennsylvania, 19335, United States"
40.0071907043457,-75.7077865600586,"West Pennsylvania Avenue, Downingtown, Chester County, Pennsylvania, 19335, United States"
40.0088806152343,-75.7121887207031,"224, Race Street, Downingtown, Chester County, Pennsylvania, 19335, United States"
40.0622749328613,-75.7352218627929,"195, Lyndell Road, Milford Mills, Upper Uwchlan Township, Chester County, Pennsylvania, 19335, United States"
40.0031700134277,-75.6975860595703,"295, William Taft Avenue, Downingtown, Chester County, Pennsylvania, 19335, United States"
39.9740982055664,-75.6390991210937,"777, Copeland School Road, West Chester, Chester County, Pennsylvania, 19380, United States"
40.0194702148437,-75.6679153442382,"1236, East Lancaster Avenue, Downingtown, Chester County, Pennsylvania, 19335, United States"
40.0707702636718,-75.7471923828125,"1267, Creek Road, Cornog, Wallace, Wallace Township, Chester County, Pennsylvania, 19343, United States"
40.082664489746,-75.6956481933593,"116, Christine Drive, Eagle, Upper Uwchlan Township, Chester County, Pennsylvania, 19335, United States"
40.0007781982421,-75.6031875610351,"1255, Ashbridge Road, Green Hill, West Chester, Chester County, Pennsylvania, 19380, United States"
39.9988250732421,-75.5994186401367,"817, Derby Drive, Green Hill, West Chester, Chester County, Pennsylvania, 19380, United States"
40.0086135864257,-75.6341018676757,"1438, South Whitford Road, Whitford, West Whiteland Township, Chester County, Pennsylvania, 19341, United States"
39.931541442871,-75.7397308349609,"628, Harveys Bridge Road, Embreeville, Newlin Township, Chester County, Pennsylvania, 19320, United States"
39.9954376220703,-75.6417465209961,"1260, Bowman Avenue, West Chester, Chester County, Pennsylvania, 19380, United States"
39.9553146362304,-75.6117172241211,"501, South Brandywine Street, West Chester, Chester County, Pennsylvania, 19382, United States"
40.0720710754394,-75.1033096313476,"Township Line Road, Cheltenham Village, Cheltenham, Cheltenham Township, Montgomery County, Pennsylvania, 19012, United States"
40.0722160339355,-75.1034469604492,"Township Line Road, Cheltenham Village, Cheltenham, Cheltenham Township, Montgomery County, Pennsylvania, 19012, United States"
40.1058502197265,-75.1473083496093,"Keswick Tattoo, 284, North Keswick Avenue, Keswick Village, Baederwood, Weldon, Abington Township, Montgomery County, Pennsylvania, 19038, United States"
40.1772384643554,-75.1059265136718,"East Moreland Avenue, Stony Brook, Hatboro, Montgomery County, Pennsylvania, 19040, United States"
40.1772384643554,-75.1059341430664,"East Moreland Avenue, Stony Brook, Hatboro, Montgomery County, Pennsylvania, 19040, United States"
40.1773109436035,-75.1060562133789,"East Moreland Avenue, Stony Brook, Hatboro, Montgomery County, Pennsylvania, 19040, United States"
40.2354698181152,-75.2374725341796,"Staybridge Suites Montgomeryville, 119, Garden Golf Boulevard, Montgomeryville, North Wales, Montgomery County, Pennsylvania, 19454, United States"
40.2704010009765,-74.9499969482421,"659, Eagle Road, Windrow's Edge, Woodhill, Upper Makefield Township, Bucks County, Pennsylvania, 18940, United States"
40.1072731018066,-75.1644058227539,"608, Roosevelt Avenue, Edge Hill, Glenside, Cheltenham Township, Montgomery County, Pennsylvania, 19038, United States"
40.1350898742675,-75.1236572265625,"1685, Easton Road, Crestmont, Abington Township, Montgomery County, Pennsylvania, 19090, United States"
40.0761413574218,-75.1040115356445,"459, Mayfield Avenue, Abington Township, Montgomery County, Pennsylvania, 19027, United States"
40.1881866455078,-75.1503219604492,"412, Norristown Road, Victoria Glen, Horsham, Horsham Township, Montgomery County, Pennsylvania, 19044, United States"
40.0726280212402,-75.1027603149414,"Einstein Medical Center Elkins Park, 60, Township Line Road, Cheltenham Village, Cheltenham, Cheltenham Township, Montgomery County, Pennsylvania, 19027, United States"
40.1322288513183,-75.1233291625976,"1600, Fairview Avenue, Rubicam, Abington Township, Montgomery County, Pennsylvania, 19090, United States"
39.8668556213378,-75.3401184082031,"Access Road, Eddystone Crossings, Baldwin, Eddystone, Delaware County, Pennsylvania, 19022, United States"
39.9024391174316,-75.3496322631836,"2, Myers Avenue, Swarthmore, Delaware County, Pennsylvania, 19081, United States"
39.9258918762207,-75.3908767700195,"189, West 7th Street, Media, Delaware County, Pennsylvania, 19063, United States"
39.8109130859375,-75.4815063476562,"Ardens Historic District, Brae Road, Ardentown, New Castle County, Delaware, 19703, United States"
39.8086891174316,-75.4834365844726,"Ardens Historic District, Brae Road, Ardentown, New Castle County, Delaware, 19703, United States"
39.8754081726074,-75.3683395385742,"750, Harvey Road, Lapidea, Nether Providence Township, Delaware County, Pennsylvania, 19086, United States"
39.8109092712402,-75.4815063476562,"Ardens Historic District, Brae Road, Ardentown, New Castle County, Delaware, 19703, United States"
39.9317626953125,-75.3755722045898,"13, Cedar Meadow Lane, Upper Providence Township, Delaware County, Pennsylvania, 19063, United States"
39.9017791748046,-75.350357055664,"Myers Avenue, Swarthmore, Delaware County, Pennsylvania, 19081, United States"
39.8968086242675,-75.340347290039,"452, Vassar Avenue, Swarthmore, Delaware County, Pennsylvania, 19081, United States"
39.8454627990722,-75.3994827270507,"2520, Green Street, Feltonville, Chester Township, Delaware County, Pennsylvania, 19013, United States"
39.8870010375976,-75.3526535034179,"1442, Conway Drive, Woodlyn, Ridley Township, Delaware County, Pennsylvania, 19081, United States"
39.9302139282226,-75.3729019165039,"155, Park View Circle, Upper Providence Township, Delaware County, Pennsylvania, 19063, United States"
39.901309967041,-75.3467712402343,"312, Lafayette Avenue, Swarthmore, Delaware County, Pennsylvania, 19081, United States"
39.8942489624023,-75.2936325073242,"617, Willow Way, Glenolden, Delaware County, Pennsylvania, 19036, United States"
39.864631652832,-75.3390884399414,"Access Road, Eddystone Crossings, Baldwin, Eddystone, Delaware County, Pennsylvania, 19022, United States"
39.9255447387695,-75.4112091064453,"504, South Heilbron Drive, Black Horse, Middletown Township, Delaware County, Pennsylvania, 19063, United States"
39.9287910461425,-75.3004913330078,"North Church Avenue, Clifton Heights, Delaware County, Pennsylvania, 19018, United States"
40.2211875915527,-74.7683563232421,"1, Capitol Street, Central West, Trenton, Mercer County, New Jersey, 08618, United States"
40.2442283630371,-74.7719802856445,"Greenville Avenue, Weber Park, Ewing Township, Mercer County, New Jersey, 08638, United States"
40.2461318969726,-74.776008605957,"Pennington Rd at Parkside Ave, Pennington Road, Weber Park, Ewing Township, Mercer County, New Jersey, 08618, United States"
40.9925994873046,-75.4903869628906,"149, Mallard Lane, Tunkhannock Township, Monroe County, Pennsylvania, 18210, United States"
39.9729843139648,-75.1440963745117,"Drueding Brothers Co. Building, 1401, North 5th Street, Ludlow, Philadelphia, Philadelphia County, Pennsylvania, 19122, United States"
41.0484619140625,-75.5466156005859,"153, Maple Road, Brier Crest Woods, Tunkhannock Township, Monroe County, Pennsylvania, 18610, United States"
39.5073432922363,-79.2578659057617,"198, Northglade Hill Drive, Garrett County, Maryland, 21561, United States"
41.1075477600097,-75.0533828735351,"246, Saint Andrews Drive, Middle Smithfield Township, Monroe County, Pennsylvania, 18324, United States"
41.1463432312011,-75.5492858886718,"409, Elk Run Road, Locust Lakes Village, Tobyhanna Township, Monroe County, Pennsylvania, 18347, United States"
41.0511054992675,-75.5904006958007,"Midlake Drive, Harmony Ridge Townhomes, Kidder Township, Carbon County, Pennsylvania, 18624, United States"
40.2670783996582,-76.8917541503906,"BurgBnB, 1125, North Front Street, Engleton, Midtown, Harrisburg, Dauphin County, Pennsylvania, 17102, United States"
41.0412559509277,-75.5399093627929,"357, Birch Drive, Brier Crest Woods, Tunkhannock Township, Monroe County, Pennsylvania, 18610, United States"
39.5005378723144,-79.3244857788086,"Glendale Road, Thayerville, Garrett County, Maryland, United States"
41.1488609313964,-75.5590362548828,"164, Sundance Drive, Tobyhanna Township, Monroe County, Pennsylvania, 18347, United States"
39.7480201721191,-75.5620574951171,"Eighth Street Park Historic District, West 6th Street, Little Italy, Wawaset Park, Wilmington, New Castle County, Delaware, 19805, United States"
41.3193168640136,-75.0544891357421,"147, Cliff Drive, Blooming Grove Township, Pike County, Pennsylvania, 18428, United States"
40.2733268737793,-76.8926391601562,"1648, Susquehanna Street, Olde Uptown, Midtown, Harrisburg, Dauphin County, Pennsylvania, 17102, United States"
41.1088371276855,-75.659423828125,"71, South Woods Section, Kidder Township, Carbon County, Pennsylvania, 18661, United States"
41.1514778137207,-75.5645370483398,"103, Pony Path, Tobyhanna Township, Monroe County, Pennsylvania, 18347, United States"
41.2023849487304,-75.3820266723632,"8208, Sunset Drive, A Pocono Country Place, Coolbaugh Township, Monroe County, Pennsylvania, 18466, United States"
39.9679794311523,-75.2751693725586,"190, Westdale Road, Highland Park, Upper Darby, Delaware County, Pennsylvania, 19082, United States"
39.9661293029785,-75.2457275390625,"211, North 63rd Street, Philadelphia, Philadelphia County, Pennsylvania, 19151, United States"
39.9554100036621,-75.2625503540039,"267, Copley Road, Stonehurst, Upper Darby, Delaware County, Pennsylvania, 19082, United States"
39.965721130371,-75.2836074829101,"8131, Merion Avenue, Beverly Hills, Upper Darby, Delaware County, Pennsylvania, 19082, United States"
39.972541809082,-75.3401870727539,"Mid-County Expressway, Lawrence Park, Marple Township, Delaware County, Pennsylvania, 19008, United States"
39.9747238159179,-75.2702255249023,"1641, North 77th Street, Overbrook, Philadelphia, Philadelphia County, Pennsylvania, 19151, United States"
39.9419403076171,-75.2675323486328,"136, East Stewart Avenue, Burmont, Lansdowne, Delaware County, Pennsylvania, 19050, United States"
40.004581451416,-75.3675308227539,"774, South Roberts Road, Radnor Township, Delaware County, Pennsylvania, 19010, United States"
40.0045700073242,-75.3696823120117,"797, Darby Paoli Road, Wayne, Radnor Township, Delaware County, Pennsylvania, 19010, United States"
39.965404510498,-75.2955856323242,"2256, Dermond Avenue, Kirklyn, Upper Darby, Delaware County, Pennsylvania, 19082, United States"
39.9888038635253,-75.2718734741211,"1206, Drayton Lane, Penn Wynne, Ardmore, Lower Merion Township, Montgomery County, Pennsylvania, 19096, United States"
40.0045852661132,-75.3675384521484,"774, South Roberts Road, Radnor Township, Delaware County, Pennsylvania, 19010, United States"
39.9888000488281,-75.2718734741211,"1206, Drayton Lane, Penn Wynne, Ardmore, Lower Merion Township, Montgomery County, Pennsylvania, 19096, United States"
39.965591430664,-75.2730712890625,"89, Oakley Road, Highland Park, Upper Darby, Delaware County, Pennsylvania, 19082, United States"
39.9660110473632,-75.2457962036132,"207, North 63rd Street, Philadelphia, Philadelphia County, Pennsylvania, 19151, United States"
40.0049667358398,-75.2946243286132,"112, Elm Avenue, Hamilton Court, Ardmore, Lower Merion Township, Montgomery County, Pennsylvania, 19003, United States"
39.9680595397949,-75.2958908081054,"5, Darby Road, Llanerch, Haverford Township, Delaware County, Pennsylvania, 19083, United States"
39.9999465942382,-75.2925491333007,"311, East Spring Avenue, Hamilton Court, Ardmore, Lower Merion Township, Montgomery County, Pennsylvania, 19003, United States"
40.0251693725585,-75.6273803710937,"Route 100 Multimodal Trail, Main Street at Exton, Whiteland Crest, Exton, West Whiteland Township, Chester County, Pennsylvania, 19381, United States"
40.0067481994628,-75.7095718383789,"Williamson Masonic Lodge No. 309, 210, Manor Avenue, Downingtown, Chester County, Pennsylvania, 19335, United States"
40.0951766967773,-75.5538787841796,"2346, Charlestown Road, Charlestown, Charlestown Township, Chester County, Pennsylvania, 19355, United States"
40.0792503356933,-75.6959381103515,"68, Buckingham Drive, Eagle, Upper Uwchlan Township, Chester County, Pennsylvania, 19335, United States"
39.907127380371,-75.5309143066406,"Bierhaul, 341, Thornton Road, Estates at Mill Creek, Thornton, Thornbury Township, Delaware County, Pennsylvania, 19373, United States"
39.9596405029296,-75.6012802124023,"130, Locust Alley, West Chester, Chester County, Pennsylvania, 19382, United States"
39.9598197937011,-75.6004486083984,"123, South Matlack Street, West Chester, Chester County, Pennsylvania, 19382, United States"
39.9348258972168,-75.620849609375,"992, Meadowview Lane, Meetinghouse Glen, Sconnelltown, West Chester, Chester County, Pennsylvania, 19382, United States"
39.93062210083,-75.5827255249023,"Skiles Boulevard, Pleasant Grove, Westtown Township, Chester County, Pennsylvania, 19382, United States"
39.9646606445312,-75.5995483398437,"207, Plum Alley, West Chester, Chester County, Pennsylvania, 19380, United States"
39.9071197509765,-75.5309066772461,"Bierhaul, 341, Thornton Road, Estates at Mill Creek, Thornton, Thornbury Township, Delaware County, Pennsylvania, 19373, United States"
39.9553565979003,-75.6116714477539,"501, South Brandywine Street, West Chester, Chester County, Pennsylvania, 19382, United States"
39.9610786437988,-75.6054992675781,"Jane Chalfant, 123, North High Street, West Chester, Chester County, Pennsylvania, 19383, United States"
39.8876724243164,-75.5330505371093,"Staybridge Suites, 400, Evergreen Drive, Concord Township, Delaware County, Pennsylvania, 19342, United States"
39.9031181335449,-75.6035003662109,"1075, Meetinghouse Road, Birmingham, West Chester, Chester County, Pennsylvania, 19382, United States"
39.9569435119628,-75.5980377197265,"430, Elm Alley, West Chester, Chester County, Pennsylvania, 19382, United States"
40.1892700195312,-75.5323028564453,"Tom's Bar & Grille, 772, Walnut Street, Royersford, Montgomery County, Pennsylvania, 19468, United States"
40.1823387145996,-75.5413436889648,"205, Walnut Street, Royersford, Montgomery County, Pennsylvania, 19468, United States"
40.108642578125,-75.5645980834961,"148, Pine Drive, Charlestown, Charlestown Township, Chester County, Pennsylvania, 19460, United States"
40.1059455871582,-75.6333770751953,"1944, Art School Road, Pikeland, Chester Springs, West Pikeland Township, Chester County, Pennsylvania, 19425, United States"
40.1387710571289,-75.4395294189453,"58, Skyline Drive, Norristown, Montgomery County, Pennsylvania, 19403, United States"
40.0477676391601,-75.2474212646484,"14, Shawmont Avenue, Upper Roxborough, Philadelphia, Philadelphia County, Pennsylvania, 19128, United States"
39.9510269165039,-75.2330474853515,"5502, Cedar Avenue, Cedar Park, Philadelphia, Philadelphia County, Pennsylvania, 19143, United States"
40.0072441101074,-75.2842254638671,"24, Llanfair Road, Wynnebrook Manor, Ardmore, Lower Merion Township, Montgomery County, Pennsylvania, 19003, United States"
40.0071983337402,-75.2843017578125,"24, Llanfair Road, Wynnebrook Manor, Ardmore, Lower Merion Township, Montgomery County, Pennsylvania, 19003, United States"
39.9793243408203,-75.2326049804687,"1708, North 55th Street, Overbrook, Philadelphia, Philadelphia County, Pennsylvania, 19131, United States"
40.0071983337402,-75.2843170166015,"24, Llanfair Road, Wynnebrook Manor, Ardmore, Lower Merion Township, Montgomery County, Pennsylvania, 19003, United States"
39.99072265625,-75.2263946533203,"New Testament Church of God, 2227, Bryn Mawr Avenue, Wynnefield, Philadelphia, Philadelphia County, Pennsylvania, 08065, United States"
40.0090560913085,-75.2568130493164,"344, Meeting House Lane, Narberth, Montgomery County, Pennsylvania, 19072, United States"
39.9925384521484,-75.2768020629882,"463, Warick Road, Penn Wynne, Ardmore, Lower Merion Township, Montgomery County, Pennsylvania, 19096, United States"
39.990379333496,-75.2261199951171,"Penn Wynn House, 2201, Bryn Mawr Avenue, Wynnefield, Philadelphia, Philadelphia County, Pennsylvania, 08065, United States"
40.3098564147949,-75.1934585571289,"188, Ferry Road, New Britain Township, Bucks County, Pennsylvania, 18901, United States"
40.3100204467773,-75.1326217651367,"54, North Hamilton Street, Beyond Business Virtual Assistants, Doylestown, Bucks County, Pennsylvania, 18901, United States"
40.3003005981445,-75.2193527221679,"564, North Limekiln Pike, Newville, New Britain Township, Bucks County, Pennsylvania, 18914, United States"
40.3400650024414,-75.0460205078125,"Ash Mills Farm, York Road, Holicong, Buckingham, Buckingham Township, Bucks County, Pennsylvania, 18901, United States"
40.3272018432617,-75.122932434082,"3678, Cold Spring Creamery Road, Buckingham Township, Bucks County, Pennsylvania, 18902, United States"
40.315315246582,-75.0506286621093,"Upper Mountain Road, Buckingham Valley, Buckingham, Buckingham Township, Bucks County, Pennsylvania, 18938, United States"
40.310489654541,-75.1327362060546,"57, North Hamilton Street, Doylestown, Bucks County, Pennsylvania, 18901, United States"
40.3093070983886,-75.1308898925781,"The Doylestown Bookshop, 16, South Main Street, Doylestown, Bucks County, Pennsylvania, 18901, United States"
40.3096504211425,-75.0482788085937,"4590, Stonecrest Lane, Buckingham Valley, Buckingham, Buckingham Township, Bucks County, Pennsylvania, 18938, United States"
40.3584480285644,-75.0287933349609,"6089, Upper York Road, Solebury Township, Bucks County, Pennsylvania, 18938, United States"
40.3282203674316,-75.1126937866211,"3901, Charter Club Drive, Buckingham Township, Bucks County, Pennsylvania, 18902, United States"
40.3082046508789,-75.1669998168945,"Doylestown Bike & Hike Network, Doylestown Township, Bucks County, Pennsylvania, 18923, United States"
40.2952423095703,-75.2146377563476,"29, Jasen Drive, Chalfont, Bucks County, Pennsylvania, 18914, United States"
40.3119392395019,-75.0507431030273,"2100, Durham Road, Buckingham Valley, Buckingham, Buckingham Township, Bucks County, Pennsylvania, 18938, United States"
40.3664360046386,-75.0224990844726,"6255, Upper York Road, Center Bridge, Solebury, Solebury Township, Bucks County, Pennsylvania, 18938, United States"
40.3292617797851,-75.0187911987304,"5530, Lower Mountain Road, Five Points, Buckingham Township, Bucks County, Pennsylvania, 18938, United States"
40.3088989257812,-75.1301193237304,"Hargrave House Bed & Breakfast, 50, South Main Street, Doylestown, Bucks County, Pennsylvania, 18901, United States"
40.3577041625976,-75.2143936157226,"250, Bypass Road, Hilltown Township, Bucks County, Pennsylvania, 18944, United States"
39.8446426391601,-75.3745193481445,"1085, Woodrow Street, South Chester, Chester, Delaware County, Pennsylvania, 19013, United States"
39.8463706970214,-75.3773422241211,"923, Pennell Street, Chester, Delaware County, Pennsylvania, 19013, United States"
39.8437271118164,-75.3739852905273,"Miller Auto Salvage, 599, Lloyd Street, South Chester, Chester, Delaware County, Pennsylvania, 19013, United States"
39.85542678833,-75.3522644042968,"898, McIlvain Street, Chester, Delaware County, Pennsylvania, 19013, United States"
39.8754119873046,-75.3683471679687,"750, Harvey Road, Lapidea, Nether Providence Township, Delaware County, Pennsylvania, 19086, United States"
39.9024391174316,-75.3496322631836,"2, Myers Avenue, Swarthmore, Delaware County, Pennsylvania, 19081, United States"
39.895092010498,-75.2900009155273,"701, Willow Way, Glenolden, Delaware County, Pennsylvania, 19036, United States"
39.8372993469238,-75.4541549682617,"4004, Stirrup Court, Gardendale, Boothwyn, Delaware County, Pennsylvania, 19061, United States"
39.9140892028808,-75.3319091796875,"958, East Woodland Avenue, Springfield Township, Delaware County, Pennsylvania, 19064, United States"
39.8666801452636,-75.359390258789,"575, East 21st Street, Chester, Delaware County, Pennsylvania, 19013, United States"
40.2352180480957,-75.2880935668945,"442, Jefferson Street, Lansdale, Montgomery County, Pennsylvania, 19446, United States"
40.2401504516601,-75.2752227783203,"East 4th Street, Lansdale, Montgomery County, Pennsylvania, 19446, United States"
40.2473678588867,-75.3394927978515,"AVE Lansdale, 1001, Towamencin Avenue, Kulpsville, Lansdale, Montgomery County, Pennsylvania, 19446, United States"
40.2322349548339,-75.3186264038086,"Scobee Drive, Upper Gwynedd Township, Montgomery County, Pennsylvania, 19446, United States"
40.2144203186035,-75.2783432006836,"444, Beaver Street, Merck Upper Gwynedd, North Wales, Montgomery County, Pennsylvania, 19454, United States"
40.2752304077148,-75.2798461914062,"Hatfield Township, Montgomery County, Pennsylvania, 19440, United States"
40.2322311401367,-75.3186264038086,"Scobee Drive, Upper Gwynedd Township, Montgomery County, Pennsylvania, 19446, United States"
40.2675247192382,-75.3328628540039,"2031, Allentown Road, Towamencin Township, Montgomery County, Pennsylvania, 19440, United States"
40.2043991088867,-75.2660903930664,"182, Gwynedd Manor Road, Gwynedd Heights, Upper Gwynedd Township, Montgomery County, Pennsylvania, 19454, United States"
40.2880668640136,-75.2688522338867,"3410, East Orvilla Road, Hatfield Township, Montgomery County, Pennsylvania, 19440, United States"
40.2506828308105,-75.2342834472656,"100, Weymouth Circle, Montgomeryville, Lansdale, Montgomery County, Pennsylvania, 19446, United States"
40.2649765014648,-75.3513641357421,"123, Cassel Road, Lower Salford Township, Montgomery County, Pennsylvania, 19438, United States"
40.2681198120117,-75.3688430786132,"357, Buckingham Circle, Harleysville, Lower Salford Township, Montgomery County, Pennsylvania, 19438, United States"
40.0708084106445,-75.1263046264648,"392, Harrison Avenue, Elkins Park, Elkins Park Gardens, Cheltenham, Cheltenham Township, Montgomery County, Pennsylvania, 19027, United States"
40.0722160339355,-75.1034469604492,"Township Line Road, Cheltenham Village, Cheltenham, Cheltenham Township, Montgomery County, Pennsylvania, 19012, United States"
40.1311416625976,-75.1323471069336,"2528, Pershing Avenue, Roslyn, Abington Township, Montgomery County, Pennsylvania, 19001, United States"
40.0865287780761,-75.0977401733398,"Ukrainian Educational and Cultural Center, 700, North Cedar Road, Hollywood, Jenkintown, Montgomery County, Pennsylvania, 19046, United States"
40.1309700012207,-75.1324157714843,"1389, Reservoir Avenue, Crestmont, Abington Township, Montgomery County, Pennsylvania, 19001, United States"
40.1348114013671,-75.1197128295898,"1724, Prospect Avenue, Rubicam, Abington Township, Montgomery County, Pennsylvania, 19090, United States"
40.1139373779296,-75.1594772338867,"412, Monroe Avenue, North Hills, Weldon, Abington Township, Montgomery County, Pennsylvania, 19038, United States"
40.1350898742675,-75.1236572265625,"1685, Easton Road, Crestmont, Abington Township, Montgomery County, Pennsylvania, 19090, United States"
40.1142883300781,-75.1605911254882,"2738, Spruce Avenue, Ardsley, Weldon, Abington Township, Montgomery County, Pennsylvania, 19038, United States"
40.0561256408691,-75.1248779296875,"429, Valley Road, Oaklane, Cheltenham, Cheltenham Township, Montgomery County, Pennsylvania, 19027, United States"
40.0720710754394,-75.1033096313476,"Township Line Road, Cheltenham Village, Cheltenham, Cheltenham Township, Montgomery County, Pennsylvania, 19012, United States"
40.0722160339355,-75.1034469604492,"Township Line Road, Cheltenham Village, Cheltenham, Cheltenham Township, Montgomery County, Pennsylvania, 19012, United States"
40.0564270019531,-75.1455688476562,"6727, North 17th Street, Pittville, West Oak Lane, Philadelphia, Philadelphia County, Pennsylvania, 19126, United States"
40.0657730102539,-75.1466903686523,"1884, Ashley Street, West Oak Lane, Philadelphia, Philadelphia County, Pennsylvania, 19126, United States"
39.9194793701171,-75.3905792236328,"West Front Street, Media, Delaware County, Pennsylvania, 19063, United States"
39.9227333068847,-75.3816223144531,"300, Farnum Road, Upper Providence Township, Delaware County, Pennsylvania, 19063, United States"
39.9911155700683,-75.437271118164,"399, Crum Creek Lane, Echo Valley, Newtown Township, Delaware County, Pennsylvania, 19073, United States"
39.9551391601562,-75.4152526855468,"2949, Lakewood Drive, Blue Hill, Upper Providence, Upper Providence Township, Delaware County, Pennsylvania, 19063, United States"
39.9615135192871,-75.2722854614257,"7261, Wayne Avenue, Highland Park, Upper Darby, Delaware County, Pennsylvania, 19082, United States"
39.9247283935546,-75.3826751708984,"665, Hare Street, Upper Providence Township, Delaware County, Pennsylvania, 19063, United States"
40.3040618896484,-74.8763656616211,"92, River Drive, Titusville, Hopewell Township, Mercer County, New Jersey, 08560, United States"
40.3185081481933,-74.9214782714843,"River Road, River Crossing, Brownsburg, Upper Makefield Township, Bucks County, Pennsylvania, United States"
40.2629203796386,-74.9670867919921,"Stoopville Road, Newtown Township, Bucks County, Pennsylvania, 18940, United States"
40.3057975769043,-74.8994827270507,"3, Bailey Drive, River Knoll, Upper Makefield Township, Bucks County, Pennsylvania, 18977, United States"
40.3192520141601,-74.9238739013671,"10, Woodside Lane, River Crossing, Brownsburg, Upper Makefield Township, Bucks County, Pennsylvania, 18938, United States"
40.2572135925293,-74.9350814819336,"252, Wrights Road, Eagle Glenn, Newtown Township, Bucks County, Pennsylvania, 18940, United States"
40.2790412902832,-74.9117736816406,"944, Highland Road, Timber Ridge, Upper Makefield Township, Bucks County, Pennsylvania, 18940, United States"
40.3215904235839,-75.0304489135742,"1824, Holicong Road, Buckingham Township, Bucks County, Pennsylvania, 18938, United States"
40.2301788330078,-74.9368667602539,"Bucks County District Court 07-2-07, 28, North State Street, Newtown, Bucks County, Pennsylvania, 18940, United States"
40.2988014221191,-74.8838119506836,"38, Durham Boat Drive, East Grant, Washington Crossing, Upper Makefield Township, Bucks County, Pennsylvania, 18977, United States"
40.2208557128906,-74.8757629394531,"689, Tomlinson Lane, Heacock Meadows, Woodside, Lower Makefield Township, Bucks County, Pennsylvania, 19067, United States"
40.3024673461914,-74.8738784790039,"26, Grant Street, Washington Crossing, Hopewell Township, Mercer County, New Jersey, 08560, United States"
40.0718040466308,-75.3475723266601,"142, Gypsy Lane, Rampart Ridge, Upper Merion Township, Montgomery County, Pennsylvania, 19406, United States"
40.0664901733398,-75.39453125,"1193, Radnor Road, Upper Merion Township, Montgomery County, Pennsylvania, 19087, United States"
40.0409431457519,-75.3692855834961,"552, East Lancaster Avenue, Radnor Station, Saint Davids, Radnor Township, Delaware County, Pennsylvania, 19087, United States"
40.0390510559082,-75.3954010009765,"420, Fairview Drive, West Wayne, Wayne, Radnor Township, Delaware County, Pennsylvania, 19087, United States"
40.0912551879882,-75.3791580200195,"Pennsylvania Turnpike, Cannon Run, King of Prussia, Upper Merion Township, Montgomery County, Pennsylvania, 19406, United States"
40.074649810791,-75.4274368286132,"1107, West Valley Road, Tredyffrin Township, Chester County, Pennsylvania, 19087, United States"
40.0250015258789,-75.3394317626953,"228, Bailey Road, Garrett Hill, Radnor, Radnor Township, Delaware County, Pennsylvania, 19010, United States"
40.0526313781738,-75.4006423950195,"103, Deepdale Road, Strafford, Tredyffrin Township, Chester County, Pennsylvania, 19087, United States"
40.064712524414,-75.3979721069336,"384, Croton Road, Strafford, Tredyffrin Township, Chester County, Pennsylvania, 19087, United States"
40.02388381958,-75.3248748779296,"902, Doyle Alley, Rosemont, Lower Merion Township, Montgomery County, Pennsylvania, 19010, United States"
40.0862007141113,-75.4083023071289,"566, South Goddard Boulevard, King of Prussia Town Center, King of Prussia, Upper Merion Township, Montgomery County, Pennsylvania, 19406, United States"
40.0488052368164,-75.4173355102539,"42, Old Lancaster Road, Strafford, Tredyffrin Township, Chester County, Pennsylvania, 19333, United States"
39.9653015136718,-75.190200805664,"641, North 33rd Street, Mantua, Philadelphia, Philadelphia County, Pennsylvania, 19104, United States"
39.9697380065918,-75.2083358764648,"888, North 42nd Street, Belmont, Philadelphia, Philadelphia County, Pennsylvania, 19104, United States"
39.9489097595214,-75.178237915039,"2211, Spruce Street, Rittenhouse Square, Center City, Philadelphia, Philadelphia County, Pennsylvania, 19103, United States"
39.9565238952636,-75.2071762084961,"University Realty Apartments, 4258, Chestnut Street, Philadelphia, Philadelphia County, Pennsylvania, 19104, United States"
39.9742431640625,-75.1853866577148,"930, North 30th Street, Brewerytown, Philadelphia, Philadelphia County, Pennsylvania, 19121, United States"
39.9575691223144,-75.2013397216796,"3930, Filbert Street, Philadelphia, Philadelphia County, Pennsylvania, 19104, United States"
39.9810485839843,-75.1876983642578,"3218, West Oxford Street, Strawberry Mansion, Philadelphia, Philadelphia County, Pennsylvania, 19121, United States"
39.974811553955,-75.2099380493164,"4178, Leidy Avenue, Philadelphia, Philadelphia County, Pennsylvania, 19104, United States"
39.9566001892089,-75.1945037841796,"3601, Market Street, Powelton Village, Philadelphia, Philadelphia County, Pennsylvania, 19104, United States"
39.9531288146972,-75.2027816772461,"Gutmann College House, 211, South 40th Street, Philadelphia, Philadelphia County, Pennsylvania, 19104, United States"
39.9643211364746,-75.1928787231445,"619, North 35th Street, Mantua, Philadelphia, Philadelphia County, Pennsylvania, 19104, United States"
39.9364929199218,-75.1927871704101,"1340, South Hollywood Street, Grays Ferry, South Philadelphia, Philadelphia, Philadelphia County, Pennsylvania, 19146, United States"
39.9456558227539,-75.1809158325195,"2401, South Street, Southwest Center City, South Philadelphia, Philadelphia, Philadelphia County, Pennsylvania, 19146, United States"
39.9517021179199,-75.2048645019531,"4042, Spruce Street, Philadelphia, Philadelphia County, Pennsylvania, 19139, United States"
39.9590454101562,-75.1783447265625,"Edgewater Apartments, 2323, Race Street, Center City, Philadelphia, Philadelphia County, Pennsylvania, 19103, United States"
39.9558982849121,-75.2024993896484,"Chase, 4001, Chestnut Street, Philadelphia, Philadelphia County, Pennsylvania, 19104, United States"
39.9630088806152,-75.2013778686523,"3945, Haverford Avenue, Belmont, Philadelphia, Philadelphia County, Pennsylvania, 19104, United States"
39.9432296752929,-75.183609008789,"Admirals Way, Naval Square, South Philadelphia, Philadelphia, Philadelphia County, Pennsylvania, 19146, United States"
40.0306587219238,-75.0823593139648,"1401, East Cheltenham Avenue, Oxford Circle, Philadelphia, Philadelphia County, Pennsylvania, 19149, United States"
39.9837684631347,-75.1245193481445,"2117, East Sergeant Street, Kensington, Philadelphia, Philadelphia County, Pennsylvania, 19125, United States"
39.9841804504394,-75.1332244873046,"2235, North Howard Street, Kensington, Philadelphia, Philadelphia County, Pennsylvania, 19133, United States"
39.9852294921875,-75.1211242675781,"2667, Martha Street, Philadelphia, Philadelphia County, Pennsylvania, 19125, United States"
40.0561256408691,-75.1248779296875,"429, Valley Road, Oaklane, Cheltenham, Cheltenham Township, Montgomery County, Pennsylvania, 19027, United States"
40.0169334411621,-75.0747680664062,"1885, Wakeling Street, Philadelphia, Philadelphia County, Pennsylvania, 19124, United States"
40.0190086364746,-75.1171646118164,"4564, Hurley Street, Philadelphia, Philadelphia County, Pennsylvania, 19120, United States"
39.9808845520019,-75.1343917846679,"2026, North Howard Street, Kensington, Philadelphia, Philadelphia County, Pennsylvania, 19133, United States"
39.9822807312011,-75.13037109375,"2062, East Dauphin Street, Kensington, Philadelphia, Philadelphia County, Pennsylvania, 19125, United States"
39.98583984375,-75.1249694824218,"2564, Coral Street, Kensington, Philadelphia, Philadelphia County, Pennsylvania, 19125, United States"
39.9980773925781,-75.1510391235351,"Bait-ul-Aafiyat Mosque, 1215, West Glenwood Avenue, Philadelphia, Philadelphia County, Pennsylvania, 19133, United States"
40.0051231384277,-75.0978088378906,"1500, Kensington Avenue, Philadelphia, Philadelphia County, Pennsylvania, 19124, United States"
40.0184898376464,-75.109130859375,"4617, Shelbourne Street, Philadelphia, Philadelphia County, Pennsylvania, 19124, United States"
40.0157890319824,-75.1359405517578,"4224, North Reese Street, Franklinville, Philadelphia, Philadelphia County, Pennsylvania, 19140, United States"
39.9812126159668,-75.1117095947265,"2857, Almond Street, Port Richmond Polish Neighborhood, Philadelphia, Philadelphia County, Pennsylvania, 19134, United States"
39.9829483032226,-75.1283187866211,"2070, East Boston Street, Kensington, Philadelphia, Philadelphia County, Pennsylvania, 19125, United States"
39.9812278747558,-75.1424255371093,"448, West Norris Street, West Kensington, Philadelphia, Philadelphia County, Pennsylvania, 19121, United States"
39.9953804016113,-75.1902999877929,"Boxers' Trail, Philadelphia, Philadelphia County, Pennsylvania, 19129, United States"
39.9836845397949,-75.1769866943359,"2602, Ridge Avenue, Strawberry Mansion, Philadelphia, Philadelphia County, Pennsylvania, 19121, United States"
39.9873008728027,-75.1556015014648,"2235, North Broad Street, Stanton, Philadelphia, Philadelphia County, Pennsylvania, 19132, United States"
39.981201171875,-75.1688995361328,"1773, North 21st Street, 8 Diamonds Townhouse Apartments, Philadelphia, Philadelphia County, Pennsylvania, 19121, United States"
39.9790077209472,-75.1633987426757,"1677, North Bouvier Street, North Central, Philadelphia, Philadelphia County, Pennsylvania, 19121, United States"
39.9885826110839,-75.1827697753906,"3019, Ridge Avenue, Strawberry Mansion, Philadelphia, Philadelphia County, Pennsylvania, 19121, United States"
40.0076751708984,-75.1672286987304,"3423, Judson Street, Tioga, Philadelphia, Philadelphia County, Pennsylvania, 19129, United States"
39.9940223693847,-75.1737518310546,"2532, West Sergeant Street, Philadelphia, Philadelphia County, Pennsylvania, 19132, United States"
39.9936981201171,-75.1634979248046,"1925, Margie Street, Stanton, Philadelphia, Philadelphia County, Pennsylvania, 19132, United States"
39.9895324707031,-75.1578979492187,"1522, West York Street, Stanton, Philadelphia, Philadelphia County, Pennsylvania, 19132, United States"
40.0041160583496,-75.1610031127929,"1910, West Westmoreland Street, Tioga, Philadelphia, Philadelphia County, Pennsylvania, 19129, United States"
39.9885673522949,-75.1827850341796,"3019, Ridge Avenue, Strawberry Mansion, Philadelphia, Philadelphia County, Pennsylvania, 19121, United States"
40.0008468627929,-75.1757736206054,"Fuel Site 023, 2901, North 29th Street, Allegheny West, Philadelphia, Philadelphia County, Pennsylvania, 19129, United States"
39.9883804321289,-75.1652221679687,"North Uber Street, Stanton, Philadelphia, Philadelphia County, Pennsylvania, 19132, United States"
39.984935760498,-75.1661071777343,"1997, Page Street, Stanton, Philadelphia, Philadelphia County, Pennsylvania, 19121, United States"
39.9874267578125,-75.1557846069336,"2241, North Broad Street, Stanton, Philadelphia, Philadelphia County, Pennsylvania, 19132, United States"
39.9828414916992,-75.1819076538086,"1744, North 29th Street, Strawberry Mansion, Philadelphia, Philadelphia County, Pennsylvania, 19132, United States"
40.0329284667968,-75.185302734375,"West Walnut Lane, West Central Germantown, Philadelphia, Philadelphia County, Pennsylvania, 19144, United States"
40.0197296142578,-75.1715698242187,"518, West Clapier Street, Southwest Germantown, Philadelphia, Philadelphia County, Pennsylvania, 19129, United States"
40.0412673950195,-75.1620712280273,"East Church Lane, East Germantown, Philadelphia, Philadelphia County, Pennsylvania, 19144, United States"
40.0217094421386,-75.1617431640625,"212, Roberts Avenue, Wayne Junction, Southwest Germantown, Philadelphia, Philadelphia County, Pennsylvania, 19144, United States"
40.0314025878906,-75.1688766479492,"20, West Queen Lane, Germantown - Penn Knox, Philadelphia, Philadelphia County, Pennsylvania, 19144, United States"
40.0363693237304,-75.182746887207,"246, West Walnut Lane, West Central Germantown, Philadelphia, Philadelphia County, Pennsylvania, 19144, United States"
40.0365295410156,-75.1821517944336,"224, West Walnut Lane, West Central Germantown, Philadelphia, Philadelphia County, Pennsylvania, 19144, United States"
40.0409622192382,-75.1731033325195,"331, East Rittenhouse Street, Germantown - Morton, Philadelphia, Philadelphia County, Pennsylvania, 19144, United States"
40.0278205871582,-75.1642532348632,"4938, Royal Street, Wayne Junction, Southwest Germantown, Philadelphia, Philadelphia County, Pennsylvania, 19144, United States"
40.0244102478027,-75.1809158325195,"The Avenue at East Falls, 5450, Wissahickon Avenue, East Falls, Philadelphia, Philadelphia County, Pennsylvania, 19144, United States"
40.0463180541992,-75.1692810058593,"5916, McMahon Avenue, Germantown - Morton, Philadelphia, Philadelphia County, Pennsylvania, 19144, United States"
40.0197372436523,-75.1715774536132,"518, West Clapier Street, Southwest Germantown, Philadelphia, Philadelphia County, Pennsylvania, 19129, United States"
40.0213966369628,-75.1618728637695,"4500, Wayne Avenue, Wayne Junction, Southwest Germantown, Philadelphia, Philadelphia County, Pennsylvania, 19144, United States"
40.0195617675781,-75.1602478027343,"4401, Clarissa Street, Wayne Junction, Nicetown, Philadelphia, Philadelphia County, Pennsylvania, 19140, United States"
40.0233879089355,-75.1561660766601,"4541, North 19th Street, Wayne Junction, Nicetown-Tioga, Philadelphia, Philadelphia County, Pennsylvania, 19140, United States"
40.0441169738769,-75.1731796264648,"410, High Street, Germantown - Morton, Philadelphia, Philadelphia County, Pennsylvania, 19144, United States"
40.0409393310546,-75.3692779541015,"552, East Lancaster Avenue, Radnor Station, Saint Davids, Radnor Township, Delaware County, Pennsylvania, 19087, United States"
40.0861206054687,-75.4090423583984,"Gulph Road Connector, King of Prussia Town Center, Lafayette Park, King of Prussia, Upper Merion Township, Montgomery County, Pennsylvania, 19087, United States"
40.1450271606445,-75.3675994873046,"Galbraith Lane, West Norriton Township, Montgomery County, Pennsylvania, 19409, United States"
40.1226844787597,-75.3530731201171,"Carpet Stop, 920, West Marshall Street, Norristown, Montgomery County, Pennsylvania, 19401, United States"
40.1107444763183,-75.2745208740234,"Plymouth Road, Cold Point, Plymouth Township, Montgomery County, Pennsylvania, 19462, United States"
40.1194801330566,-75.3796005249023,"Schuylkill River Trail, West Norriton, West Norriton Township, Montgomery County, Pennsylvania, 19406, United States"
40.0885620117187,-75.3304061889648,"614, B Street, Swedeland, Upper Merion Township, Montgomery County, Pennsylvania, 19406, United States"
40.103515625,-75.3460693359375,"112, 6th Street, Shainline, Bridgeport, Montgomery County, Pennsylvania, 19405, United States"
40.1046714782714,-75.3443527221679,"58, West Rambo Street, Shainline, Bridgeport, Montgomery County, Pennsylvania, 19405, United States"
40.0874290466308,-75.4094772338867,"Valley Green Lane, King of Prussia Town Center, King of Prussia, Upper Merion Township, Montgomery County, Pennsylvania, 19087, United States"
40.0930404663085,-75.3662567138671,"West Dekalb Pike, Henderson Park, King of Prussia, Upper Merion Township, Montgomery County, Pennsylvania, 19406, United States"
40.0773468017578,-75.3136520385742,"352, Old Elm Street, Connaughtown, Conshohocken, Montgomery County, Pennsylvania, 19428, United States"
40.3118515014648,-75.0501632690429,"Durham Road, Buckingham Valley, Buckingham, Buckingham Township, Bucks County, Pennsylvania, 18912, United States"
40.1773147583007,-75.1060562133789,"North York Road, Stony Brook, Hatboro, Montgomery County, Pennsylvania, 19040, United States"
40.2963104248046,-75.2168426513671,"29, Hellberg Avenue, Chalfont, Bucks County, Pennsylvania, 18914, United States"
40.4885864257812,-75.070571899414,"99, Cedar Lane, Tinicum Township, Bucks County, Pennsylvania, 18920, United States"
40.4628295898437,-75.0737533569336,"5, Smithtown Road, Smithtown, Tinicum Township, Bucks County, Pennsylvania, 18947, United States"
40.4889068603515,-75.138427734375,"84, Sunset Drive, Tinicum Township, Bucks County, Pennsylvania, 18942, United States"
40.4598884582519,-75.0788040161132,"39, Smithtown Road, Smithtown, Tinicum Township, Bucks County, Pennsylvania, 18947, United States"
40.3975715637207,-75.2055282592773,"37, Irish Meetinghouse Road, Irish Meeting House, Bedminster Township, Bucks County, Pennsylvania, 18944, United States"
40.4111404418945,-75.1072540283203,"5634, Wismer Road, Wismer, Plumstead Township, Bucks County, Pennsylvania, 18947, United States"
40.4122009277343,-75.1053237915039,"Wismer Road, Wismer, Plumstead Township, Bucks County, Pennsylvania, 18947, United States"
40.4160652160644,-75.0497512817382,"198, Byram Lane, Byram, Kingwood Township, Hunterdon County, New Jersey, 08559, United States"
40.5040016174316,-75.1055068969726,"Geigel Hill Road, Clay Ridge, Tinicum Township, Bucks County, Pennsylvania, 18920, United States"
40.4954757690429,-75.1189041137695,"600, Cafferty Road, Sundale, Tinicum Township, Bucks County, Pennsylvania, 18972, United States"
40.5020599365234,-75.0740509033203,"60, Geigel Hill Road, Erwinna, Tinicum Township, Bucks County, Pennsylvania, 18920, United States"
40.4049987792968,-75.0353012084961,"3727, River Road, Lumberville, Solebury Township, Bucks County, Pennsylvania, 18933, United States"
40.3917655944824,-75.0679550170898,"Wismer Road, Plumstead Township, Bucks County, Pennsylvania, 18901, United States"
40.4118041992187,-75.1075668334961,"5642, Wismer Road, Wismer, Plumstead Township, Bucks County, Pennsylvania, 18947, United States"
40.3960533142089,-75.0519943237304,"6395, Old Carversville Road, Lumberville, Solebury Township, Bucks County, Pennsylvania, 18933, United States"
40.3917617797851,-75.0679473876953,"Wismer Road, Plumstead Township, Bucks County, Pennsylvania, 18901, United States"
40.3975715637207,-75.2055206298828,"37, Irish Meetinghouse Road, Irish Meeting House, Bedminster Township, Bucks County, Pennsylvania, 18944, United States"
