Latitude,Longitude,Address
36.37850570678711,-86.44511413574219,"172, West Hite Street, Gallatin, Sumner County, Middle Tennessee, Tennessee, 37066, United States"
36.35789489746094,-86.48369598388672,"741, Starpoint Drive, Gallatin, Sumner County, Middle Tennessee, Tennessee, 37066, United States"
36.3813362121582,-86.44435119628906,"528, South Water Avenue, Gallatin, Sumner County, Middle Tennessee, Tennessee, 37066, United States"
36.31726837158203,-86.509765625,"1131, Douglas Bend Road, Sumner County, Middle Tennessee, Tennessee, 37066, United States"
36.390262603759766,-86.44605255126953,"130, Prince Street, Gallatin, Sumner County, Middle Tennessee, Tennessee, 37066, United States"
36.391300201416016,-86.48341369628906,"Long Hollow Golf Course, 1080, SR 109, Gallatin, Sumner County, Middle Tennessee, Tennessee, 37066, United States"
36.38351821899414,-86.45198059082031,"Richs, West Main Street, Gallatin, Sumner County, Middle Tennessee, Tennessee, 37066, United States"
36.38132095336914,-86.43606567382812,"377, East Park Avenue, Gallatin, Sumner County, Middle Tennessee, Tennessee, 37066, United States"
36.38838195800781,-86.44666290283203,"106, West Main Street, Gallatin, Sumner County, Middle Tennessee, Tennessee, 37066, United States"
36.39863967895508,-86.45729064941406,"620, Pace Street, Gallatin, Sumner County, Middle Tennessee, Tennessee, 37066, United States"
36.34670639038086,-86.51629638671875,"Nashville Pike, Gallatin, Sumner County, Middle Tennessee, Tennessee, 30766, United States"
36.35166931152344,-86.52169799804688,"Lakeland Drive, Gallatin, Sumner County, Middle Tennessee, Tennessee, 37066, United States"
36.373138427734375,-86.44258117675781,"143, Glenn Avenue, Gallatin, Sumner County, Middle Tennessee, Tennessee, 37066, United States"
36.34642791748047,-86.52355194091797,"Nashville Pike, Gallatin, Sumner County, Middle Tennessee, Tennessee, 30766, United States"
36.29568862915039,-86.47781372070312,"Wilson County, Middle Tennessee, Tennessee, United States"
36.37760543823242,-86.44320678710938,"128, Elleta Avenue, Gallatin, Sumner County, Middle Tennessee, Tennessee, 37066, United States"
36.3714714050293,-86.52606964111328,"1067, Fortrose Drive, Peytona, Sumner County, Middle Tennessee, Tennessee, 37066, United States"
36.32738876342773,-86.36658477783203,"Angels Cove Lane, Wilson County, Middle Tennessee, Tennessee, United States"
36.2504997253418,-86.64106750488281,"2084, Dabbs Avenue, Lakewood, Nashville-Davidson, Davidson County, Middle Tennessee, Tennessee, 37138, United States"
36.301361083984375,-86.62299346923828,"167, Shivel Drive, Walnut Hills Estates, Hendersonville, Sumner County, Middle Tennessee, Tennessee, 37075, United States"
36.319149017333984,-86.63227081298828,"192, Beechwood Court, Rolling Acres, Hendersonville, Sumner County, Middle Tennessee, Tennessee, 37075, United States"
36.26563262939453,-86.5802001953125,"308, Raintree Drive, Indian Lake Forest, Hendersonville, Sumner County, Middle Tennessee, Tennessee, 37075, United States"
36.34732055664063,-86.65109252929688,"Royal Court, Sumner County, Middle Tennessee, Tennessee, 37075, United States"
36.282562255859375,-86.61009979248047,"Elnora Drive, Hendersonville, Sumner County, Middle Tennessee, Tennessee, 37075, United States"
36.28490829467773,-86.60887908935547,"144, Crosfield Drive, Hendersonville, Sumner County, Middle Tennessee, Tennessee, 37075, United States"
36.30312728881836,-86.577392578125,"107, Breakwater Drive North, The Maples, Hendersonville, Sumner County, Middle Tennessee, Tennessee, 37075, United States"
36.3143196105957,-86.6277084350586,"186, New Shackle Island Road, Highland Acres, Hendersonville, Sumner County, Middle Tennessee, Tennessee, 37075, United States"
36.279884338378906,-86.60330963134766,"Walnut Drive, Indian Forest, Hendersonville, Sumner County, Middle Tennessee, Tennessee, 37075, United States"
36.37149810791016,-86.61801147460938,"Long Hollow Pike, Shackle Island, Sumner County, Middle Tennessee, Tennessee, 37116, United States"
36.30048751831055,-86.64542388916016,"36, Pres Blon Drive, Rockland, Hendersonville, Sumner County, Middle Tennessee, Tennessee, 37075, United States"
36.33041000366211,-86.58454895019531,"Scottish Highlands, Hendersonville, Sumner County, Middle Tennessee, Tennessee, 37075, United States"
36.32200241088867,-86.61203002929688,"108, Southburn Drive, Colonial Acres, Hendersonville, Sumner County, Middle Tennessee, Tennessee, 37075, United States"
36.361610412597656,-86.60945129394531,"New Shackle Island Road, Creekwood Estates, Hendersonville, Sumner County, Middle Tennessee, Tennessee, 37075, United States"
36.30311965942383,-86.57740020751953,"107, Breakwater Drive North, The Maples, Hendersonville, Sumner County, Middle Tennessee, Tennessee, 37075, United States"
36.29568099975586,-86.61280059814453,"189, Sanders Ferry Road, Curtiswood, Hendersonville, Sumner County, Middle Tennessee, Tennessee, 37075, United States"
36.26953887939453,-86.70462799072266,"658, Bixler Avenue, Amqui, Nashville-Davidson, Davidson County, Middle Tennessee, Tennessee, 37115, United States"
36.26621627807617,-86.68365478515625,"1045, North Dupont Avenue, Nashville-Davidson, Davidson County, Middle Tennessee, Tennessee, 37115, United States"
36.26847839355469,-86.77687072753906,"4012, Brick Church Pike, Parkwood Estates, Nashville-Davidson, Davidson County, Middle Tennessee, Tennessee, 37207, United States"
36.36996841430664,-86.72151947021484,"Creekview Lane, Millersville, Sumner County, Middle Tennessee, Tennessee, 37072, United States"
36.31296157836914,-86.69978332519531,"Conference Drive, Windsor Green, Goodlettsville, Davidson County, Middle Tennessee, Tennessee, 37072, United States"
36.321590423583984,-86.72575378417969,"422, Moncrief Avenue, Goodlettsville, Davidson County, Middle Tennessee, Tennessee, 37072, United States"
36.29212188720703,-86.78289794921875,"Brick Church Pike, Little Creek, Nashville-Davidson, Davidson County, Middle Tennessee, Tennessee, 37189, United States"
36.26493835449219,-86.6517562866211,"508, Old Hickory Boulevard, Old Hickory, Nashville-Davidson, Davidson County, Middle Tennessee, Tennessee, 31138, United States"
36.264930725097656,-86.65174865722656,"508, Old Hickory Boulevard, Old Hickory, Nashville-Davidson, Davidson County, Middle Tennessee, Tennessee, 31138, United States"
36.36262130737305,-86.7226791381836,"114, Cimmaron Drive, Millersville, Sumner County, Middle Tennessee, Tennessee, 37072, United States"
36.32316970825195,-86.70641326904297,"La Quinta Inn, 120, Cartwright Court, Northcreek Commons, Goodlettsville, Davidson County, Middle Tennessee, Tennessee, 37072, United States"
36.343971252441406,-86.71446228027344,"I 65, Goodlettsville, Sumner County, Middle Tennessee, Tennessee, 37072, United States"
36.28116607666016,-86.7899169921875,"5101, Ryan Allen Circle, Little Creek, Nashville-Davidson, Davidson County, Middle Tennessee, Tennessee, 37189, United States"
36.266151428222656,-86.50170135498047,"Gay Winds Drive, Wilson County, Middle Tennessee, Tennessee, 37122, United States"
36.199615478515625,-86.51895141601562,"2027, North Mount Juliet Road, Creekmont, Mount Juliet, Wilson County, Middle Tennessee, Tennessee, 37122, United States"
36.18228912353516,-86.54730987548828,"John Wright Road, Lynn Christie, Wilson County, Middle Tennessee, Tennessee, 37122, United States"
36.22500228881836,-86.54935455322266,"114, Santa Fe Trail, Green Hill, Mount Juliet, Wilson County, Middle Tennessee, Tennessee, 37122, United States"
36.16547393798828,-86.50534057617188,"Mount Juliet, Wilson County, Middle Tennessee, Tennessee, 37122, United States"
36.24177932739258,-86.53929901123047,"798, Veneta View Drive, Mount Juliet, Wilson County, Middle Tennessee, Tennessee, 37122, United States"
36.28253936767578,-86.4996109008789,"3670, Benders Ferry Road, Wilson County, Middle Tennessee, Tennessee, 37122, United States"
36.273658752441406,-86.51385498046875,"9002, Saundersville Road, Briarwood, Nonaville, Wilson County, Middle Tennessee, Tennessee, 37122, United States"
36.28248977661133,-86.49961853027344,"3668, Benders Ferry Road, Wilson County, Middle Tennessee, Tennessee, 37122, United States"
36.21844482421875,-86.4725570678711,"1030, Beckwith Road, Beckwith, Mount Juliet, Wilson County, Middle Tennessee, Tennessee, 37122, United States"
36.273658752441406,-86.51386260986328,"9002, Saundersville Road, Briarwood, Nonaville, Wilson County, Middle Tennessee, Tennessee, 37122, United States"
36.23762130737305,-86.53854370117188,"545, Summit Way, Hunters Store, Mount Juliet, Wilson County, Middle Tennessee, Tennessee, 37122, United States"
36.21844100952149,-86.47254943847656,"1030, Beckwith Road, Beckwith, Mount Juliet, Wilson County, Middle Tennessee, Tennessee, 37122, United States"
36.16910934448242,-86.50647735595703,"Staybridge Suites Mt. Juliet, Belinda Parkway, Mount Juliet, Wilson County, Middle Tennessee, Tennessee, 37122, United States"
36.26583480834961,-86.49842071533203,"Benders Ferry Road, Wilson County, Middle Tennessee, Tennessee, 37122, United States"
36.21073913574219,-86.42359924316406,"Timber Trail Drive, Lebanon, Wilson County, Middle Tennessee, Tennessee, 37090, United States"
36.24198913574219,-86.5672607421875,"417, Lakeshore Drive, Langford Cove, Wilson County, Middle Tennessee, Tennessee, 37138, United States"
36.24197006225586,-86.56671142578125,"423, Lakeshore Drive, Langford Cove, Wilson County, Middle Tennessee, Tennessee, 37138, United States"
36.26953887939453,-86.70462799072266,"658, Bixler Avenue, Amqui, Nashville-Davidson, Davidson County, Middle Tennessee, Tennessee, 37115, United States"
36.2432746887207,-86.73714447021484,"1370, Briarville Road, Nashville-Davidson, Davidson County, Middle Tennessee, Tennessee, 37115, United States"
36.24324798583984,-86.7373046875,"542, Creative Way, Nashville-Davidson, Davidson County, Middle Tennessee, Tennessee, 37115, United States"
36.2431526184082,-86.7371597290039,"542, Creative Way, Nashville-Davidson, Davidson County, Middle Tennessee, Tennessee, 37115, United States"
36.2427864074707,-86.73690795898438,"519, Creative Way, Nashville-Davidson, Davidson County, Middle Tennessee, Tennessee, 37115, United States"
36.258888244628906,-86.70782470703125,"347, Cherry Street, Madison, Nashville-Davidson, Davidson County, Middle Tennessee, Tennessee, 37115, United States"
36.1860580444336,-86.64865112304688,"Stafford Drive, Nashville-Davidson, Davidson County, Middle Tennessee, Tennessee, 37214, United States"
36.18400955200195,-86.64926147460938,"3143, Stafford Drive, Nashville-Davidson, Davidson County, Middle Tennessee, Tennessee, 37214, United States"
36.25778198242188,-86.72640228271484,"771, Vantrease Road, Montague, Nashville-Davidson, Davidson County, Middle Tennessee, Tennessee, 37115, United States"
36.22001647949219,-86.70471954345703,"2248, Pennington Bend Road, Western Hills, Haysboro, Nashville-Davidson, Davidson County, Middle Tennessee, Tennessee, 37214, United States"
36.247100830078125,-86.72949981689453,"1286, Saunders Avenue, Maplewood, Nashville-Davidson, Davidson County, Middle Tennessee, Tennessee, 37115, United States"
36.23377227783203,-86.73001861572266,"993, Joyce Lane, Maplewood, Nashville-Davidson, Davidson County, Middle Tennessee, Tennessee, 37216, United States"
36.25539779663086,-86.64476776123047,"548, 15th Street, Old Hickory, Lakewood, Nashville-Davidson, Davidson County, Middle Tennessee, Tennessee, 37138, United States"
36.24317932128906,-86.64219665527344,"154, Park Circle, Lakewood, Nashville-Davidson, Davidson County, Middle Tennessee, Tennessee, 37138, United States"
36.24234771728516,-86.71051025390625,"1249, Fernbank Avenue, Nashville-Davidson, Davidson County, Middle Tennessee, Tennessee, 37115, United States"
36.28496170043945,-86.71533203125,"1201, North Graycroft Avenue, Nashville-Davidson, Davidson County, Middle Tennessee, Tennessee, 37115, United States"
36.49375534057617,-86.87255096435547,"2367, Bluegrass Drive, Springfield, Robertson County, Middle Tennessee, Tennessee, 37172, United States"
36.393436431884766,-86.98278045654297,"McMahan Hollow Road, Coopertown, Robertson County, Middle Tennessee, Tennessee, 37146, United States"
36.388370513916016,-87.01590728759766,"136, Dean Street, Pleasant View, Cheatham County, Middle Tennessee, Tennessee, 37146, United States"
36.389007568359375,-87.01456451416016,"Centre Street, Pleasant View, Cheatham County, Middle Tennessee, Tennessee, 37146, United States"
36.46403884887695,-86.87230682373047,"Old New Cut Road, Robertson County, Middle Tennessee, Tennessee, 37172, United States"
36.4723014831543,-87.0177993774414,"James Cemetery, Burgess Gower Road, Coopertown, Robertson County, Middle Tennessee, Tennessee, 37032, United States"
36.23759841918945,-87.05079650878906,"Lakeview Circle, Lillamay, Cheatham County, Middle Tennessee, Tennessee, 37015, United States"
36.27434158325195,-87.06510925292969,"75, Cumberland Street, Ashland City, Cheatham County, Middle Tennessee, Tennessee, 37015, United States"
36.373870849609375,-86.86686706542969,"Robertson County, Middle Tennessee, Tennessee, United States"
36.46892929077149,-86.87451934814453,"Old New Cut Road, Robertson County, Middle Tennessee, Tennessee, 37172, United States"
36.2329216003418,-87.03614807128906,"1206, Lakeside Drive, Cheatham County, Middle Tennessee, Tennessee, 37015, United States"
36.46913909912109,-86.87256622314453,"Robertson County, Middle Tennessee, Tennessee, 37172, United States"
36.33580780029297,-87.0463638305664,"Fox Hill Road, Cheatham County, Middle Tennessee, Tennessee, 37015, United States"
36.2442741394043,-87.15005493164062,"Primm Road, Germantown, Cheatham County, Middle Tennessee, Tennessee, 37015, United States"
36.28934860229492,-87.06401824951172,"Skyview Drive, Ashland City, Cheatham County, Middle Tennessee, Tennessee, 37015, United States"
36.46659851074219,-86.87560272216797,"Old New Cut Road, Robertson County, Middle Tennessee, Tennessee, 37172, United States"
36.22859954833984,-87.03597259521484,"1146, Lakeside Drive, Cheatham County, Middle Tennessee, Tennessee, 37015, United States"
36.29454040527344,-87.04878234863281,"198, Ashland Court, Ashland City, Cheatham County, Middle Tennessee, Tennessee, 37015, United States"
36.12639999389648,-86.77857208251953,"2399, Elliott Avenue, Nashville-Davidson, Davidson County, Middle Tennessee, Tennessee, 37204, United States"
36.135868072509766,-86.75699615478516,"Poppy & Peep, 374, Herron Drive, Nashville-Davidson, Davidson County, Middle Tennessee, Tennessee, 37210, United States"
36.128211975097656,-86.77873229980469,"812, Bradford Avenue, Melrose/Waverly Nashville TN, Nashville-Davidson, Davidson County, Middle Tennessee, Tennessee, 37204, United States"
36.10667037963867,-86.74639892578125,"520, Morton Avenue, Radnor, Nashville-Davidson, Davidson County, Middle Tennessee, Tennessee, 37211, United States"
36.11920547485352,-86.768798828125,"2759, Greystone Road, Berry Hill, Davidson County, Middle Tennessee, Tennessee, 37204, United States"
36.13549041748047,-86.7562255859375,"Bongo Roasting Co., 372, Herron Drive, Nashville-Davidson, Davidson County, Middle Tennessee, Tennessee, 37210, United States"
36.11970901489258,-86.73956298828125,"91, Peachtree Street, Woodbine, Nashville-Davidson, Davidson County, Middle Tennessee, Tennessee, 37210, United States"
36.14148712158203,-86.76575469970703,"Pillow Street, Wedgewood-Houston, Nashville-Davidson, Davidson County, Middle Tennessee, Tennessee, 37203, United States"
36.12992477416992,-86.77989959716797,"2164, Elliott Avenue, Nashville-Davidson, Davidson County, Middle Tennessee, Tennessee, 37204, United States"
36.1251106262207,-86.7747573852539,"2634, Westwood Drive, Berry Hill, Davidson County, Middle Tennessee, Tennessee, 37204, United States"
36.12662887573242,-86.72523498535156,"115, Plus Park Boulevard, Glencliff, Nashville-Davidson, Davidson County, Middle Tennessee, Tennessee, 37217, United States"
36.12612915039063,-86.72611236572266,"Plus Park Boulevard, Glencliff, Nashville-Davidson, Davidson County, Middle Tennessee, Tennessee, 37217, United States"
36.14259719848633,-86.74500274658203,"MURFREESBORO PIKE & FESSLERS LN EB, Murfreesboro Pike, Nashville-Davidson, Davidson County, Middle Tennessee, Tennessee, 37013, United States"
36.12662887573242,-86.72522735595703,"115, Plus Park Boulevard, Glencliff, Nashville-Davidson, Davidson County, Middle Tennessee, Tennessee, 37217, United States"
36.12619018554688,-86.72562408447266,"91, Plus Park Boulevard, Glencliff, Nashville-Davidson, Davidson County, Middle Tennessee, Tennessee, 37217, United States"
36.13267135620117,-86.76563262939453,"501, Wedgewood Avenue, Wedgewood-Houston, Nashville-Davidson, Davidson County, Middle Tennessee, Tennessee, 37203, United States"
36.125099182128906,-86.77491760253906,"2630, Westwood Drive, Berry Hill, Davidson County, Middle Tennessee, Tennessee, 37204, United States"
36.12604141235352,-86.7262191772461,"Plus Park Boulevard, Glencliff, Nashville-Davidson, Davidson County, Middle Tennessee, Tennessee, 37217, United States"
36.12657165527344,-86.63101196289062,"1600, Western Shore Drive, Nashville-Davidson, Davidson County, Middle Tennessee, Tennessee, 37214, United States"
36.12662887573242,-86.72522735595703,"115, Plus Park Boulevard, Glencliff, Nashville-Davidson, Davidson County, Middle Tennessee, Tennessee, 37217, United States"
36.15489959716797,-86.68350219726562,"493, Springview Drive, Donelson, Nashville-Davidson, Davidson County, Middle Tennessee, Tennessee, 37214, United States"
36.12791061401367,-86.69855499267578,"1011, Kipling Drive, Glenview, Nashville-Davidson, Davidson County, Middle Tennessee, Tennessee, 37217, United States"
36.12791061401367,-86.69854736328125,"1011, Kipling Drive, Glenview, Nashville-Davidson, Davidson County, Middle Tennessee, Tennessee, 37217, United States"
36.157508850097656,-86.6794204711914,"2510, Woodberry Drive, Merry Oaks, Donelson, Nashville-Davidson, Davidson County, Middle Tennessee, Tennessee, 37214, United States"
36.13035583496094,-86.72447967529297,"Rocketship United Academy, Plus Park Boulevard, Glencliff, Nashville-Davidson, Davidson County, Middle Tennessee, Tennessee, 37217, United States"
36.11064910888672,-86.69473266601562,"458, Weaver Drive, Nashville-Davidson, Davidson County, Middle Tennessee, Tennessee, 37217, United States"
36.08979797363281,-86.63825225830078,"1317, Nashboro Boulevard, Nashboro Village, Nashville-Davidson, Davidson County, Middle Tennessee, Tennessee, 37217, United States"
36.10966873168945,-86.70265197753906,"3441, McGavock Pike, Nashville-Davidson, Davidson County, Middle Tennessee, Tennessee, 37217, United States"
36.12205505371094,-86.70246887207031,"Crossland Economy Studios - Nashville - Airport - Briley Pkwy., Saturn Drive, Glenview, Nashville-Davidson, Davidson County, Middle Tennessee, Tennessee, 37217, United States"
36.12620162963867,-86.72563934326172,"91, Plus Park Boulevard, Glencliff, Nashville-Davidson, Davidson County, Middle Tennessee, Tennessee, 37217, United States"
36.124698638916016,-86.72766876220703,"I 24, Nashville-Davidson, Davidson County, Middle Tennessee, Tennessee, 37210, United States"
36.126197814941406,-86.72564697265625,"91, Plus Park Boulevard, Glencliff, Nashville-Davidson, Davidson County, Middle Tennessee, Tennessee, 37217, United States"
36.17763900756836,-86.61979675292969,"251, Docksue Court, Nashville-Davidson, Davidson County, Middle Tennessee, Tennessee, 37076, United States"
36.04900741577149,-86.54640197753906,"148, Holland Ridge Drive, La Vergne, Rutherford County, Middle Tennessee, Tennessee, 37086, United States"
36.04901123046875,-86.54640197753906,"146, Holland Ridge Drive, La Vergne, Rutherford County, Middle Tennessee, Tennessee, 37086, United States"
36.04106521606445,-86.54020690917969,"155, Bill Stewart Boulevard, Sandhill, La Vergne, Rutherford County, Middle Tennessee, Tennessee, 37086, United States"
36.04106903076172,-86.54020690917969,"155, Bill Stewart Boulevard, Sandhill, La Vergne, Rutherford County, Middle Tennessee, Tennessee, 37086, United States"
36.18463897705078,-86.6063003540039,"Andrew Jackson Way, Travis, Nashville-Davidson, Davidson County, Middle Tennessee, Tennessee, 37076, United States"
36.20427322387695,-86.59583282470703,"684, Dutchmans Drive, Tulip Grove, Nashville-Davidson, Davidson County, Middle Tennessee, Tennessee, 37076, United States"
36.20492172241211,-86.59504699707031,"777, Albany Drive, Tulip Grove, Nashville-Davidson, Davidson County, Middle Tennessee, Tennessee, 37076, United States"
36.17605972290039,-86.6182861328125,"192, Lakeside Court, Nashville-Davidson, Davidson County, Middle Tennessee, Tennessee, 37076, United States"
36.173946380615234,-86.61474609375,"3960, Dodson Chapel Road, Nashville-Davidson, Davidson County, Middle Tennessee, Tennessee, 37076, United States"
36.19728088378906,-86.60487365722656,"1237, Andrew Donelson, Nashville-Davidson, Davidson County, Middle Tennessee, Tennessee, 37076, United States"
36.16265869140625,-86.5962142944336,"Old Hickory Boulevard, Nashville-Davidson, Davidson County, Middle Tennessee, Tennessee, 37076, United States"
36.20027160644531,-86.63184356689453,"203, Jacksonian Drive, Hermitage Hills, Nashville-Davidson, Davidson County, Middle Tennessee, Tennessee, 37076, United States"
36.22092819213867,-86.62364196777344,"4267, Woods Street, Berryville, Nashville-Davidson, Davidson County, Middle Tennessee, Tennessee, 37138, United States"
36.0839958190918,-86.50419616699219,"8798, Couchville Pike, Ashwood, Nashville-Davidson, Rutherford County, Middle Tennessee, Tennessee, 37122, United States"
36.16600799560547,-86.59944915771484,"Hermitage Park Lane, Nashville-Davidson, Davidson County, Middle Tennessee, Tennessee, 37076, United States"
35.98933410644531,-86.48983764648438,"120, Bent Tree Drive, Hales Camp, Smyrna, Rutherford County, Middle Tennessee, Tennessee, 37167, United States"
35.969844818115234,-86.55941772460938,"405, Mountain View Court, Living Springs, Smyrna, Rutherford County, Middle Tennessee, Tennessee, 37167, United States"
36.02641677856445,-86.54888153076172,"9058, Nathanael Drive, Sandhill, La Vergne, Rutherford County, Middle Tennessee, Tennessee, 37086, United States"
36.02642059326172,-86.54888153076172,"9060, Nathanael Drive, Sandhill, La Vergne, Rutherford County, Middle Tennessee, Tennessee, 37086, United States"
36.1084098815918,-86.52081298828125,"299, Rea Drive, Wilson County, Middle Tennessee, Tennessee, 37076, United States"
36.027984619140625,-86.5516128540039,"1073, Arlene Drive, La Vergne, Rutherford County, Middle Tennessee, Tennessee, 37086, United States"
35.99601364135742,-86.4755859375,"Young Subdivision, Smyrna, Rutherford County, Middle Tennessee, Tennessee, United States"
36.04237747192383,-86.61386108398438,"Nashville-Davidson, Davidson County, Middle Tennessee, Tennessee, 37013, United States"
36.09806442260742,-86.47234344482422,"1767, Mires Road, Rural Hill, Wilson County, Middle Tennessee, Tennessee, 37122, United States"
36.08095169067383,-86.59585571289062,"4108, Philhall Parkway, Nashville-Davidson, Davidson County, Middle Tennessee, Tennessee, 37013, United States"
35.96435546875,-86.4990234375,"Southside Drive, Wade, Smyrna, Rutherford County, Middle Tennessee, Tennessee, 37167, United States"
36.07589721679688,-86.6102294921875,"3123, Woodymore Drive, Cherry Hills, Nashville-Davidson, Davidson County, Middle Tennessee, Tennessee, 37013, United States"
36.03978729248047,-86.63434600830078,"Old Franklin Road, Nashville-Davidson, Davidson County, Middle Tennessee, Tennessee, 37013, United States"
35.892948150634766,-86.4752197265625,"5033, Boyd Drive, Murfreesboro, Rutherford County, Middle Tennessee, Tennessee, 37129, United States"
35.99601364135742,-86.4755859375,"Young Subdivision, Smyrna, Rutherford County, Middle Tennessee, Tennessee, United States"
35.94779968261719,-86.57642364501953,"5801, Napa Valley Drive, Smyrna, Rutherford County, Middle Tennessee, Tennessee, 37167, United States"
35.98483657836914,-86.51629638671875,"353, Sam Davis Road, 101 Depot Apartments, Smyrna, Rutherford County, Middle Tennessee, Tennessee, 37167, United States"
36.04048156738281,-86.46308898925781,"North Lamar Road, Murphree, Rutherford County, Middle Tennessee, Tennessee, 37122, United States"
35.94932556152344,-86.46805572509766,"Macbeth Drive, Smyrna, Rutherford County, Middle Tennessee, Tennessee, United States"
35.99995040893555,-86.53003692626953,"Murfreesboro Road, Smyrna, Rutherford County, Middle Tennessee, Tennessee, 37086, United States"
35.98482894897461,-86.51628875732422,"352, Sam Davis Road, 101 Depot Apartments, Smyrna, Rutherford County, Middle Tennessee, Tennessee, 37167, United States"
36.05031967163086,-86.88683319091797,"6406, Worchester Drive, Devonshire Manor, Nashville-Davidson, Davidson County, Middle Tennessee, Tennessee, 37221, United States"
36.11965560913086,-86.98522186279297,"8128, Duffield Road, Nashville-Davidson, Davidson County, Middle Tennessee, Tennessee, 37143, United States"
36.12395858764648,-86.99053955078125,"Old Charlotte Pike, Nashville-Davidson, Davidson County, Middle Tennessee, Tennessee, 37143, United States"
35.96799087524414,-87.01422119140625,"Big East Fork Road, Williamson County, Middle Tennessee, Tennessee, United States"
36.0954704284668,-86.87593078613281,"Harding Road Court, Nashville-Davidson, Davidson County, Middle Tennessee, Tennessee, 37205, United States"
36.11919403076172,-86.94833374023438,"7714, Old Charlotte Pike, Nashville-Davidson, Davidson County, Middle Tennessee, Tennessee, 37209, United States"
36.01250076293945,-87.02410125732422,"South Harpeth Church, Old Harding Pike, Nashville-Davidson, Davidson County, Middle Tennessee, Tennessee, 37221, United States"
36.07246017456055,-86.9401626586914,"Bellevue, Nashville-Davidson, Davidson County, Middle Tennessee, Tennessee, 37221, United States"
36.07657623291016,-86.86795043945312,"1358, Page Road, Nashville-Davidson, Davidson County, Middle Tennessee, Tennessee, 37205, United States"
36.11919021606445,-86.94833374023438,"7714, Old Charlotte Pike, Nashville-Davidson, Davidson County, Middle Tennessee, Tennessee, 37209, United States"
36.133094787597656,-86.91365814208984,"Nashville-Davidson, Davidson County, Middle Tennessee, Tennessee, United States"
36.05276107788086,-86.99456787109375,"7583, Russell Road, Nashville-Davidson, Davidson County, Middle Tennessee, Tennessee, 37221, United States"
36.11152648925781,-86.91771697998047,"163, Stonecrest Drive, Nashville-Davidson, Davidson County, Middle Tennessee, Tennessee, 37209, United States"
36.09172058105469,-86.98424530029297,"8298, Charlotte Pike, Nashville-Davidson, Davidson County, Middle Tennessee, Tennessee, 37221, United States"
35.976226806640625,-87.01797485351562,"Big East Fork Road, Williamson County, Middle Tennessee, Tennessee, United States"
36.07836532592773,-86.9421157836914,"7492, Harrow Drive, Bellevue, Nashville-Davidson, Davidson County, Middle Tennessee, Tennessee, 37221, United States"
36.04558181762695,-86.91436767578125,"174, Steeplechase Lane, Steeple Chase Farms, Williamson County, Middle Tennessee, Tennessee, 37221, United States"
36.07325744628906,-86.93072509765625,"7235, Memphis-Bristol Highway, Walnut Hills, Nashville-Davidson, Davidson County, Middle Tennessee, Tennessee, 37221, United States"
36.0379638671875,-86.86943054199219,"427, Beech Creek Rd North, Oak Hampton, Brentwood, Williamson County, Middle Tennessee, Tennessee, 37027, United States"
35.97850036621094,-86.82969665527344,"1369, Holly Tree Gap Road, Chestnut Hill, Brentwood, Williamson County, Middle Tennessee, Tennessee, 37027, United States"
36.04172897338867,-86.76622772216797,"323, Seven Springs Way, Nashville-Davidson, Davidson County, Middle Tennessee, Tennessee, 37220, United States"
35.94017791748047,-86.82652282714844,"694, Jordan Road, Franklin, Williamson County, Middle Tennessee, Tennessee, 37067, United States"
35.99378967285156,-86.6875991821289,"US 31A;US 41A, Nashville-Davidson, Davidson County, Middle Tennessee, Tennessee, 37135, United States"
36.03796005249024,-86.86943054199219,"427, Beech Creek Rd North, Oak Hampton, Brentwood, Williamson County, Middle Tennessee, Tennessee, 37027, United States"
36.044410705566406,-86.77084350585938,"Kelly Road, Benbar, Nashville-Davidson, Davidson County, Middle Tennessee, Tennessee, 37027, United States"
36.03816986083984,-86.82185363769531,"104, Long Valley Road, Land Mark, Brentwood, Williamson County, Middle Tennessee, Tennessee, 37027, United States"
36.03422927856445,-86.77623748779297,"Church Street East, Cloverland Acres, Nashville-Davidson, Davidson County, Middle Tennessee, Tennessee, 37027, United States"
35.992942810058594,-86.68721771240234,"Nolensville Pike, Nashville-Davidson, Williamson County, Middle Tennessee, Tennessee, 37135, United States"
35.927852630615234,-86.75015258789062,"Clovercroft Road, Franklin, Williamson County, Middle Tennessee, Tennessee, 37067, United States"
36.03717041015625,-86.77147674560547,"5636, Valley View Road, Cloverland Acres, Nashville-Davidson, Davidson County, Middle Tennessee, Tennessee, 37027, United States"
35.96281814575195,-86.8293228149414,"1318, Brentwood Pointe, Landings, Franklin, Williamson County, Middle Tennessee, Tennessee, 37027, United States"
36.01139831542969,-86.73953247070312,"9505, Inavale Lane, Inavale Estates, Brentwood, Williamson County, Middle Tennessee, Tennessee, 37027, United States"
36.01513671875,-86.70198822021484,"6656, Sugar Valley Drive, Sugar Valley, Wrencoe, Nashville-Davidson, Davidson County, Middle Tennessee, Tennessee, 37211, United States"
36.045440673828125,-86.76983642578125,"Abingdon Court, Nashville-Davidson, Davidson County, Middle Tennessee, Tennessee, 37027, United States"
35.993778228759766,-86.68759155273438,"US 31A;US 41A, Nashville-Davidson, Davidson County, Middle Tennessee, Tennessee, 37135, United States"
36.04182815551758,-86.76664733886719,"323, Seven Springs Way, Nashville-Davidson, Davidson County, Middle Tennessee, Tennessee, 37220, United States"
35.88079833984375,-86.86206817626953,"2065, Creekside Lane, Oakwood Estates, Durham Manor, Williamson County, Middle Tennessee, Tennessee, 37064, United States"
35.86064147949219,-86.86212158203125,"485, Ridgewood Road, Green Valley Estates, Heatherwood Hills, Williamson County, Middle Tennessee, Tennessee, 37064, United States"
35.927978515625,-86.8709716796875,"287, 3rd Avenue North, Franklin, Williamson County, Middle Tennessee, Tennessee, 37064, United States"
35.92107009887695,-86.87073516845703,"801, Evans Street, Franklin, Williamson County, Middle Tennessee, Tennessee, 37064, United States"
35.92095947265625,-86.86714172363281,"347, 4th Avenue South, Rolling Rivers, Franklin, Williamson County, Middle Tennessee, Tennessee, 37064, United States"
35.93479919433594,-86.85810089111328,"198, Morningside Drive, Hill Estates, Franklin, Williamson County, Middle Tennessee, Tennessee, 37069, United States"
35.912384033203125,-86.8701400756836,"329, Meadowlawn Drive, River Club Estates, Franklin, Williamson County, Middle Tennessee, Tennessee, 37064, United States"
35.912010192871094,-86.87493133544922,"Battle Avenue, Franklin, Williamson County, Middle Tennessee, Tennessee, 37064, United States"
35.92171096801758,-86.87122344970703,"263, Cummins Street, Franklin, Williamson County, Middle Tennessee, Tennessee, 37064, United States"
35.93569564819336,-86.86883544921875,"Lancaster Drive, Franklin, Williamson County, Middle Tennessee, Tennessee, 37064, United States"
35.97285079956055,-86.88423156738281,"104, Spencer Creek Road, Spencer Creek Place, Franklin, Williamson County, Middle Tennessee, Tennessee, 37069, United States"
35.88932418823242,-86.77433776855469,"North Chapel Road, Williamson County, Middle Tennessee, Tennessee, 37067, United States"
35.92675018310547,-86.870849609375,"346, Bridge Street, Franklin, Williamson County, Middle Tennessee, Tennessee, 37064, United States"
35.92546081542969,-86.87568664550781,"State Highway 96, Franklin, Williamson County, Middle Tennessee, Tennessee, 37064, United States"
35.92017364501953,-86.88091278076172,"410, Roberts Street, West Meade =, Franklin, Williamson County, Middle Tennessee, Tennessee, 37064, United States"
35.93144607543945,-86.8637924194336,"215, Franklin Road, Franklin, Williamson County, Middle Tennessee, Tennessee, 37064, United States"
35.820098876953125,-86.85900115966797,"Tom Anderson Road, Thompson's Station, Williamson County, Middle Tennessee, Tennessee, 37064, United States"
35.92308807373047,-86.86859130859375,"367, Church Street, Rolling Rivers, Franklin, Williamson County, Middle Tennessee, Tennessee, 37064, United States"
36.15936279296875,-86.80687713623047,"699, 21st Avenue North, Nashville-Davidson, Davidson County, Middle Tennessee, Tennessee, 37203, United States"
36.14738845825195,-86.78152465820312,"935, Hawkins Street, Nashville-Davidson, Davidson County, Middle Tennessee, Tennessee, 37203, United States"
36.15822982788086,-86.81478118896484,"2517, Clifton Avenue, College Heights/Clifton, Nashville-Davidson, Davidson County, Middle Tennessee, Tennessee, 37209, United States"
36.1602668762207,-86.80205535888672,"Watkins Park Substation, 1600, Jo Johnston Avenue, Nashville-Davidson, Davidson County, Middle Tennessee, Tennessee, 37203, United States"
36.16033935546875,-86.8408203125,"Tennessee Avenue, Village West Apartments, Nashville-Davidson, Davidson County, Middle Tennessee, Tennessee, 37209, United States"
36.12009811401367,-86.7932357788086,"1437, Cedar Lane, Nashville-Davidson, Davidson County, Middle Tennessee, Tennessee, 37212, United States"
36.1602897644043,-86.802001953125,"Watkins Park Substation, 1600, Jo Johnston Avenue, Nashville-Davidson, Davidson County, Middle Tennessee, Tennessee, 37203, United States"
36.15419006347656,-86.76393127441406,"99, Lindsley Avenue, Downtown Nashville, Nashville-Davidson, Davidson County, Middle Tennessee, Tennessee, 37210, United States"
36.193485260009766,-86.76280975341797,"409, Douglas Avenue, Nashville-Davidson, Davidson County, Middle Tennessee, Tennessee, 37207, United States"
36.142539978027344,-86.82181549072266,"214-222, Acklen Park Drive, Nashville-Davidson, Davidson County, Middle Tennessee, Tennessee, 37205, United States"
36.174293518066406,-86.78111267089844,"1006, 1st Avenue North, Downtown Nashville, Nashville-Davidson, Davidson County, Middle Tennessee, Tennessee, 37201, United States"
36.17823791503906,-86.80946350097656,"1727, 17th Avenue North, North Nashville, Nashville-Davidson, Davidson County, Middle Tennessee, Tennessee, 37208, United States"
36.15974807739258,-86.80644989013672,"Spruce Street, Nashville-Davidson, Davidson County, Middle Tennessee, Tennessee, 37203, United States"
36.20121383666992,-86.76527404785156,"312, Marshall Street, Nashville-Davidson, Davidson County, Middle Tennessee, Tennessee, 37207, United States"
36.14181518554688,-86.81310272216797,"201, 30th Avenue South, Nashville-Davidson, Davidson County, Middle Tennessee, Tennessee, 37212, United States"
36.19328689575195,-86.76313018798828,"LISCHEY AVE & RICHARDSON AVE NB, Lischey Avenue, Nashville-Davidson, Davidson County, Middle Tennessee, Tennessee, 37207, United States"
36.15499496459961,-86.77050018310547,"President Ronald Reagan Way, Downtown Nashville, Nashville-Davidson, Davidson County, Middle Tennessee, Tennessee, 37210, United States"
