Name,Description,Coordinates,Hotel Class,Link,Ratings,Reviews,Reviews Breakdown
Spring Hill Home - 3 Mi to Weeki Wachee Springs!,N/A,"{'latitude': 28.50238037109375, 'longitude': -82.55119323730469}",N/A,http://g.rentalsunited.com/gate.aspx?uid=554691&url=1&pid=3785569&lc=google,N/A,3,N/A
Warm and Cozy,N/A,"{'latitude': 28.4478702545166, 'longitude': -82.58537292480469}",N/A,https://www.vacasa.com/unit/122142,N/A,1,N/A
Solar Retreat,N/A,"{'latitude': 28.502384185791016, 'longitude': -82.59317016601562}",N/A,https://www.vacasa.com/unit/111063,N/A,30,N/A
Nature's Coast Retreat,N/A,"{'latitude': 28.438570022583008, 'longitude': -82.60283660888672}",N/A,N/A,N/A,13,N/A
"Adventure Coast: 2/2 Near Springs, Beach, Hot Tub",N/A,"{'latitude': 28.449180603027344, 'longitude': -82.57781219482422}",N/A,https://adventurecoastproperty.staycation.igms.com/listings/HO64L5KMMPDFHS4B,N/A,N/A,N/A
Pineapple Express,N/A,"{'latitude': 28.499330520629883, 'longitude': -82.5599136352539}",N/A,N/A,N/A,N/A,N/A
"Cozy small room , 3 minutes from weeki wachee Florida",N/A,"{'latitude': 28.503299713134766, 'longitude': -82.56268310546875}",N/A,https://www.bluepillow.com/search?p_id=589dfd677c00cb10c8dacd3a&dest=bpex&cat=House&accomodationids=65cb95a83e6d928972fd01be,N/A,N/A,N/A
NATURE COAST RETREAT  ENTIRE HOME WITH PRIVATE POOL,N/A,"{'latitude': 28.50183868408203, 'longitude': -82.56365966796875}",N/A,N/A,N/A,33,N/A
The Little Sweet Home,N/A,"{'latitude': 28.45806121826172, 'longitude': -82.533447265625}",N/A,https://www.vrbo.com/3132580?MDPCID=VRBO-META.HPA.WEB-ORGANIC.VR,N/A,16,N/A
Spring Hill Home: 5 Mi to Weeki Wachee Park!,N/A,"{'latitude': 28.516220092773438, 'longitude': -82.5076675415039}",N/A,https://www.bluepillow.com/search?p_id=589dfd677c00cb10c8dacd3a&dest=bpvr&cat=Cottage&accomodationids=65cb3ef3245fbfcb1b857251,N/A,N/A,N/A
Serenity Spring,N/A,"{'latitude': 28.50160026550293, 'longitude': -82.54069519042969}",N/A,https://booking.blueroseretreats.com/property/spring-breeze,N/A,N/A,N/A
Spring Hill Home w/ Private Pool & Games!,N/A,"{'latitude': 28.49884796142578, 'longitude': -82.58858489990234}",N/A,http://g.rentalsunited.com/gate.aspx?uid=554691&url=1&pid=3579950&lc=google,N/A,17,N/A
Charming efficiency with WiFi and AC in Spring Hill,N/A,"{'latitude': 28.44974136352539, 'longitude': -82.49406433105469}",N/A,N/A,N/A,1,N/A
"Spring Hill Home - Pool, Grill & Golf Course Views",N/A,"{'latitude': 28.50210952758789, 'longitude': -82.55447387695312}",N/A,http://g.rentalsunited.com/gate.aspx?uid=554691&url=1&pid=3547242&lc=google,N/A,9,N/A
Spring Hill Home W/ Lanai: ~ 1 Mi To Weeki Wachee,N/A,"{'latitude': 28.509899139404297, 'longitude': -82.56230163574219}",N/A,https://www.super.com/travel/hotels/W0Mn2wal?utm_source=gha_vr&utm_campaign=static,N/A,N/A,N/A
135 m² Ferienhaus ∙ 3 Schlafzimmer ∙ 6 Gäste,N/A,"{'latitude': 28.442920684814453, 'longitude': -82.6103515625}",N/A,https://www.e-domizil.at/rental/ee0321d28b92df1e?adword=edom_gvf/DE/s/ct=s/n-a/n-a/5460aeac1d0f1&utm_source=gvf,N/A,N/A,N/A
Spring Hill Home with Screened Lanai and Heated Pool!,N/A,"{'latitude': 28.453935623168945, 'longitude': -82.551513671875}",N/A,https://www.booking.com/hotel/us/spring-hill-home-with-screened-patio-and-heated-pool.en.html?aid=2068758;label=seogooglelocal-link-imagesaow-hotel-12124616_grp-0_gendate-20240917;utm_source=seogooglelocal;utm_medium=description;utm_term=hotel-12124616;utm_campaign=en,N/A,1,N/A
Cozy little apartment in Sprin Hill!,N/A,"{'latitude': 28.467117309570312, 'longitude': -82.54849243164062}",N/A,N/A,N/A,11,N/A
