Name,Description,Coordinates,Hotel Class,Link,Ratings,Reviews,Reviews Breakdown
All modern Studio with private entry  parking.,N/A,"{'latitude': 27.920589447021484, 'longitude': -82.2760009765625}",N/A,N/A,N/A,38,N/A
3/2 Modern Valrico Entire Home,N/A,"{'latitude': 27.92766571044922, 'longitude': -82.24922943115234}",N/A,N/A,N/A,N/A,N/A
Valrico's Hidden Gem: A Stunning 3-Bedroom Oasis Awaits!,N/A,"{'latitude': 27.960384368896484, 'longitude': -82.23377990722656}",N/A,https://www.emperorrentals.com/golf-course-community-amazing-home-for-8-guests-orp5b62636x,N/A,23,N/A
Valrico Vacation Rental ~ 10 Mi to Dinosaur World!,N/A,"{'latitude': 27.93483543395996, 'longitude': -82.25794982910156}",N/A,http://g.rentalsunited.com/gate.aspx?uid=554691&url=1&pid=3816224&lc=google,N/A,N/A,N/A
Elegant Valrico Home ~ 15 Mi to Downtown Tampa!,N/A,"{'latitude': 27.92000389099121, 'longitude': -82.240478515625}",N/A,http://g.rentalsunited.com/gate.aspx?uid=554691&url=1&pid=3127159&lc=google,N/A,46,N/A
Family Paradise | Free Heated Pool,N/A,"{'latitude': 27.955162048339844, 'longitude': -82.26887512207031}",N/A,https://floridafamilyparadise.com/,N/A,127,N/A
"Charming 1-bedroom apartment with AC, WiFi in peaceful Valrico",N/A,"{'latitude': 27.966310501098633, 'longitude': -82.26386260986328}",N/A,N/A,N/A,1,N/A
Beautiful home in Valrico FL,N/A,"{'latitude': 27.93100929260254, 'longitude': -82.243896484375}",N/A,https://www.bluepillow.com/search?p_id=589dfd647c00cb10c8dacd0b&dest=bpex&cat=House&accomodationids=65cb978a3e6d928972fd9a0e,N/A,N/A,N/A
Idyllic Brandon Home w/ Fenced Yard & Patio!,N/A,"{'latitude': 27.95613670349121, 'longitude': -82.28479766845703}",N/A,https://www.us.despegar.com/hotels/h-4774408,N/A,N/A,N/A
Spacious Brandon Home w/ Private Outdoor Pool,N/A,"{'latitude': 27.96112823486328, 'longitude': -82.28118133544922}",N/A,http://g.rentalsunited.com/gate.aspx?uid=554691&url=1&pid=3236417&lc=google,N/A,7,N/A
"Exquisite Retreat with Heated Pool for 14 Guests, Pool Table Paradise!",N/A,"{'latitude': 27.911415100097656, 'longitude': -82.28024291992188}",N/A,https://www.emperorrentals.com/heated-pool-house-14-ppl-stunning-pool-table-orp5b63728x,N/A,29,N/A
Exciting Valrico Villa w/ Private Pool & Game Room,N/A,"{'latitude': 27.918729782104492, 'longitude': -82.26068878173828}",N/A,http://g.rentalsunited.com/gate.aspx?uid=554691&url=1&pid=3761339&lc=google,N/A,3,N/A
My Quiet Place in Brandon,N/A,"{'latitude': 27.95857048034668, 'longitude': -82.27178955078125}",N/A,N/A,N/A,15,N/A
Lake Front - Corner Unit - 2 Bedroom 2 Bath,N/A,"{'latitude': 27.92935562133789, 'longitude': -82.2822265625}",N/A,N/A,N/A,115,N/A
Cozy Valrico Home w/ Grill ~ 14 Mi to Tampa!,N/A,"{'latitude': 27.90704917907715, 'longitude': -82.26023864746094}",N/A,N/A,N/A,N/A,N/A
Seasonal Cottage-Brandon Fl. Lake view 813-376-5015,N/A,"{'latitude': 27.953479766845703, 'longitude': -82.28807067871094}",N/A,https://www.bluepillow.com/search?p_id=589dfd8d7c00cb10c8dacf9b&dest=bpvr&cat=Cottage&accomodationids=621751daa7239796806bc2a8,N/A,15,N/A
Peaceful - Private Hideaway - Huge Yard,N/A,"{'latitude': 27.945388793945312, 'longitude': -82.22129821777344}",N/A,https://www.us.despegar.com/hotels/h-5948998,N/A,N/A,N/A
"New Inside, Large family home! Furnished w\/utils, stay 1-6 months.",N/A,"{'latitude': 27.911479949951172, 'longitude': -82.21562957763672}",N/A,https://deals.vio.com?sig=73aca13c7f952d2641c156f3e69125e1eb497c325f122828ee5aa8797168b9a12d32303331333438363233&turl=https%3A%2F%2Fwww.vio.com%2FHotel%2FSearch%3FhotelId%3D77497655%26utm_source%3Dgha-vr%26utm_campaign%3Dstatic%26openHotelDetails%3D1,N/A,N/A,N/A
