Name,Description,Coordinates,Hotel Class,Link,Ratings,Reviews,Reviews Breakdown
Tree-Lined Indianapolis Home ~ 10 Mi to Downtown!,N/A,"{'latitude': 39.91316604614258, 'longitude': -86.12466430664062}",N/A,http://g.rentalsunited.com/gate.aspx?uid=554691&url=1&pid=3581445&lc=google,N/A,14,N/A
Tree-Lined Indianapolis Home about 10 Mi to Downtown!,N/A,"{'latitude': 39.91315841674805, 'longitude': -86.12467193603516}",N/A,N/A,N/A,N/A,N/A
Arts & Design District Condo: Steps to Monon Trail,N/A,"{'latitude': 39.97858810424805, 'longitude': -86.1304931640625}",N/A,http://g.rentalsunited.com/gate.aspx?uid=554691&url=1&pid=3090435&lc=google,N/A,301,N/A
Old Towne Carmel Bed And Breakfast,N/A,"{'latitude': 39.98270034790039, 'longitude': -86.12840270996094}",N/A,https://www.super.com/travel/hotels/DlZB4DEl?utm_source=gha_vr&utm_campaign=static,N/A,43,N/A
The WhiteHouse ! Your Private Oasis in Carmel,N/A,"{'latitude': 39.973548889160156, 'longitude': -86.19330596923828}",N/A,N/A,N/A,55,N/A
Garden Cottage - INDY/CARMEL/DWNTWN/MONON TRAIL/GRAND PARK,N/A,"{'latitude': 39.91550827026367, 'longitude': -86.1694107055664}",N/A,N/A,N/A,281,N/A
Old Towne Carmel Bed and Breakfast,N/A,"{'latitude': 39.98271942138672, 'longitude': -86.12837982177734}",N/A,https://deals.vio.com?sig=73aca13c7f952d2641c156f3e69125e1eb497c325f122828ee5aa8797168b9a12d32303331333438363233&turl=https%3A%2F%2Fwww.vio.com%2FHotel%2FSearch%3FhotelId%3D4212434%26utm_source%3Dgha-vr%26utm_campaign%3Dstatic%26openHotelDetails%3D1,N/A,N/A,N/A
Landing at The Springs Waterside Luxury - 2 Bedrooms in Westchester Estates,N/A,"{'latitude': 39.91437911987305, 'longitude': -86.20092010498047}",N/A,https://landing.holidayfuture.com/listings/224849?googleVR=1,N/A,N/A,N/A
"2-bedroom apt in log home, minutes from Grand Park",N/A,"{'latitude': 40.0235710144043, 'longitude': -86.09126281738281}",N/A,https://www.bluepillow.com/search?p_id=589dfcc57c00cb10c8dac635&dest=bpvr&cat=Apartment&accomodationids=65cc5d59d1633aac917c227d,N/A,N/A,N/A
Modern Condo in the Heart of Carmel IN,N/A,"{'latitude': 39.978641510009766, 'longitude': -86.12935638427734}",N/A,N/A,N/A,24,N/A
Condo ∙ 2 bedrooms ∙ 8 guests,N/A,"{'latitude': 39.945838928222656, 'longitude': -86.15454864501953}",N/A,N/A,N/A,N/A,N/A
"Prime Location, Heart of Carmel",N/A,"{'latitude': 39.98631286621094, 'longitude': -86.11175537109375}",N/A,https://lazysundayrentals.directstays.com/property/cozyincarmel,N/A,32,N/A
"The Whitehouse Suite
Your Personal  Entertainment Space!",N/A,"{'latitude': 39.97025680541992, 'longitude': -86.19878387451172}",N/A,N/A,N/A,3,N/A
Incredibly Spacious Carmel Home With Fully Equipped Kitchen - 4700 Sq Ft! Sleeps 15! Pet Friendly! 6 Bedroom Home by Redawning,N/A,"{'latitude': 39.994998931884766, 'longitude': -86.21549987792969}",N/A,https://www.us.despegar.com/hotels/h-4224365,N/A,N/A,N/A
Landing at North Haven - 1 Bedroom in Nora,N/A,"{'latitude': 39.93284606933594, 'longitude': -86.09054565429688}",N/A,https://landing.holidayfuture.com/listings/225148?googleVR=1,N/A,N/A,N/A
Newly Renovated Condo in the Heart of the Village of West Clay.,N/A,"{'latitude': 39.9741096496582, 'longitude': -86.1958999633789}",N/A,N/A,N/A,N/A,N/A
Vrbo Property,N/A,"{'latitude': 39.984222412109375, 'longitude': -86.12882232666016}",N/A,https://www.us.despegar.com/hotels/h-6166368,N/A,N/A,N/A
Luxurious 1-Bedroom Fishers,N/A,"{'latitude': 39.96450424194336, 'longitude': -86.0223617553711}",N/A,https://stay.micgamag.com/listings/148967?googleVR=1,N/A,140,N/A
