Name,Description,Coordinates,Hotel Class,Link,Ratings,Reviews,Reviews Breakdown
"Chic 2-Bedroom, Whitestown",N/A,"{'latitude': 39.957275390625, 'longitude': -86.35707092285156}",N/A,https://stay.micgamag.com/listings/148952?googleVR=1,N/A,80,N/A
Zionsville Luxury 1BR w/ Balcony,N/A,"{'latitude': 39.9472541809082, 'longitude': -86.33333587646484}",N/A,https://www.vrbo.com/3759624?MDPCID=VRBO-META.HPA.WEB-ORGANIC.VR,N/A,3,N/A
Zionsville Luxury 1BR w/Balcony,N/A,"{'latitude': 39.947288513183594, 'longitude': -86.33319854736328}",N/A,https://www.bluepillow.com/search?p_id=589dfebb7c00cb10c8dae0ea&dest=bkng&cat=Apartment&accomodationids=6582e3ba6c560103cb45538b,N/A,N/A,N/A
Luxurious One Bedroom Whitestown,N/A,"{'latitude': 39.94601821899414, 'longitude': -86.35965728759766}",N/A,N/A,N/A,4,N/A
Cozy 2 BR Apartment in Whitestown A106,N/A,"{'latitude': 39.97352600097656, 'longitude': -86.35171508789062}",N/A,https://www.us.despegar.com/hotels/h-5812036,N/A,N/A,N/A
Corporate Housing by MGM,N/A,"{'latitude': 39.95646667480469, 'longitude': -86.35897827148438}",N/A,https://stay.micgamag.com/listings/243106?googleVR=1,N/A,17,N/A
Charming 1-BD Retreat Tranquil Zionsville,N/A,"{'latitude': 39.94662094116211, 'longitude': -86.33379364013672}",N/A,N/A,N/A,N/A,N/A
Landing at Alinium Apartments - 2 Bedrooms in Downtown Zionsville,N/A,"{'latitude': 39.94770431518555, 'longitude': -86.33383178710938}",N/A,https://landing.holidayfuture.com/listings/224340?googleVR=1,N/A,N/A,N/A
Modern farmhouse in the Woods,N/A,"{'latitude': 40.00932312011719, 'longitude': -86.29142761230469}",N/A,https://mmfdmanagament.hospitable.rentals/property/modern-farmhouse-in-the-woods,N/A,10,N/A
Two Bedroom by Zionsville C107,N/A,"{'latitude': 39.963748931884766, 'longitude': -86.33980560302734}",N/A,https://www.us.despegar.com/hotels/h-5811954,N/A,N/A,N/A
Spacious Zionsville 1BR w/Balcony,N/A,"{'latitude': 39.947261810302734, 'longitude': -86.33379364013672}",N/A,https://www.bluepillow.com/search?p_id=589dfebb7c00cb10c8dae0ea&dest=bkng&cat=House&accomodationids=654cb16b3011da1e8b78ef33,N/A,N/A,N/A
Modern Cozy 2-bdrm 2-bath Escape,N/A,"{'latitude': 39.94807815551758, 'longitude': -86.35562133789062}",N/A,N/A,N/A,2,N/A
"Luxury, Upscale 2 Bedroom Apartment",N/A,"{'latitude': 39.98392868041992, 'longitude': -86.34488677978516}",N/A,https://www.vrbo.com/3932062?MDPCID=VRBO-META.HPA.WEB-ORGANIC.VR,N/A,N/A,N/A
"Oliver Capital | Cozy, Entertainment Suite",N/A,"{'latitude': 39.95601272583008, 'longitude': -86.359619140625}",N/A,N/A,N/A,1,N/A
Studio with kitchen,N/A,"{'latitude': 39.99729919433594, 'longitude': -86.34661102294922}",N/A,https://www.bluepillow.com/search?p_id=589dfebb7c00cb10c8dae0e7&dest=bkng&cat=House&accomodationids=6582e1dd6c560103cb44d72e,N/A,N/A,N/A
Perfect Two Bedroom C104,N/A,"{'latitude': 39.964500427246094, 'longitude': -86.34260559082031}",N/A,https://www.us.despegar.com/hotels/h-5812142,N/A,N/A,N/A
An Exquisite 3 Rooms Townhome in Zionsville Suitable for Long-Term Stays,N/A,"{'latitude': 39.947383880615234, 'longitude': -86.33328247070312}",N/A,N/A,N/A,1,N/A
Florence Cottage~Modern Country,N/A,"{'latitude': 39.99055862426758, 'longitude': -86.36099243164062}",N/A,https://mmfdmanagament.hospitable.rentals/property/florence-cottagemodern-country,N/A,81,N/A
